id_badan_usaha,kode_kbli,sektor_industri,skala_usaha,provinsi,scenario_worker_count_delta_current,wage_gap_current_rp,estimated_exposure_current_synthetic_rp,payment_state_current,synthetic_target_risk_mode,ml_status,is_synthetic
BU-0001,I,Penyediaan Akomodasi dan F&B,Menengah,Jawa Timur,0,0,0,PAID_ON_TIME,NORMAL,CANDIDATE_ONLY__REQUIRES_LEAKAGE_LABEL_AND_EVALUATION_AUDIT,True
BU-0002,G,Perdagangan Besar dan Eceran,Menengah,Riau,0,1270000,9017000,PAID_ON_TIME,WAGE_REPORTING_GAP,CANDIDATE_ONLY__REQUIRES_LEAKAGE_LABEL_AND_EVALUATION_AUDIT,True
BU-0003,N,Jasa Penunjang Usaha / Outsourcing / Security,Menengah,Sumatera Utara,0,1216000,3830400,PAID_ON_TIME,WAGE_REPORTING_GAP,CANDIDATE_ONLY__REQUIRES_LEAKAGE_LABEL_AND_EVALUATION_AUDIT,True
BU-0004,F,Konstruksi & Infrastruktur,Mikro,Sulawesi Selatan,0,0,0,PAID_ON_TIME,NORMAL,CANDIDATE_ONLY__REQUIRES_LEAKAGE_LABEL_AND_EVALUATION_AUDIT,True
BU-0005,C,Industri Pengolahan / Manufaktur,Kecil,Bali,11,1066000,7402500,UNPAID,MULTI_SIGNAL,CANDIDATE_ONLY__REQUIRES_LEAKAGE_LABEL_AND_EVALUATION_AUDIT,True
BU-0006,A,Pertanian / Perkebunan / Kehutanan,Menengah,Jawa Timur,0,0,0,PAID_ON_TIME,NORMAL,CANDIDATE_ONLY__REQUIRES_LEAKAGE_LABEL_AND_EVALUATION_AUDIT,True
BU-0007,J,Informasi dan Komunikasi / Teknologi,Menengah,Sumatera Utara,35,0,12094250,PAID_ON_TIME,WORKER_REGISTRATION_GAP,CANDIDATE_ONLY__REQUIRES_LEAKAGE_LABEL_AND_EVALUATION_AUDIT,True
BU-0008,K,Jasa Keuangan / Pembiayaan / Asuransi,Menengah,Kalimantan Timur,0,0,0,PAID_ON_TIME,NORMAL,CANDIDATE_ONLY__REQUIRES_LEAKAGE_LABEL_AND_EVALUATION_AUDIT,True
BU-0009,N,Jasa Penunjang Usaha / Outsourcing / Security,Besar,Sumatera Utara,0,0,224985600,UNPAID,CONTRIBUTION_PAYMENT_GAP,CANDIDATE_ONLY__REQUIRES_LEAKAGE_LABEL_AND_EVALUATION_AUDIT,True
BU-0010,A,Pertanian / Perkebunan / Kehutanan,Kecil,Kalimantan Timur,0,0,0,PAID_ON_TIME,NORMAL,CANDIDATE_ONLY__REQUIRES_LEAKAGE_LABEL_AND_EVALUATION_AUDIT,True
BU-0011,H,"Transportasi, Pergudangan & Logistik",Kecil,Bali,0,788000,2048800,PAID_ON_TIME,WAGE_REPORTING_GAP,CANDIDATE_ONLY__REQUIRES_LEAKAGE_LABEL_AND_EVALUATION_AUDIT,True
BU-0012,N,Jasa Penunjang Usaha / Outsourcing / Security,Kecil,Riau,0,0,0,PAID_ON_TIME,NORMAL,CANDIDATE_ONLY__REQUIRES_LEAKAGE_LABEL_AND_EVALUATION_AUDIT,True
BU-0013,A,Pertanian / Perkebunan / Kehutanan,Kecil,Jawa Barat,0,0,0,PAID_ON_TIME,NORMAL,CANDIDATE_ONLY__REQUIRES_LEAKAGE_LABEL_AND_EVALUATION_AUDIT,True
BU-0014,I,Penyediaan Akomodasi dan F&B,Mikro,Riau,0,0,0,PAID_ON_TIME,NORMAL,CANDIDATE_ONLY__REQUIRES_LEAKAGE_LABEL_AND_EVALUATION_AUDIT,True
BU-0015,Q,Pelayanan Kesehatan Swasta,Kecil,Jawa Timur,22,0,6250200,PAID_ON_TIME,WORKER_REGISTRATION_GAP,CANDIDATE_ONLY__REQUIRES_LEAKAGE_LABEL_AND_EVALUATION_AUDIT,True
BU-0016,F,Konstruksi & Infrastruktur,Menengah,Kalimantan Timur,0,0,0,PAID_ON_TIME,NORMAL,CANDIDATE_ONLY__REQUIRES_LEAKAGE_LABEL_AND_EVALUATION_AUDIT,True
BU-0017,Q,Pelayanan Kesehatan Swasta,Menengah,Jawa Timur,0,0,51496200,UNPAID,CONTRIBUTION_PAYMENT_GAP,CANDIDATE_ONLY__REQUIRES_LEAKAGE_LABEL_AND_EVALUATION_AUDIT,True
BU-0018,Q,Pelayanan Kesehatan Swasta,Kecil,Banten,0,0,0,PAID_ON_TIME,NORMAL,CANDIDATE_ONLY__REQUIRES_LEAKAGE_LABEL_AND_EVALUATION_AUDIT,True
BU-0019,Q,Pelayanan Kesehatan Swasta,Menengah,DKI Jakarta,0,0,0,PAID_ON_TIME,NORMAL,CANDIDATE_ONLY__REQUIRES_LEAKAGE_LABEL_AND_EVALUATION_AUDIT,True
BU-0020,K,Jasa Keuangan / Pembiayaan / Asuransi,Kecil,Jawa Barat,0,0,0,PAID_ON_TIME,NORMAL,CANDIDATE_ONLY__REQUIRES_LEAKAGE_LABEL_AND_EVALUATION_AUDIT,True
BU-0021,H,"Transportasi, Pergudangan & Logistik",Menengah,Sulawesi Selatan,74,0,29925600,PAID_ON_TIME,WORKER_REGISTRATION_GAP,CANDIDATE_ONLY__REQUIRES_LEAKAGE_LABEL_AND_EVALUATION_AUDIT,True
BU-0022,A,Pertanian / Perkebunan / Kehutanan,Kecil,Jawa Timur,8,0,1893200,PAID_ON_TIME,WORKER_REGISTRATION_GAP,CANDIDATE_ONLY__REQUIRES_LEAKAGE_LABEL_AND_EVALUATION_AUDIT,True
BU-0023,I,Penyediaan Akomodasi dan F&B,Mikro,Jawa Timur,0,0,0,PAID_ON_TIME,NORMAL,CANDIDATE_ONLY__REQUIRES_LEAKAGE_LABEL_AND_EVALUATION_AUDIT,True
BU-0024,F,Konstruksi & Infrastruktur,Menengah,Jawa Barat,0,0,0,PAID_ON_TIME,NORMAL,CANDIDATE_ONLY__REQUIRES_LEAKAGE_LABEL_AND_EVALUATION_AUDIT,True
BU-0025,J,Informasi dan Komunikasi / Teknologi,Menengah,Jawa Tengah,0,1848000,17740800,PAID_ON_TIME,WAGE_REPORTING_GAP,CANDIDATE_ONLY__REQUIRES_LEAKAGE_LABEL_AND_EVALUATION_AUDIT,True
BU-0026,A,Pertanian / Perkebunan / Kehutanan,Menengah,Sulawesi Selatan,0,0,0,PAID_ON_TIME,NORMAL,CANDIDATE_ONLY__REQUIRES_LEAKAGE_LABEL_AND_EVALUATION_AUDIT,True
BU-0027,Q,Pelayanan Kesehatan Swasta,Mikro,Jawa Tengah,0,0,0,PAID_ON_TIME,NORMAL,CANDIDATE_ONLY__REQUIRES_LEAKAGE_LABEL_AND_EVALUATION_AUDIT,True
BU-0028,H,"Transportasi, Pergudangan & Logistik",Kecil,Jawa Barat,0,0,0,PAID_ON_TIME,NORMAL,CANDIDATE_ONLY__REQUIRES_LEAKAGE_LABEL_AND_EVALUATION_AUDIT,True
BU-0029,K,Jasa Keuangan / Pembiayaan / Asuransi,Menengah,Jawa Timur,0,0,0,PAID_ON_TIME,NORMAL,CANDIDATE_ONLY__REQUIRES_LEAKAGE_LABEL_AND_EVALUATION_AUDIT,True
BU-0030,N,Jasa Penunjang Usaha / Outsourcing / Security,Mikro,Bali,0,0,0,PAID_ON_TIME,NORMAL,CANDIDATE_ONLY__REQUIRES_LEAKAGE_LABEL_AND_EVALUATION_AUDIT,True
BU-0031,A,Pertanian / Perkebunan / Kehutanan,Kecil,Riau,22,0,8562400,PAID_ON_TIME,WORKER_REGISTRATION_GAP,CANDIDATE_ONLY__REQUIRES_LEAKAGE_LABEL_AND_EVALUATION_AUDIT,True
BU-0032,Q,Pelayanan Kesehatan Swasta,Menengah,Sulawesi Selatan,0,1834000,5593700,PAID_ON_TIME,WAGE_REPORTING_GAP,CANDIDATE_ONLY__REQUIRES_LEAKAGE_LABEL_AND_EVALUATION_AUDIT,True
BU-0033,I,Penyediaan Akomodasi dan F&B,Mikro,Kalimantan Timur,0,0,0,PAID_ON_TIME,NORMAL,CANDIDATE_ONLY__REQUIRES_LEAKAGE_LABEL_AND_EVALUATION_AUDIT,True
BU-0034,N,Jasa Penunjang Usaha / Outsourcing / Security,Menengah,Bali,0,0,0,PAID_ON_TIME,NORMAL,CANDIDATE_ONLY__REQUIRES_LEAKAGE_LABEL_AND_EVALUATION_AUDIT,True
BU-0035,J,Informasi dan Komunikasi / Teknologi,Kecil,Banten,0,0,0,PAID_ON_TIME,NORMAL,CANDIDATE_ONLY__REQUIRES_LEAKAGE_LABEL_AND_EVALUATION_AUDIT,True
BU-0036,H,"Transportasi, Pergudangan & Logistik",Kecil,Jawa Barat,0,676000,1081600,PAID_ON_TIME,WAGE_REPORTING_GAP,CANDIDATE_ONLY__REQUIRES_LEAKAGE_LABEL_AND_EVALUATION_AUDIT,True
BU-0037,J,Informasi dan Komunikasi / Teknologi,Kecil,Jawa Tengah,0,0,0,PAID_ON_TIME,NORMAL,CANDIDATE_ONLY__REQUIRES_LEAKAGE_LABEL_AND_EVALUATION_AUDIT,True
BU-0038,H,"Transportasi, Pergudangan & Logistik",Kecil,Jawa Timur,9,0,3173400,PAID_ON_TIME,WORKER_REGISTRATION_GAP,CANDIDATE_ONLY__REQUIRES_LEAKAGE_LABEL_AND_EVALUATION_AUDIT,True
BU-0039,A,Pertanian / Perkebunan / Kehutanan,Besar,Jawa Tengah,0,1121000,37665600,PAID_ON_TIME,WAGE_REPORTING_GAP,CANDIDATE_ONLY__REQUIRES_LEAKAGE_LABEL_AND_EVALUATION_AUDIT,True
BU-0040,J,Informasi dan Komunikasi / Teknologi,Kecil,Jawa Barat,19,0,6784900,PAID_ON_TIME,WORKER_REGISTRATION_GAP,CANDIDATE_ONLY__REQUIRES_LEAKAGE_LABEL_AND_EVALUATION_AUDIT,True
BU-0041,G,Perdagangan Besar dan Eceran,Mikro,Bali,2,890000,1236250,UNPAID,MULTI_SIGNAL,CANDIDATE_ONLY__REQUIRES_LEAKAGE_LABEL_AND_EVALUATION_AUDIT,True
BU-0042,Q,Pelayanan Kesehatan Swasta,Kecil,Riau,8,0,1684000,PAID_ON_TIME,WORKER_REGISTRATION_GAP,CANDIDATE_ONLY__REQUIRES_LEAKAGE_LABEL_AND_EVALUATION_AUDIT,True
BU-0043,H,"Transportasi, Pergudangan & Logistik",Menengah,Banten,0,997000,5633050,PAID_ON_TIME,WAGE_REPORTING_GAP,CANDIDATE_ONLY__REQUIRES_LEAKAGE_LABEL_AND_EVALUATION_AUDIT,True
BU-0044,N,Jasa Penunjang Usaha / Outsourcing / Security,Menengah,Sumatera Utara,76,0,34971400,PAID_ON_TIME,WORKER_REGISTRATION_GAP,CANDIDATE_ONLY__REQUIRES_LEAKAGE_LABEL_AND_EVALUATION_AUDIT,True
BU-0045,A,Pertanian / Perkebunan / Kehutanan,Kecil,Riau,0,0,0,PAID_ON_TIME,NORMAL,CANDIDATE_ONLY__REQUIRES_LEAKAGE_LABEL_AND_EVALUATION_AUDIT,True
BU-0046,A,Pertanian / Perkebunan / Kehutanan,Mikro,Sulawesi Selatan,12,0,3247800,PAID_ON_TIME,WORKER_REGISTRATION_GAP,CANDIDATE_ONLY__REQUIRES_LEAKAGE_LABEL_AND_EVALUATION_AUDIT,True
BU-0047,F,Konstruksi & Infrastruktur,Kecil,Jawa Tengah,4,1277000,3546500,UNPAID,MULTI_SIGNAL,CANDIDATE_ONLY__REQUIRES_LEAKAGE_LABEL_AND_EVALUATION_AUDIT,True
BU-0048,J,Informasi dan Komunikasi / Teknologi,Menengah,Bali,0,0,0,PAID_ON_TIME,NORMAL,CANDIDATE_ONLY__REQUIRES_LEAKAGE_LABEL_AND_EVALUATION_AUDIT,True
BU-0049,A,Pertanian / Perkebunan / Kehutanan,Besar,Sulawesi Selatan,0,0,0,PAID_ON_TIME,NORMAL,CANDIDATE_ONLY__REQUIRES_LEAKAGE_LABEL_AND_EVALUATION_AUDIT,True
BU-0050,G,Perdagangan Besar dan Eceran,Menengah,Kalimantan Timur,0,0,0,PAID_ON_TIME,NORMAL,CANDIDATE_ONLY__REQUIRES_LEAKAGE_LABEL_AND_EVALUATION_AUDIT,True
BU-0051,C,Industri Pengolahan / Manufaktur,Kecil,Sumatera Utara,0,0,0,PAID_ON_TIME,NORMAL,CANDIDATE_ONLY__REQUIRES_LEAKAGE_LABEL_AND_EVALUATION_AUDIT,True
BU-0052,F,Konstruksi & Infrastruktur,Besar,Jawa Barat,241,0,133610400,PAID_ON_TIME,WORKER_REGISTRATION_GAP,CANDIDATE_ONLY__REQUIRES_LEAKAGE_LABEL_AND_EVALUATION_AUDIT,True
BU-0053,I,Penyediaan Akomodasi dan F&B,Kecil,Jawa Timur,8,0,1496800,PAID_ON_TIME,WORKER_REGISTRATION_GAP,CANDIDATE_ONLY__REQUIRES_LEAKAGE_LABEL_AND_EVALUATION_AUDIT,True
BU-0054,H,"Transportasi, Pergudangan & Logistik",Kecil,Sulawesi Selatan,0,0,0,PAID_ON_TIME,NORMAL,CANDIDATE_ONLY__REQUIRES_LEAKAGE_LABEL_AND_EVALUATION_AUDIT,True
BU-0055,A,Pertanian / Perkebunan / Kehutanan,Menengah,Bali,0,0,29085000,UNPAID,CONTRIBUTION_PAYMENT_GAP,CANDIDATE_ONLY__REQUIRES_LEAKAGE_LABEL_AND_EVALUATION_AUDIT,True
BU-0056,A,Pertanian / Perkebunan / Kehutanan,Kecil,Jawa Tengah,14,0,4063500,PAID_ON_TIME,WORKER_REGISTRATION_GAP,CANDIDATE_ONLY__REQUIRES_LEAKAGE_LABEL_AND_EVALUATION_AUDIT,True
BU-0057,F,Konstruksi & Infrastruktur,Menengah,Riau,0,1579000,13895200,PAID_ON_TIME,WAGE_REPORTING_GAP,CANDIDATE_ONLY__REQUIRES_LEAKAGE_LABEL_AND_EVALUATION_AUDIT,True
BU-0058,Q,Pelayanan Kesehatan Swasta,Menengah,Sulawesi Selatan,0,0,0,PAID_ON_TIME,NORMAL,CANDIDATE_ONLY__REQUIRES_LEAKAGE_LABEL_AND_EVALUATION_AUDIT,True
BU-0059,J,Informasi dan Komunikasi / Teknologi,Menengah,Bali,0,0,68122600,UNPAID,CONTRIBUTION_PAYMENT_GAP,CANDIDATE_ONLY__REQUIRES_LEAKAGE_LABEL_AND_EVALUATION_AUDIT,True
BU-0060,I,Penyediaan Akomodasi dan F&B,Kecil,Bali,18,823000,9376700,UNPAID,MULTI_SIGNAL,CANDIDATE_ONLY__REQUIRES_LEAKAGE_LABEL_AND_EVALUATION_AUDIT,True
BU-0061,J,Informasi dan Komunikasi / Teknologi,Kecil,Sumatera Utara,0,0,0,PAID_ON_TIME,NORMAL,CANDIDATE_ONLY__REQUIRES_LEAKAGE_LABEL_AND_EVALUATION_AUDIT,True
BU-0062,G,Perdagangan Besar dan Eceran,Kecil,Riau,13,0,4987450,PAID_ON_TIME,WORKER_REGISTRATION_GAP,CANDIDATE_ONLY__REQUIRES_LEAKAGE_LABEL_AND_EVALUATION_AUDIT,True
BU-0063,J,Informasi dan Komunikasi / Teknologi,Besar,Jawa Timur,0,1866000,61578000,PAID_ON_TIME,WAGE_REPORTING_GAP,CANDIDATE_ONLY__REQUIRES_LEAKAGE_LABEL_AND_EVALUATION_AUDIT,True
BU-0064,N,Jasa Penunjang Usaha / Outsourcing / Security,Besar,Bali,0,0,309265600,UNPAID,CONTRIBUTION_PAYMENT_GAP,CANDIDATE_ONLY__REQUIRES_LEAKAGE_LABEL_AND_EVALUATION_AUDIT,True
BU-0065,A,Pertanian / Perkebunan / Kehutanan,Menengah,Banten,0,0,0,PAID_ON_TIME,NORMAL,CANDIDATE_ONLY__REQUIRES_LEAKAGE_LABEL_AND_EVALUATION_AUDIT,True
BU-0066,C,Industri Pengolahan / Manufaktur,Besar,Riau,0,0,0,PAID_ON_TIME,NORMAL,CANDIDATE_ONLY__REQUIRES_LEAKAGE_LABEL_AND_EVALUATION_AUDIT,True
BU-0067,H,"Transportasi, Pergudangan & Logistik",Mikro,Bali,0,0,2273000,UNPAID,CONTRIBUTION_PAYMENT_GAP,CANDIDATE_ONLY__REQUIRES_LEAKAGE_LABEL_AND_EVALUATION_AUDIT,True
BU-0068,C,Industri Pengolahan / Manufaktur,Kecil,Jawa Tengah,0,0,0,PAID_ON_TIME,NORMAL,CANDIDATE_ONLY__REQUIRES_LEAKAGE_LABEL_AND_EVALUATION_AUDIT,True
BU-0069,N,Jasa Penunjang Usaha / Outsourcing / Security,Menengah,Riau,0,0,56441700,UNPAID,CONTRIBUTION_PAYMENT_GAP,CANDIDATE_ONLY__REQUIRES_LEAKAGE_LABEL_AND_EVALUATION_AUDIT,True
BU-0070,G,Perdagangan Besar dan Eceran,Menengah,Banten,84,0,38535000,PAID_ON_TIME,WORKER_REGISTRATION_GAP,CANDIDATE_ONLY__REQUIRES_LEAKAGE_LABEL_AND_EVALUATION_AUDIT,True
BU-0071,I,Penyediaan Akomodasi dan F&B,Menengah,Riau,32,0,12817600,PAID_ON_TIME,WORKER_REGISTRATION_GAP,CANDIDATE_ONLY__REQUIRES_LEAKAGE_LABEL_AND_EVALUATION_AUDIT,True
BU-0072,J,Informasi dan Komunikasi / Teknologi,Menengah,Jawa Barat,0,1122000,7741800,PAID_ON_TIME,WAGE_REPORTING_GAP,CANDIDATE_ONLY__REQUIRES_LEAKAGE_LABEL_AND_EVALUATION_AUDIT,True
BU-0073,J,Informasi dan Komunikasi / Teknologi,Mikro,Banten,0,0,0,PAID_ON_TIME,NORMAL,CANDIDATE_ONLY__REQUIRES_LEAKAGE_LABEL_AND_EVALUATION_AUDIT,True
BU-0074,J,Informasi dan Komunikasi / Teknologi,Besar,DKI Jakarta,0,0,0,PAID_ON_TIME,NORMAL,CANDIDATE_ONLY__REQUIRES_LEAKAGE_LABEL_AND_EVALUATION_AUDIT,True
BU-0075,N,Jasa Penunjang Usaha / Outsourcing / Security,Kecil,Kalimantan Timur,0,0,0,PAID_ON_TIME,NORMAL,CANDIDATE_ONLY__REQUIRES_LEAKAGE_LABEL_AND_EVALUATION_AUDIT,True
BU-0076,H,"Transportasi, Pergudangan & Logistik",Menengah,Banten,75,1342000,62232550,UNPAID,MULTI_SIGNAL,CANDIDATE_ONLY__REQUIRES_LEAKAGE_LABEL_AND_EVALUATION_AUDIT,True
BU-0077,A,Pertanian / Perkebunan / Kehutanan,Kecil,Bali,7,737000,3069750,UNPAID,MULTI_SIGNAL,CANDIDATE_ONLY__REQUIRES_LEAKAGE_LABEL_AND_EVALUATION_AUDIT,True
BU-0078,Q,Pelayanan Kesehatan Swasta,Mikro,Sumatera Utara,4,0,717600,PAID_ON_TIME,WORKER_REGISTRATION_GAP,CANDIDATE_ONLY__REQUIRES_LEAKAGE_LABEL_AND_EVALUATION_AUDIT,True
BU-0079,H,"Transportasi, Pergudangan & Logistik",Besar,Jawa Timur,0,0,258854500,UNPAID,CONTRIBUTION_PAYMENT_GAP,CANDIDATE_ONLY__REQUIRES_LEAKAGE_LABEL_AND_EVALUATION_AUDIT,True
BU-0080,Q,Pelayanan Kesehatan Swasta,Kecil,Banten,0,1306000,1828400,PAID_ON_TIME,WAGE_REPORTING_GAP,CANDIDATE_ONLY__REQUIRES_LEAKAGE_LABEL_AND_EVALUATION_AUDIT,True
BU-0081,H,"Transportasi, Pergudangan & Logistik",Kecil,Jawa Barat,22,0,8169700,PAID_ON_TIME,WORKER_REGISTRATION_GAP,CANDIDATE_ONLY__REQUIRES_LEAKAGE_LABEL_AND_EVALUATION_AUDIT,True
BU-0082,J,Informasi dan Komunikasi / Teknologi,Menengah,Riau,0,0,47188200,UNPAID,CONTRIBUTION_PAYMENT_GAP,CANDIDATE_ONLY__REQUIRES_LEAKAGE_LABEL_AND_EVALUATION_AUDIT,True
BU-0083,C,Industri Pengolahan / Manufaktur,Menengah,Jawa Barat,0,0,0,PAID_ON_TIME,NORMAL,CANDIDATE_ONLY__REQUIRES_LEAKAGE_LABEL_AND_EVALUATION_AUDIT,True
BU-0084,F,Konstruksi & Infrastruktur,Kecil,Jawa Barat,0,0,0,PAID_ON_TIME,NORMAL,CANDIDATE_ONLY__REQUIRES_LEAKAGE_LABEL_AND_EVALUATION_AUDIT,True
BU-0085,H,"Transportasi, Pergudangan & Logistik",Menengah,Jawa Tengah,0,0,33726600,UNPAID,CONTRIBUTION_PAYMENT_GAP,CANDIDATE_ONLY__REQUIRES_LEAKAGE_LABEL_AND_EVALUATION_AUDIT,True
BU-0086,N,Jasa Penunjang Usaha / Outsourcing / Security,Kecil,Sulawesi Selatan,0,1052000,2893000,PAID_ON_TIME,WAGE_REPORTING_GAP,CANDIDATE_ONLY__REQUIRES_LEAKAGE_LABEL_AND_EVALUATION_AUDIT,True
BU-0087,A,Pertanian / Perkebunan / Kehutanan,Mikro,Sumatera Utara,5,0,1442250,PAID_ON_TIME,WORKER_REGISTRATION_GAP,CANDIDATE_ONLY__REQUIRES_LEAKAGE_LABEL_AND_EVALUATION_AUDIT,True
BU-0088,F,Konstruksi & Infrastruktur,Mikro,Kalimantan Timur,0,0,1599900,UNPAID,CONTRIBUTION_PAYMENT_GAP,CANDIDATE_ONLY__REQUIRES_LEAKAGE_LABEL_AND_EVALUATION_AUDIT,True
BU-0089,I,Penyediaan Akomodasi dan F&B,Kecil,Sumatera Utara,0,0,0,PAID_ON_TIME,NORMAL,CANDIDATE_ONLY__REQUIRES_LEAKAGE_LABEL_AND_EVALUATION_AUDIT,True
BU-0090,A,Pertanian / Perkebunan / Kehutanan,Mikro,Sumatera Utara,0,0,0,PAID_ON_TIME,NORMAL,CANDIDATE_ONLY__REQUIRES_LEAKAGE_LABEL_AND_EVALUATION_AUDIT,True
BU-0091,K,Jasa Keuangan / Pembiayaan / Asuransi,Mikro,Jawa Barat,0,0,0,PAID_ON_TIME,NORMAL,CANDIDATE_ONLY__REQUIRES_LEAKAGE_LABEL_AND_EVALUATION_AUDIT,True
BU-0092,F,Konstruksi & Infrastruktur,Mikro,Banten,1,0,196350,PAID_ON_TIME,WORKER_REGISTRATION_GAP,CANDIDATE_ONLY__REQUIRES_LEAKAGE_LABEL_AND_EVALUATION_AUDIT,True
BU-0093,J,Informasi dan Komunikasi / Teknologi,Besar,Sumatera Utara,0,0,301421050,UNPAID,CONTRIBUTION_PAYMENT_GAP,CANDIDATE_ONLY__REQUIRES_LEAKAGE_LABEL_AND_EVALUATION_AUDIT,True
BU-0094,N,Jasa Penunjang Usaha / Outsourcing / Security,Mikro,Sulawesi Selatan,0,0,0,PAID_ON_TIME,NORMAL,CANDIDATE_ONLY__REQUIRES_LEAKAGE_LABEL_AND_EVALUATION_AUDIT,True
BU-0095,N,Jasa Penunjang Usaha / Outsourcing / Security,Kecil,Banten,0,0,0,PAID_ON_TIME,NORMAL,CANDIDATE_ONLY__REQUIRES_LEAKAGE_LABEL_AND_EVALUATION_AUDIT,True
BU-0096,K,Jasa Keuangan / Pembiayaan / Asuransi,Menengah,Bali,0,0,0,PAID_ON_TIME,NORMAL,CANDIDATE_ONLY__REQUIRES_LEAKAGE_LABEL_AND_EVALUATION_AUDIT,True
BU-0097,C,Industri Pengolahan / Manufaktur,Besar,DKI Jakarta,0,0,0,PAID_ON_TIME,NORMAL,CANDIDATE_ONLY__REQUIRES_LEAKAGE_LABEL_AND_EVALUATION_AUDIT,True
BU-0098,H,"Transportasi, Pergudangan & Logistik",Menengah,Jawa Timur,43,1431000,37753000,UNPAID,MULTI_SIGNAL,CANDIDATE_ONLY__REQUIRES_LEAKAGE_LABEL_AND_EVALUATION_AUDIT,True
BU-0099,H,"Transportasi, Pergudangan & Logistik",Menengah,Sulawesi Selatan,67,0,18709750,PAID_ON_TIME,WORKER_REGISTRATION_GAP,CANDIDATE_ONLY__REQUIRES_LEAKAGE_LABEL_AND_EVALUATION_AUDIT,True
BU-0100,N,Jasa Penunjang Usaha / Outsourcing / Security,Menengah,Jawa Barat,0,0,0,PAID_ON_TIME,NORMAL,CANDIDATE_ONLY__REQUIRES_LEAKAGE_LABEL_AND_EVALUATION_AUDIT,True
BU-0101,Q,Pelayanan Kesehatan Swasta,Kecil,Kalimantan Timur,11,0,2206600,PAID_ON_TIME,WORKER_REGISTRATION_GAP,CANDIDATE_ONLY__REQUIRES_LEAKAGE_LABEL_AND_EVALUATION_AUDIT,True
BU-0102,K,Jasa Keuangan / Pembiayaan / Asuransi,Kecil,Banten,0,0,0,PAID_ON_TIME,NORMAL,CANDIDATE_ONLY__REQUIRES_LEAKAGE_LABEL_AND_EVALUATION_AUDIT,True
BU-0103,A,Pertanian / Perkebunan / Kehutanan,Kecil,Sumatera Utara,0,0,0,PAID_ON_TIME,NORMAL,CANDIDATE_ONLY__REQUIRES_LEAKAGE_LABEL_AND_EVALUATION_AUDIT,True
BU-0104,I,Penyediaan Akomodasi dan F&B,Kecil,Riau,0,0,0,PAID_ON_TIME,NORMAL,CANDIDATE_ONLY__REQUIRES_LEAKAGE_LABEL_AND_EVALUATION_AUDIT,True
BU-0105,I,Penyediaan Akomodasi dan F&B,Kecil,Kalimantan Timur,0,1341000,804600,PAID_ON_TIME,WAGE_REPORTING_GAP,CANDIDATE_ONLY__REQUIRES_LEAKAGE_LABEL_AND_EVALUATION_AUDIT,True
BU-0106,Q,Pelayanan Kesehatan Swasta,Kecil,Banten,21,0,6515250,PAID_ON_TIME,WORKER_REGISTRATION_GAP,CANDIDATE_ONLY__REQUIRES_LEAKAGE_LABEL_AND_EVALUATION_AUDIT,True
BU-0107,K,Jasa Keuangan / Pembiayaan / Asuransi,Menengah,Riau,0,0,0,PAID_ON_TIME,NORMAL,CANDIDATE_ONLY__REQUIRES_LEAKAGE_LABEL_AND_EVALUATION_AUDIT,True
BU-0108,A,Pertanian / Perkebunan / Kehutanan,Menengah,Jawa Timur,0,0,0,PAID_ON_TIME,NORMAL,CANDIDATE_ONLY__REQUIRES_LEAKAGE_LABEL_AND_EVALUATION_AUDIT,True
BU-0109,H,"Transportasi, Pergudangan & Logistik",Menengah,Sulawesi Selatan,0,0,37437400,UNPAID,CONTRIBUTION_PAYMENT_GAP,CANDIDATE_ONLY__REQUIRES_LEAKAGE_LABEL_AND_EVALUATION_AUDIT,True
BU-0110,H,"Transportasi, Pergudangan & Logistik",Mikro,Riau,2,0,519100,PAID_ON_TIME,WORKER_REGISTRATION_GAP,CANDIDATE_ONLY__REQUIRES_LEAKAGE_LABEL_AND_EVALUATION_AUDIT,True
BU-0111,I,Penyediaan Akomodasi dan F&B,Mikro,Jawa Tengah,5,965000,3217800,UNPAID,MULTI_SIGNAL,CANDIDATE_ONLY__REQUIRES_LEAKAGE_LABEL_AND_EVALUATION_AUDIT,True
BU-0112,F,Konstruksi & Infrastruktur,Besar,Sulawesi Selatan,0,0,0,PAID_ON_TIME,NORMAL,CANDIDATE_ONLY__REQUIRES_LEAKAGE_LABEL_AND_EVALUATION_AUDIT,True
BU-0113,Q,Pelayanan Kesehatan Swasta,Menengah,Sumatera Utara,0,0,0,PAID_ON_TIME,NORMAL,CANDIDATE_ONLY__REQUIRES_LEAKAGE_LABEL_AND_EVALUATION_AUDIT,True
BU-0114,I,Penyediaan Akomodasi dan F&B,Menengah,Sumatera Utara,0,0,0,PAID_ON_TIME,NORMAL,CANDIDATE_ONLY__REQUIRES_LEAKAGE_LABEL_AND_EVALUATION_AUDIT,True
BU-0115,J,Informasi dan Komunikasi / Teknologi,Menengah,Kalimantan Timur,71,0,36863200,PAID_ON_TIME,WORKER_REGISTRATION_GAP,CANDIDATE_ONLY__REQUIRES_LEAKAGE_LABEL_AND_EVALUATION_AUDIT,True
BU-0116,F,Konstruksi & Infrastruktur,Kecil,Riau,9,0,2655450,PAID_ON_TIME,WORKER_REGISTRATION_GAP,CANDIDATE_ONLY__REQUIRES_LEAKAGE_LABEL_AND_EVALUATION_AUDIT,True
BU-0117,I,Penyediaan Akomodasi dan F&B,Menengah,Sulawesi Selatan,0,0,0,PAID_ON_TIME,NORMAL,CANDIDATE_ONLY__REQUIRES_LEAKAGE_LABEL_AND_EVALUATION_AUDIT,True
BU-0118,H,"Transportasi, Pergudangan & Logistik",Menengah,Jawa Tengah,84,0,39026400,PAID_ON_TIME,WORKER_REGISTRATION_GAP,CANDIDATE_ONLY__REQUIRES_LEAKAGE_LABEL_AND_EVALUATION_AUDIT,True
BU-0119,F,Konstruksi & Infrastruktur,Kecil,Riau,0,0,17269200,UNPAID,CONTRIBUTION_PAYMENT_GAP,CANDIDATE_ONLY__REQUIRES_LEAKAGE_LABEL_AND_EVALUATION_AUDIT,True
BU-0120,I,Penyediaan Akomodasi dan F&B,Menengah,Riau,0,0,0,PAID_ON_TIME,NORMAL,CANDIDATE_ONLY__REQUIRES_LEAKAGE_LABEL_AND_EVALUATION_AUDIT,True
BU-0121,K,Jasa Keuangan / Pembiayaan / Asuransi,Kecil,Sulawesi Selatan,0,0,0,PAID_ON_TIME,NORMAL,CANDIDATE_ONLY__REQUIRES_LEAKAGE_LABEL_AND_EVALUATION_AUDIT,True
BU-0122,N,Jasa Penunjang Usaha / Outsourcing / Security,Kecil,Sumatera Utara,0,0,0,PAID_ON_TIME,NORMAL,CANDIDATE_ONLY__REQUIRES_LEAKAGE_LABEL_AND_EVALUATION_AUDIT,True
BU-0123,Q,Pelayanan Kesehatan Swasta,Besar,Banten,0,0,0,PAID_ON_TIME,NORMAL,CANDIDATE_ONLY__REQUIRES_LEAKAGE_LABEL_AND_EVALUATION_AUDIT,True
BU-0124,J,Informasi dan Komunikasi / Teknologi,Kecil,Jawa Barat,0,849000,1698000,PAID_ON_TIME,WAGE_REPORTING_GAP,CANDIDATE_ONLY__REQUIRES_LEAKAGE_LABEL_AND_EVALUATION_AUDIT,True
BU-0125,N,Jasa Penunjang Usaha / Outsourcing / Security,Menengah,Jawa Timur,0,0,0,PAID_ON_TIME,NORMAL,CANDIDATE_ONLY__REQUIRES_LEAKAGE_LABEL_AND_EVALUATION_AUDIT,True
BU-0126,I,Penyediaan Akomodasi dan F&B,Kecil,Riau,17,0,4740450,PAID_ON_TIME,WORKER_REGISTRATION_GAP,CANDIDATE_ONLY__REQUIRES_LEAKAGE_LABEL_AND_EVALUATION_AUDIT,True
BU-0127,A,Pertanian / Perkebunan / Kehutanan,Mikro,Sulawesi Selatan,0,0,561300,UNPAID,CONTRIBUTION_PAYMENT_GAP,CANDIDATE_ONLY__REQUIRES_LEAKAGE_LABEL_AND_EVALUATION_AUDIT,True
BU-0128,G,Perdagangan Besar dan Eceran,Menengah,Bali,0,0,0,PAID_ON_TIME,NORMAL,CANDIDATE_ONLY__REQUIRES_LEAKAGE_LABEL_AND_EVALUATION_AUDIT,True
BU-0129,G,Perdagangan Besar dan Eceran,Menengah,Bali,0,1300000,5005000,PAID_ON_TIME,WAGE_REPORTING_GAP,CANDIDATE_ONLY__REQUIRES_LEAKAGE_LABEL_AND_EVALUATION_AUDIT,True
BU-0130,G,Perdagangan Besar dan Eceran,Kecil,Kalimantan Timur,0,0,0,PAID_ON_TIME,NORMAL,CANDIDATE_ONLY__REQUIRES_LEAKAGE_LABEL_AND_EVALUATION_AUDIT,True
BU-0131,H,"Transportasi, Pergudangan & Logistik",Kecil,Jawa Barat,22,1164000,15849050,UNPAID,MULTI_SIGNAL,CANDIDATE_ONLY__REQUIRES_LEAKAGE_LABEL_AND_EVALUATION_AUDIT,True
BU-0132,Q,Pelayanan Kesehatan Swasta,Besar,Jawa Timur,0,0,345920000,UNPAID,CONTRIBUTION_PAYMENT_GAP,CANDIDATE_ONLY__REQUIRES_LEAKAGE_LABEL_AND_EVALUATION_AUDIT,True
BU-0133,K,Jasa Keuangan / Pembiayaan / Asuransi,Kecil,Jawa Barat,0,0,7790850,UNPAID,CONTRIBUTION_PAYMENT_GAP,CANDIDATE_ONLY__REQUIRES_LEAKAGE_LABEL_AND_EVALUATION_AUDIT,True
BU-0134,N,Jasa Penunjang Usaha / Outsourcing / Security,Mikro,Jawa Barat,5,0,1405000,PAID_ON_TIME,WORKER_REGISTRATION_GAP,CANDIDATE_ONLY__REQUIRES_LEAKAGE_LABEL_AND_EVALUATION_AUDIT,True
BU-0135,F,Konstruksi & Infrastruktur,Mikro,Jawa Timur,0,0,1692950,UNPAID,CONTRIBUTION_PAYMENT_GAP,CANDIDATE_ONLY__REQUIRES_LEAKAGE_LABEL_AND_EVALUATION_AUDIT,True
BU-0136,K,Jasa Keuangan / Pembiayaan / Asuransi,Kecil,Banten,5,939000,3129000,UNPAID,MULTI_SIGNAL,CANDIDATE_ONLY__REQUIRES_LEAKAGE_LABEL_AND_EVALUATION_AUDIT,True
BU-0137,Q,Pelayanan Kesehatan Swasta,Menengah,Kalimantan Timur,0,0,0,PAID_ON_TIME,NORMAL,CANDIDATE_ONLY__REQUIRES_LEAKAGE_LABEL_AND_EVALUATION_AUDIT,True
BU-0138,F,Konstruksi & Infrastruktur,Mikro,Sulawesi Selatan,0,0,0,PAID_ON_TIME,NORMAL,CANDIDATE_ONLY__REQUIRES_LEAKAGE_LABEL_AND_EVALUATION_AUDIT,True
BU-0139,F,Konstruksi & Infrastruktur,Menengah,Kalimantan Timur,0,0,20803200,UNPAID,CONTRIBUTION_PAYMENT_GAP,CANDIDATE_ONLY__REQUIRES_LEAKAGE_LABEL_AND_EVALUATION_AUDIT,True
BU-0140,H,"Transportasi, Pergudangan & Logistik",Besar,Riau,0,2489000,16310250,PAID_ON_TIME,WAGE_REPORTING_GAP,CANDIDATE_ONLY__REQUIRES_LEAKAGE_LABEL_AND_EVALUATION_AUDIT,True
BU-0141,K,Jasa Keuangan / Pembiayaan / Asuransi,Mikro,Jawa Timur,0,0,0,PAID_ON_TIME,NORMAL,CANDIDATE_ONLY__REQUIRES_LEAKAGE_LABEL_AND_EVALUATION_AUDIT,True
BU-0142,K,Jasa Keuangan / Pembiayaan / Asuransi,Mikro,Bali,0,0,0,PAID_ON_TIME,NORMAL,CANDIDATE_ONLY__REQUIRES_LEAKAGE_LABEL_AND_EVALUATION_AUDIT,True
BU-0143,N,Jasa Penunjang Usaha / Outsourcing / Security,Menengah,Jawa Tengah,30,0,9916500,PAID_ON_TIME,WORKER_REGISTRATION_GAP,CANDIDATE_ONLY__REQUIRES_LEAKAGE_LABEL_AND_EVALUATION_AUDIT,True
BU-0144,I,Penyediaan Akomodasi dan F&B,Menengah,Sumatera Utara,0,0,0,PAID_ON_TIME,NORMAL,CANDIDATE_ONLY__REQUIRES_LEAKAGE_LABEL_AND_EVALUATION_AUDIT,True
BU-0145,I,Penyediaan Akomodasi dan F&B,Menengah,Bali,0,0,0,PAID_ON_TIME,NORMAL,CANDIDATE_ONLY__REQUIRES_LEAKAGE_LABEL_AND_EVALUATION_AUDIT,True
BU-0146,I,Penyediaan Akomodasi dan F&B,Kecil,Sulawesi Selatan,0,970000,970000,PAID_ON_TIME,WAGE_REPORTING_GAP,CANDIDATE_ONLY__REQUIRES_LEAKAGE_LABEL_AND_EVALUATION_AUDIT,True
BU-0147,N,Jasa Penunjang Usaha / Outsourcing / Security,Menengah,Riau,0,0,0,PAID_ON_TIME,NORMAL,CANDIDATE_ONLY__REQUIRES_LEAKAGE_LABEL_AND_EVALUATION_AUDIT,True
BU-0148,H,"Transportasi, Pergudangan & Logistik",Mikro,DKI Jakarta,0,0,0,PAID_ON_TIME,NORMAL,CANDIDATE_ONLY__REQUIRES_LEAKAGE_LABEL_AND_EVALUATION_AUDIT,True
BU-0149,F,Konstruksi & Infrastruktur,Besar,Bali,0,0,0,PAID_ON_TIME,NORMAL,CANDIDATE_ONLY__REQUIRES_LEAKAGE_LABEL_AND_EVALUATION_AUDIT,True
BU-0150,Q,Pelayanan Kesehatan Swasta,Menengah,Kalimantan Timur,85,0,31161000,PAID_ON_TIME,WORKER_REGISTRATION_GAP,CANDIDATE_ONLY__REQUIRES_LEAKAGE_LABEL_AND_EVALUATION_AUDIT,True
BU-0151,A,Pertanian / Perkebunan / Kehutanan,Menengah,Jawa Barat,0,0,0,PAID_ON_TIME,NORMAL,CANDIDATE_ONLY__REQUIRES_LEAKAGE_LABEL_AND_EVALUATION_AUDIT,True
BU-0152,Q,Pelayanan Kesehatan Swasta,Besar,Jawa Barat,0,0,0,PAID_ON_TIME,NORMAL,CANDIDATE_ONLY__REQUIRES_LEAKAGE_LABEL_AND_EVALUATION_AUDIT,True
BU-0153,A,Pertanian / Perkebunan / Kehutanan,Menengah,Jawa Timur,0,1870000,18139000,PAID_ON_TIME,WAGE_REPORTING_GAP,CANDIDATE_ONLY__REQUIRES_LEAKAGE_LABEL_AND_EVALUATION_AUDIT,True
BU-0154,I,Penyediaan Akomodasi dan F&B,Kecil,Jawa Timur,0,0,0,PAID_ON_TIME,NORMAL,CANDIDATE_ONLY__REQUIRES_LEAKAGE_LABEL_AND_EVALUATION_AUDIT,True
BU-0155,J,Informasi dan Komunikasi / Teknologi,Mikro,Bali,0,0,0,PAID_ON_TIME,NORMAL,CANDIDATE_ONLY__REQUIRES_LEAKAGE_LABEL_AND_EVALUATION_AUDIT,True
BU-0156,F,Konstruksi & Infrastruktur,Kecil,Jawa Timur,0,0,0,PAID_ON_TIME,NORMAL,CANDIDATE_ONLY__REQUIRES_LEAKAGE_LABEL_AND_EVALUATION_AUDIT,True
BU-0157,J,Informasi dan Komunikasi / Teknologi,Kecil,Jawa Tengah,13,0,2785250,PAID_ON_TIME,WORKER_REGISTRATION_GAP,CANDIDATE_ONLY__REQUIRES_LEAKAGE_LABEL_AND_EVALUATION_AUDIT,True
BU-0158,H,"Transportasi, Pergudangan & Logistik",Menengah,Banten,0,0,0,PAID_ON_TIME,NORMAL,CANDIDATE_ONLY__REQUIRES_LEAKAGE_LABEL_AND_EVALUATION_AUDIT,True
BU-0159,Q,Pelayanan Kesehatan Swasta,Kecil,Bali,0,0,0,PAID_ON_TIME,NORMAL,CANDIDATE_ONLY__REQUIRES_LEAKAGE_LABEL_AND_EVALUATION_AUDIT,True
BU-0160,F,Konstruksi & Infrastruktur,Menengah,DKI Jakarta,0,0,0,PAID_ON_TIME,NORMAL,CANDIDATE_ONLY__REQUIRES_LEAKAGE_LABEL_AND_EVALUATION_AUDIT,True
BU-0161,H,"Transportasi, Pergudangan & Logistik",Mikro,Sumatera Utara,0,0,0,PAID_ON_TIME,NORMAL,CANDIDATE_ONLY__REQUIRES_LEAKAGE_LABEL_AND_EVALUATION_AUDIT,True
BU-0162,N,Jasa Penunjang Usaha / Outsourcing / Security,Kecil,Bali,0,0,0,PAID_ON_TIME,NORMAL,CANDIDATE_ONLY__REQUIRES_LEAKAGE_LABEL_AND_EVALUATION_AUDIT,True
BU-0163,A,Pertanian / Perkebunan / Kehutanan,Menengah,Sulawesi Selatan,40,0,12582000,PAID_ON_TIME,WORKER_REGISTRATION_GAP,CANDIDATE_ONLY__REQUIRES_LEAKAGE_LABEL_AND_EVALUATION_AUDIT,True
BU-0164,N,Jasa Penunjang Usaha / Outsourcing / Security,Menengah,Jawa Timur,0,0,0,PAID_ON_TIME,NORMAL,CANDIDATE_ONLY__REQUIRES_LEAKAGE_LABEL_AND_EVALUATION_AUDIT,True
BU-0165,A,Pertanian / Perkebunan / Kehutanan,Menengah,Jawa Barat,73,0,32335350,PAID_ON_TIME,WORKER_REGISTRATION_GAP,CANDIDATE_ONLY__REQUIRES_LEAKAGE_LABEL_AND_EVALUATION_AUDIT,True
BU-0166,H,"Transportasi, Pergudangan & Logistik",Kecil,Banten,0,0,0,PAID_ON_TIME,NORMAL,CANDIDATE_ONLY__REQUIRES_LEAKAGE_LABEL_AND_EVALUATION_AUDIT,True
BU-0167,G,Perdagangan Besar dan Eceran,Menengah,DKI Jakarta,0,0,57598000,UNPAID,CONTRIBUTION_PAYMENT_GAP,CANDIDATE_ONLY__REQUIRES_LEAKAGE_LABEL_AND_EVALUATION_AUDIT,True
BU-0168,I,Penyediaan Akomodasi dan F&B,Kecil,Bali,0,0,14750400,UNPAID,CONTRIBUTION_PAYMENT_GAP,CANDIDATE_ONLY__REQUIRES_LEAKAGE_LABEL_AND_EVALUATION_AUDIT,True
BU-0169,H,"Transportasi, Pergudangan & Logistik",Kecil,Banten,0,0,0,PAID_ON_TIME,NORMAL,CANDIDATE_ONLY__REQUIRES_LEAKAGE_LABEL_AND_EVALUATION_AUDIT,True
BU-0170,H,"Transportasi, Pergudangan & Logistik",Mikro,Sulawesi Selatan,0,0,2490000,UNPAID,CONTRIBUTION_PAYMENT_GAP,CANDIDATE_ONLY__REQUIRES_LEAKAGE_LABEL_AND_EVALUATION_AUDIT,True
BU-0171,G,Perdagangan Besar dan Eceran,Kecil,Jawa Tengah,0,0,0,PAID_ON_TIME,NORMAL,CANDIDATE_ONLY__REQUIRES_LEAKAGE_LABEL_AND_EVALUATION_AUDIT,True
BU-0172,N,Jasa Penunjang Usaha / Outsourcing / Security,Kecil,Sulawesi Selatan,0,791000,830550,PAID_ON_TIME,WAGE_REPORTING_GAP,CANDIDATE_ONLY__REQUIRES_LEAKAGE_LABEL_AND_EVALUATION_AUDIT,True
BU-0173,A,Pertanian / Perkebunan / Kehutanan,Menengah,Sumatera Utara,0,0,0,PAID_ON_TIME,NORMAL,CANDIDATE_ONLY__REQUIRES_LEAKAGE_LABEL_AND_EVALUATION_AUDIT,True
BU-0174,C,Industri Pengolahan / Manufaktur,Kecil,Banten,4,0,1161000,PAID_ON_TIME,WORKER_REGISTRATION_GAP,CANDIDATE_ONLY__REQUIRES_LEAKAGE_LABEL_AND_EVALUATION_AUDIT,True
BU-0175,H,"Transportasi, Pergudangan & Logistik",Mikro,Kalimantan Timur,0,0,0,PAID_ON_TIME,NORMAL,CANDIDATE_ONLY__REQUIRES_LEAKAGE_LABEL_AND_EVALUATION_AUDIT,True
BU-0176,J,Informasi dan Komunikasi / Teknologi,Besar,Bali,281,0,141469450,PAID_ON_TIME,WORKER_REGISTRATION_GAP,CANDIDATE_ONLY__REQUIRES_LEAKAGE_LABEL_AND_EVALUATION_AUDIT,True
BU-0177,C,Industri Pengolahan / Manufaktur,Menengah,Banten,0,0,0,PAID_ON_TIME,NORMAL,CANDIDATE_ONLY__REQUIRES_LEAKAGE_LABEL_AND_EVALUATION_AUDIT,True
BU-0178,C,Industri Pengolahan / Manufaktur,Menengah,Sumatera Utara,0,947000,9517350,PAID_ON_TIME,WAGE_REPORTING_GAP,CANDIDATE_ONLY__REQUIRES_LEAKAGE_LABEL_AND_EVALUATION_AUDIT,True
BU-0179,J,Informasi dan Komunikasi / Teknologi,Kecil,Sumatera Utara,0,0,4875200,UNPAID,CONTRIBUTION_PAYMENT_GAP,CANDIDATE_ONLY__REQUIRES_LEAKAGE_LABEL_AND_EVALUATION_AUDIT,True
BU-0180,H,"Transportasi, Pergudangan & Logistik",Besar,Riau,252,0,135928800,PAID_ON_TIME,WORKER_REGISTRATION_GAP,CANDIDATE_ONLY__REQUIRES_LEAKAGE_LABEL_AND_EVALUATION_AUDIT,True
BU-0181,Q,Pelayanan Kesehatan Swasta,Kecil,Riau,0,0,0,PAID_ON_TIME,NORMAL,CANDIDATE_ONLY__REQUIRES_LEAKAGE_LABEL_AND_EVALUATION_AUDIT,True
BU-0182,J,Informasi dan Komunikasi / Teknologi,Menengah,Kalimantan Timur,0,0,0,PAID_ON_TIME,NORMAL,CANDIDATE_ONLY__REQUIRES_LEAKAGE_LABEL_AND_EVALUATION_AUDIT,True
BU-0183,I,Penyediaan Akomodasi dan F&B,Kecil,Bali,0,0,0,PAID_ON_TIME,NORMAL,CANDIDATE_ONLY__REQUIRES_LEAKAGE_LABEL_AND_EVALUATION_AUDIT,True
BU-0184,H,"Transportasi, Pergudangan & Logistik",Kecil,Jawa Timur,11,874000,5828400,UNPAID,MULTI_SIGNAL,CANDIDATE_ONLY__REQUIRES_LEAKAGE_LABEL_AND_EVALUATION_AUDIT,True
BU-0185,F,Konstruksi & Infrastruktur,Kecil,Kalimantan Timur,0,0,0,PAID_ON_TIME,NORMAL,CANDIDATE_ONLY__REQUIRES_LEAKAGE_LABEL_AND_EVALUATION_AUDIT,True
BU-0186,C,Industri Pengolahan / Manufaktur,Menengah,DKI Jakarta,0,0,0,PAID_ON_TIME,NORMAL,CANDIDATE_ONLY__REQUIRES_LEAKAGE_LABEL_AND_EVALUATION_AUDIT,True
BU-0187,A,Pertanian / Perkebunan / Kehutanan,Mikro,Sumatera Utara,0,0,0,PAID_ON_TIME,NORMAL,CANDIDATE_ONLY__REQUIRES_LEAKAGE_LABEL_AND_EVALUATION_AUDIT,True
BU-0188,Q,Pelayanan Kesehatan Swasta,Menengah,Jawa Barat,66,0,20869200,PAID_ON_TIME,WORKER_REGISTRATION_GAP,CANDIDATE_ONLY__REQUIRES_LEAKAGE_LABEL_AND_EVALUATION_AUDIT,True
BU-0189,Q,Pelayanan Kesehatan Swasta,Kecil,Bali,0,1327000,1061600,PAID_ON_TIME,WAGE_REPORTING_GAP,CANDIDATE_ONLY__REQUIRES_LEAKAGE_LABEL_AND_EVALUATION_AUDIT,True
BU-0190,F,Konstruksi & Infrastruktur,Menengah,DKI Jakarta,0,0,0,PAID_ON_TIME,NORMAL,CANDIDATE_ONLY__REQUIRES_LEAKAGE_LABEL_AND_EVALUATION_AUDIT,True
BU-0191,K,Jasa Keuangan / Pembiayaan / Asuransi,Besar,Jawa Barat,377,0,210347150,PAID_ON_TIME,WORKER_REGISTRATION_GAP,CANDIDATE_ONLY__REQUIRES_LEAKAGE_LABEL_AND_EVALUATION_AUDIT,True
BU-0192,K,Jasa Keuangan / Pembiayaan / Asuransi,Mikro,Bali,0,0,0,PAID_ON_TIME,NORMAL,CANDIDATE_ONLY__REQUIRES_LEAKAGE_LABEL_AND_EVALUATION_AUDIT,True
BU-0193,H,"Transportasi, Pergudangan & Logistik",Besar,Banten,298,0,135217500,PAID_ON_TIME,WORKER_REGISTRATION_GAP,CANDIDATE_ONLY__REQUIRES_LEAKAGE_LABEL_AND_EVALUATION_AUDIT,True
BU-0194,C,Industri Pengolahan / Manufaktur,Kecil,Riau,0,0,0,PAID_ON_TIME,NORMAL,CANDIDATE_ONLY__REQUIRES_LEAKAGE_LABEL_AND_EVALUATION_AUDIT,True
BU-0195,F,Konstruksi & Infrastruktur,Besar,DKI Jakarta,0,0,0,PAID_ON_TIME,NORMAL,CANDIDATE_ONLY__REQUIRES_LEAKAGE_LABEL_AND_EVALUATION_AUDIT,True
BU-0196,A,Pertanian / Perkebunan / Kehutanan,Kecil,DKI Jakarta,14,0,3827600,PAID_ON_TIME,WORKER_REGISTRATION_GAP,CANDIDATE_ONLY__REQUIRES_LEAKAGE_LABEL_AND_EVALUATION_AUDIT,True
BU-0197,A,Pertanian / Perkebunan / Kehutanan,Menengah,Riau,54,0,14299200,PAID_ON_TIME,WORKER_REGISTRATION_GAP,CANDIDATE_ONLY__REQUIRES_LEAKAGE_LABEL_AND_EVALUATION_AUDIT,True
BU-0198,H,"Transportasi, Pergudangan & Logistik",Kecil,Riau,0,929000,2647650,PAID_ON_TIME,WAGE_REPORTING_GAP,CANDIDATE_ONLY__REQUIRES_LEAKAGE_LABEL_AND_EVALUATION_AUDIT,True
BU-0199,C,Industri Pengolahan / Manufaktur,Besar,Sumatera Utara,0,1536000,41856000,PAID_ON_TIME,WAGE_REPORTING_GAP,CANDIDATE_ONLY__REQUIRES_LEAKAGE_LABEL_AND_EVALUATION_AUDIT,True
BU-0200,N,Jasa Penunjang Usaha / Outsourcing / Security,Menengah,DKI Jakarta,0,0,0,PAID_ON_TIME,NORMAL,CANDIDATE_ONLY__REQUIRES_LEAKAGE_LABEL_AND_EVALUATION_AUDIT,True
BU-0201,I,Penyediaan Akomodasi dan F&B,Menengah,Kalimantan Timur,89,0,24862150,PAID_ON_TIME,WORKER_REGISTRATION_GAP,CANDIDATE_ONLY__REQUIRES_LEAKAGE_LABEL_AND_EVALUATION_AUDIT,True
BU-0202,C,Industri Pengolahan / Manufaktur,Besar,Banten,210,0,116518500,PAID_ON_TIME,WORKER_REGISTRATION_GAP,CANDIDATE_ONLY__REQUIRES_LEAKAGE_LABEL_AND_EVALUATION_AUDIT,True
BU-0203,I,Penyediaan Akomodasi dan F&B,Menengah,Sulawesi Selatan,0,0,0,PAID_ON_TIME,NORMAL,CANDIDATE_ONLY__REQUIRES_LEAKAGE_LABEL_AND_EVALUATION_AUDIT,True
BU-0204,C,Industri Pengolahan / Manufaktur,Mikro,Banten,0,0,0,PAID_ON_TIME,NORMAL,CANDIDATE_ONLY__REQUIRES_LEAKAGE_LABEL_AND_EVALUATION_AUDIT,True
BU-0205,Q,Pelayanan Kesehatan Swasta,Menengah,Jawa Barat,0,0,0,PAID_ON_TIME,NORMAL,CANDIDATE_ONLY__REQUIRES_LEAKAGE_LABEL_AND_EVALUATION_AUDIT,True
BU-0206,N,Jasa Penunjang Usaha / Outsourcing / Security,Besar,Banten,0,0,0,PAID_ON_TIME,NORMAL,CANDIDATE_ONLY__REQUIRES_LEAKAGE_LABEL_AND_EVALUATION_AUDIT,True
BU-0207,F,Konstruksi & Infrastruktur,Besar,Bali,0,0,0,PAID_ON_TIME,NORMAL,CANDIDATE_ONLY__REQUIRES_LEAKAGE_LABEL_AND_EVALUATION_AUDIT,True
BU-0208,N,Jasa Penunjang Usaha / Outsourcing / Security,Menengah,Jawa Tengah,0,0,0,PAID_ON_TIME,NORMAL,CANDIDATE_ONLY__REQUIRES_LEAKAGE_LABEL_AND_EVALUATION_AUDIT,True
BU-0209,Q,Pelayanan Kesehatan Swasta,Menengah,Jawa Barat,0,0,54925800,UNPAID,CONTRIBUTION_PAYMENT_GAP,CANDIDATE_ONLY__REQUIRES_LEAKAGE_LABEL_AND_EVALUATION_AUDIT,True
BU-0210,F,Konstruksi & Infrastruktur,Mikro,Jawa Timur,0,0,0,PAID_ON_TIME,NORMAL,CANDIDATE_ONLY__REQUIRES_LEAKAGE_LABEL_AND_EVALUATION_AUDIT,True
BU-0211,G,Perdagangan Besar dan Eceran,Mikro,DKI Jakarta,0,0,0,PAID_ON_TIME,NORMAL,CANDIDATE_ONLY__REQUIRES_LEAKAGE_LABEL_AND_EVALUATION_AUDIT,True
BU-0212,A,Pertanian / Perkebunan / Kehutanan,Menengah,Jawa Tengah,0,1410000,13113000,PAID_ON_TIME,WAGE_REPORTING_GAP,CANDIDATE_ONLY__REQUIRES_LEAKAGE_LABEL_AND_EVALUATION_AUDIT,True
BU-0213,H,"Transportasi, Pergudangan & Logistik",Menengah,DKI Jakarta,0,0,29829000,UNPAID,CONTRIBUTION_PAYMENT_GAP,CANDIDATE_ONLY__REQUIRES_LEAKAGE_LABEL_AND_EVALUATION_AUDIT,True
BU-0214,H,"Transportasi, Pergudangan & Logistik",Mikro,Banten,0,0,0,PAID_ON_TIME,NORMAL,CANDIDATE_ONLY__REQUIRES_LEAKAGE_LABEL_AND_EVALUATION_AUDIT,True
BU-0215,I,Penyediaan Akomodasi dan F&B,Menengah,Jawa Barat,0,0,92590400,UNPAID,CONTRIBUTION_PAYMENT_GAP,CANDIDATE_ONLY__REQUIRES_LEAKAGE_LABEL_AND_EVALUATION_AUDIT,True
BU-0216,J,Informasi dan Komunikasi / Teknologi,Mikro,Sumatera Utara,0,0,0,PAID_ON_TIME,NORMAL,CANDIDATE_ONLY__REQUIRES_LEAKAGE_LABEL_AND_EVALUATION_AUDIT,True
BU-0217,G,Perdagangan Besar dan Eceran,Menengah,Jawa Tengah,0,0,0,PAID_ON_TIME,NORMAL,CANDIDATE_ONLY__REQUIRES_LEAKAGE_LABEL_AND_EVALUATION_AUDIT,True
BU-0218,N,Jasa Penunjang Usaha / Outsourcing / Security,Kecil,Jawa Barat,0,0,14399200,UNPAID,CONTRIBUTION_PAYMENT_GAP,CANDIDATE_ONLY__REQUIRES_LEAKAGE_LABEL_AND_EVALUATION_AUDIT,True
BU-0219,C,Industri Pengolahan / Manufaktur,Menengah,DKI Jakarta,0,0,0,PAID_ON_TIME,NORMAL,CANDIDATE_ONLY__REQUIRES_LEAKAGE_LABEL_AND_EVALUATION_AUDIT,True
BU-0220,H,"Transportasi, Pergudangan & Logistik",Menengah,Riau,0,0,0,PAID_ON_TIME,NORMAL,CANDIDATE_ONLY__REQUIRES_LEAKAGE_LABEL_AND_EVALUATION_AUDIT,True
BU-0221,C,Industri Pengolahan / Manufaktur,Menengah,DKI Jakarta,0,0,0,PAID_ON_TIME,NORMAL,CANDIDATE_ONLY__REQUIRES_LEAKAGE_LABEL_AND_EVALUATION_AUDIT,True
BU-0222,Q,Pelayanan Kesehatan Swasta,Menengah,Banten,0,0,0,PAID_ON_TIME,NORMAL,CANDIDATE_ONLY__REQUIRES_LEAKAGE_LABEL_AND_EVALUATION_AUDIT,True
BU-0223,C,Industri Pengolahan / Manufaktur,Kecil,Riau,0,0,12141800,UNPAID,CONTRIBUTION_PAYMENT_GAP,CANDIDATE_ONLY__REQUIRES_LEAKAGE_LABEL_AND_EVALUATION_AUDIT,True
BU-0224,N,Jasa Penunjang Usaha / Outsourcing / Security,Menengah,Riau,68,0,34170000,PAID_ON_TIME,WORKER_REGISTRATION_GAP,CANDIDATE_ONLY__REQUIRES_LEAKAGE_LABEL_AND_EVALUATION_AUDIT,True
BU-0225,I,Penyediaan Akomodasi dan F&B,Menengah,Sulawesi Selatan,0,0,0,PAID_ON_TIME,NORMAL,CANDIDATE_ONLY__REQUIRES_LEAKAGE_LABEL_AND_EVALUATION_AUDIT,True
BU-0226,H,"Transportasi, Pergudangan & Logistik",Besar,Sulawesi Selatan,0,0,0,PAID_ON_TIME,NORMAL,CANDIDATE_ONLY__REQUIRES_LEAKAGE_LABEL_AND_EVALUATION_AUDIT,True
BU-0227,J,Informasi dan Komunikasi / Teknologi,Mikro,Jawa Barat,0,0,0,PAID_ON_TIME,NORMAL,CANDIDATE_ONLY__REQUIRES_LEAKAGE_LABEL_AND_EVALUATION_AUDIT,True
BU-0228,C,Industri Pengolahan / Manufaktur,Mikro,Bali,0,0,0,PAID_ON_TIME,NORMAL,CANDIDATE_ONLY__REQUIRES_LEAKAGE_LABEL_AND_EVALUATION_AUDIT,True
BU-0229,N,Jasa Penunjang Usaha / Outsourcing / Security,Mikro,Banten,0,0,0,PAID_ON_TIME,NORMAL,CANDIDATE_ONLY__REQUIRES_LEAKAGE_LABEL_AND_EVALUATION_AUDIT,True
BU-0230,K,Jasa Keuangan / Pembiayaan / Asuransi,Menengah,Bali,0,0,0,PAID_ON_TIME,NORMAL,CANDIDATE_ONLY__REQUIRES_LEAKAGE_LABEL_AND_EVALUATION_AUDIT,True
BU-0231,J,Informasi dan Komunikasi / Teknologi,Kecil,Jawa Barat,18,883000,9566700,UNPAID,MULTI_SIGNAL,CANDIDATE_ONLY__REQUIRES_LEAKAGE_LABEL_AND_EVALUATION_AUDIT,True
BU-0232,F,Konstruksi & Infrastruktur,Menengah,Riau,82,0,19725100,PAID_ON_TIME,WORKER_REGISTRATION_GAP,CANDIDATE_ONLY__REQUIRES_LEAKAGE_LABEL_AND_EVALUATION_AUDIT,True
BU-0233,K,Jasa Keuangan / Pembiayaan / Asuransi,Kecil,Jawa Timur,0,0,0,PAID_ON_TIME,NORMAL,CANDIDATE_ONLY__REQUIRES_LEAKAGE_LABEL_AND_EVALUATION_AUDIT,True
BU-0234,Q,Pelayanan Kesehatan Swasta,Besar,Jawa Timur,121,0,72600000,PAID_ON_TIME,WORKER_REGISTRATION_GAP,CANDIDATE_ONLY__REQUIRES_LEAKAGE_LABEL_AND_EVALUATION_AUDIT,True
BU-0235,Q,Pelayanan Kesehatan Swasta,Menengah,Jawa Barat,67,0,30967400,PAID_ON_TIME,WORKER_REGISTRATION_GAP,CANDIDATE_ONLY__REQUIRES_LEAKAGE_LABEL_AND_EVALUATION_AUDIT,True
BU-0236,G,Perdagangan Besar dan Eceran,Kecil,Jawa Barat,0,0,0,PAID_ON_TIME,NORMAL,CANDIDATE_ONLY__REQUIRES_LEAKAGE_LABEL_AND_EVALUATION_AUDIT,True
BU-0237,H,"Transportasi, Pergudangan & Logistik",Kecil,Jawa Tengah,0,0,11084850,UNPAID,CONTRIBUTION_PAYMENT_GAP,CANDIDATE_ONLY__REQUIRES_LEAKAGE_LABEL_AND_EVALUATION_AUDIT,True
BU-0238,I,Penyediaan Akomodasi dan F&B,Menengah,Sumatera Utara,0,868000,6119400,PAID_ON_TIME,WAGE_REPORTING_GAP,CANDIDATE_ONLY__REQUIRES_LEAKAGE_LABEL_AND_EVALUATION_AUDIT,True
BU-0239,A,Pertanian / Perkebunan / Kehutanan,Besar,Jawa Barat,117,0,70200000,PAID_ON_TIME,WORKER_REGISTRATION_GAP,CANDIDATE_ONLY__REQUIRES_LEAKAGE_LABEL_AND_EVALUATION_AUDIT,True
BU-0240,A,Pertanian / Perkebunan / Kehutanan,Menengah,Riau,85,1687000,88087400,UNPAID,MULTI_SIGNAL,CANDIDATE_ONLY__REQUIRES_LEAKAGE_LABEL_AND_EVALUATION_AUDIT,True
BU-0241,G,Perdagangan Besar dan Eceran,Menengah,Bali,0,0,0,PAID_ON_TIME,NORMAL,CANDIDATE_ONLY__REQUIRES_LEAKAGE_LABEL_AND_EVALUATION_AUDIT,True
BU-0242,G,Perdagangan Besar dan Eceran,Menengah,Sulawesi Selatan,0,0,0,PAID_ON_TIME,NORMAL,CANDIDATE_ONLY__REQUIRES_LEAKAGE_LABEL_AND_EVALUATION_AUDIT,True
BU-0243,K,Jasa Keuangan / Pembiayaan / Asuransi,Menengah,Jawa Tengah,86,1869000,99176750,UNPAID,MULTI_SIGNAL,CANDIDATE_ONLY__REQUIRES_LEAKAGE_LABEL_AND_EVALUATION_AUDIT,True
BU-0244,C,Industri Pengolahan / Manufaktur,Kecil,Bali,0,0,0,PAID_ON_TIME,NORMAL,CANDIDATE_ONLY__REQUIRES_LEAKAGE_LABEL_AND_EVALUATION_AUDIT,True
BU-0245,C,Industri Pengolahan / Manufaktur,Kecil,Sumatera Utara,0,0,0,PAID_ON_TIME,NORMAL,CANDIDATE_ONLY__REQUIRES_LEAKAGE_LABEL_AND_EVALUATION_AUDIT,True
BU-0246,H,"Transportasi, Pergudangan & Logistik",Kecil,Sulawesi Selatan,0,0,0,PAID_ON_TIME,NORMAL,CANDIDATE_ONLY__REQUIRES_LEAKAGE_LABEL_AND_EVALUATION_AUDIT,True
BU-0247,A,Pertanian / Perkebunan / Kehutanan,Mikro,Jawa Tengah,0,0,0,PAID_ON_TIME,NORMAL,CANDIDATE_ONLY__REQUIRES_LEAKAGE_LABEL_AND_EVALUATION_AUDIT,True
BU-0248,N,Jasa Penunjang Usaha / Outsourcing / Security,Mikro,Sumatera Utara,0,738000,295200,PAID_ON_TIME,WAGE_REPORTING_GAP,CANDIDATE_ONLY__REQUIRES_LEAKAGE_LABEL_AND_EVALUATION_AUDIT,True
BU-0249,F,Konstruksi & Infrastruktur,Kecil,Bali,0,0,0,PAID_ON_TIME,NORMAL,CANDIDATE_ONLY__REQUIRES_LEAKAGE_LABEL_AND_EVALUATION_AUDIT,True
BU-0250,K,Jasa Keuangan / Pembiayaan / Asuransi,Kecil,Bali,0,0,0,PAID_ON_TIME,NORMAL,CANDIDATE_ONLY__REQUIRES_LEAKAGE_LABEL_AND_EVALUATION_AUDIT,True
BU-0251,C,Industri Pengolahan / Manufaktur,Mikro,Sumatera Utara,0,0,0,PAID_ON_TIME,NORMAL,CANDIDATE_ONLY__REQUIRES_LEAKAGE_LABEL_AND_EVALUATION_AUDIT,True
BU-0252,J,Informasi dan Komunikasi / Teknologi,Menengah,Jawa Barat,0,0,0,PAID_ON_TIME,NORMAL,CANDIDATE_ONLY__REQUIRES_LEAKAGE_LABEL_AND_EVALUATION_AUDIT,True
BU-0253,F,Konstruksi & Infrastruktur,Kecil,Bali,0,0,0,PAID_ON_TIME,NORMAL,CANDIDATE_ONLY__REQUIRES_LEAKAGE_LABEL_AND_EVALUATION_AUDIT,True
BU-0254,C,Industri Pengolahan / Manufaktur,Kecil,Jawa Tengah,0,0,0,PAID_ON_TIME,NORMAL,CANDIDATE_ONLY__REQUIRES_LEAKAGE_LABEL_AND_EVALUATION_AUDIT,True
BU-0255,F,Konstruksi & Infrastruktur,Menengah,Jawa Barat,0,0,27214000,UNPAID,CONTRIBUTION_PAYMENT_GAP,CANDIDATE_ONLY__REQUIRES_LEAKAGE_LABEL_AND_EVALUATION_AUDIT,True
BU-0256,N,Jasa Penunjang Usaha / Outsourcing / Security,Kecil,Jawa Barat,0,0,0,PAID_ON_TIME,NORMAL,CANDIDATE_ONLY__REQUIRES_LEAKAGE_LABEL_AND_EVALUATION_AUDIT,True
BU-0257,K,Jasa Keuangan / Pembiayaan / Asuransi,Menengah,Jawa Timur,0,0,0,PAID_ON_TIME,NORMAL,CANDIDATE_ONLY__REQUIRES_LEAKAGE_LABEL_AND_EVALUATION_AUDIT,True
BU-0258,N,Jasa Penunjang Usaha / Outsourcing / Security,Kecil,Jawa Timur,10,809000,4943400,UNPAID,MULTI_SIGNAL,CANDIDATE_ONLY__REQUIRES_LEAKAGE_LABEL_AND_EVALUATION_AUDIT,True
BU-0259,H,"Transportasi, Pergudangan & Logistik",Mikro,Jawa Timur,0,0,0,PAID_ON_TIME,NORMAL,CANDIDATE_ONLY__REQUIRES_LEAKAGE_LABEL_AND_EVALUATION_AUDIT,True
BU-0260,A,Pertanian / Perkebunan / Kehutanan,Menengah,Kalimantan Timur,0,0,0,PAID_ON_TIME,NORMAL,CANDIDATE_ONLY__REQUIRES_LEAKAGE_LABEL_AND_EVALUATION_AUDIT,True
BU-0261,I,Penyediaan Akomodasi dan F&B,Mikro,Kalimantan Timur,0,0,0,PAID_ON_TIME,NORMAL,CANDIDATE_ONLY__REQUIRES_LEAKAGE_LABEL_AND_EVALUATION_AUDIT,True
BU-0262,A,Pertanian / Perkebunan / Kehutanan,Besar,Sulawesi Selatan,0,0,0,PAID_ON_TIME,NORMAL,CANDIDATE_ONLY__REQUIRES_LEAKAGE_LABEL_AND_EVALUATION_AUDIT,True
BU-0263,I,Penyediaan Akomodasi dan F&B,Kecil,DKI Jakarta,0,0,0,PAID_ON_TIME,NORMAL,CANDIDATE_ONLY__REQUIRES_LEAKAGE_LABEL_AND_EVALUATION_AUDIT,True
BU-0264,Q,Pelayanan Kesehatan Swasta,Mikro,Kalimantan Timur,6,0,1055400,PAID_ON_TIME,WORKER_REGISTRATION_GAP,CANDIDATE_ONLY__REQUIRES_LEAKAGE_LABEL_AND_EVALUATION_AUDIT,True
BU-0265,H,"Transportasi, Pergudangan & Logistik",Menengah,Bali,0,0,80769600,UNPAID,CONTRIBUTION_PAYMENT_GAP,CANDIDATE_ONLY__REQUIRES_LEAKAGE_LABEL_AND_EVALUATION_AUDIT,True
BU-0266,C,Industri Pengolahan / Manufaktur,Kecil,Banten,18,0,3590100,PAID_ON_TIME,WORKER_REGISTRATION_GAP,CANDIDATE_ONLY__REQUIRES_LEAKAGE_LABEL_AND_EVALUATION_AUDIT,True
BU-0267,Q,Pelayanan Kesehatan Swasta,Besar,Riau,0,0,0,PAID_ON_TIME,NORMAL,CANDIDATE_ONLY__REQUIRES_LEAKAGE_LABEL_AND_EVALUATION_AUDIT,True
BU-0268,J,Informasi dan Komunikasi / Teknologi,Menengah,DKI Jakarta,0,0,0,PAID_ON_TIME,NORMAL,CANDIDATE_ONLY__REQUIRES_LEAKAGE_LABEL_AND_EVALUATION_AUDIT,True
BU-0269,F,Konstruksi & Infrastruktur,Menengah,Sulawesi Selatan,66,0,20139900,PAID_ON_TIME,WORKER_REGISTRATION_GAP,CANDIDATE_ONLY__REQUIRES_LEAKAGE_LABEL_AND_EVALUATION_AUDIT,True
BU-0270,H,"Transportasi, Pergudangan & Logistik",Mikro,Sumatera Utara,0,0,0,PAID_ON_TIME,NORMAL,CANDIDATE_ONLY__REQUIRES_LEAKAGE_LABEL_AND_EVALUATION_AUDIT,True
BU-0271,F,Konstruksi & Infrastruktur,Menengah,Jawa Timur,0,1338000,10570200,PAID_ON_TIME,WAGE_REPORTING_GAP,CANDIDATE_ONLY__REQUIRES_LEAKAGE_LABEL_AND_EVALUATION_AUDIT,True
BU-0272,K,Jasa Keuangan / Pembiayaan / Asuransi,Menengah,Jawa Barat,0,0,0,PAID_ON_TIME,NORMAL,CANDIDATE_ONLY__REQUIRES_LEAKAGE_LABEL_AND_EVALUATION_AUDIT,True
BU-0273,C,Industri Pengolahan / Manufaktur,Besar,Jawa Timur,244,0,141873800,PAID_ON_TIME,WORKER_REGISTRATION_GAP,CANDIDATE_ONLY__REQUIRES_LEAKAGE_LABEL_AND_EVALUATION_AUDIT,True
BU-0274,G,Perdagangan Besar dan Eceran,Kecil,Kalimantan Timur,19,0,5221200,PAID_ON_TIME,WORKER_REGISTRATION_GAP,CANDIDATE_ONLY__REQUIRES_LEAKAGE_LABEL_AND_EVALUATION_AUDIT,True
BU-0275,K,Jasa Keuangan / Pembiayaan / Asuransi,Besar,Banten,181,0,108600000,PAID_ON_TIME,WORKER_REGISTRATION_GAP,CANDIDATE_ONLY__REQUIRES_LEAKAGE_LABEL_AND_EVALUATION_AUDIT,True
BU-0276,A,Pertanian / Perkebunan / Kehutanan,Menengah,Sulawesi Selatan,0,0,0,PAID_ON_TIME,NORMAL,CANDIDATE_ONLY__REQUIRES_LEAKAGE_LABEL_AND_EVALUATION_AUDIT,True
BU-0277,J,Informasi dan Komunikasi / Teknologi,Mikro,Sulawesi Selatan,1,0,223150,PAID_ON_TIME,WORKER_REGISTRATION_GAP,CANDIDATE_ONLY__REQUIRES_LEAKAGE_LABEL_AND_EVALUATION_AUDIT,True
BU-0278,N,Jasa Penunjang Usaha / Outsourcing / Security,Kecil,Sulawesi Selatan,8,0,2162000,PAID_ON_TIME,WORKER_REGISTRATION_GAP,CANDIDATE_ONLY__REQUIRES_LEAKAGE_LABEL_AND_EVALUATION_AUDIT,True
BU-0279,C,Industri Pengolahan / Manufaktur,Menengah,Sumatera Utara,0,0,0,PAID_ON_TIME,NORMAL,CANDIDATE_ONLY__REQUIRES_LEAKAGE_LABEL_AND_EVALUATION_AUDIT,True
BU-0280,C,Industri Pengolahan / Manufaktur,Besar,Banten,0,0,0,PAID_ON_TIME,NORMAL,CANDIDATE_ONLY__REQUIRES_LEAKAGE_LABEL_AND_EVALUATION_AUDIT,True
BU-0281,N,Jasa Penunjang Usaha / Outsourcing / Security,Menengah,Jawa Tengah,75,0,21978750,PAID_ON_TIME,WORKER_REGISTRATION_GAP,CANDIDATE_ONLY__REQUIRES_LEAKAGE_LABEL_AND_EVALUATION_AUDIT,True
BU-0282,J,Informasi dan Komunikasi / Teknologi,Kecil,Riau,15,0,5353500,PAID_ON_TIME,WORKER_REGISTRATION_GAP,CANDIDATE_ONLY__REQUIRES_LEAKAGE_LABEL_AND_EVALUATION_AUDIT,True
BU-0283,C,Industri Pengolahan / Manufaktur,Menengah,Banten,80,0,32484000,PAID_ON_TIME,WORKER_REGISTRATION_GAP,CANDIDATE_ONLY__REQUIRES_LEAKAGE_LABEL_AND_EVALUATION_AUDIT,True
BU-0284,J,Informasi dan Komunikasi / Teknologi,Mikro,Banten,0,648000,259200,PAID_ON_TIME,WAGE_REPORTING_GAP,CANDIDATE_ONLY__REQUIRES_LEAKAGE_LABEL_AND_EVALUATION_AUDIT,True
BU-0285,J,Informasi dan Komunikasi / Teknologi,Mikro,Kalimantan Timur,0,0,3584700,UNPAID,CONTRIBUTION_PAYMENT_GAP,CANDIDATE_ONLY__REQUIRES_LEAKAGE_LABEL_AND_EVALUATION_AUDIT,True
BU-0286,J,Informasi dan Komunikasi / Teknologi,Kecil,DKI Jakarta,0,0,0,PAID_ON_TIME,NORMAL,CANDIDATE_ONLY__REQUIRES_LEAKAGE_LABEL_AND_EVALUATION_AUDIT,True
BU-0287,I,Penyediaan Akomodasi dan F&B,Menengah,Jawa Timur,36,1781000,39568000,UNPAID,MULTI_SIGNAL,CANDIDATE_ONLY__REQUIRES_LEAKAGE_LABEL_AND_EVALUATION_AUDIT,True
BU-0288,F,Konstruksi & Infrastruktur,Kecil,Sumatera Utara,0,0,0,PAID_ON_TIME,NORMAL,CANDIDATE_ONLY__REQUIRES_LEAKAGE_LABEL_AND_EVALUATION_AUDIT,True
BU-0289,I,Penyediaan Akomodasi dan F&B,Menengah,Sulawesi Selatan,0,0,64409700,UNPAID,CONTRIBUTION_PAYMENT_GAP,CANDIDATE_ONLY__REQUIRES_LEAKAGE_LABEL_AND_EVALUATION_AUDIT,True
BU-0290,F,Konstruksi & Infrastruktur,Kecil,Jawa Barat,0,0,0,PAID_ON_TIME,NORMAL,CANDIDATE_ONLY__REQUIRES_LEAKAGE_LABEL_AND_EVALUATION_AUDIT,True
BU-0291,C,Industri Pengolahan / Manufaktur,Menengah,Bali,0,863000,4271850,PAID_ON_TIME,WAGE_REPORTING_GAP,CANDIDATE_ONLY__REQUIRES_LEAKAGE_LABEL_AND_EVALUATION_AUDIT,True
BU-0292,A,Pertanian / Perkebunan / Kehutanan,Menengah,DKI Jakarta,72,0,36176400,PAID_ON_TIME,WORKER_REGISTRATION_GAP,CANDIDATE_ONLY__REQUIRES_LEAKAGE_LABEL_AND_EVALUATION_AUDIT,True
BU-0293,F,Konstruksi & Infrastruktur,Menengah,Jawa Timur,0,926000,5833800,PAID_ON_TIME,WAGE_REPORTING_GAP,CANDIDATE_ONLY__REQUIRES_LEAKAGE_LABEL_AND_EVALUATION_AUDIT,True
BU-0294,I,Penyediaan Akomodasi dan F&B,Besar,Jawa Barat,0,0,0,PAID_ON_TIME,NORMAL,CANDIDATE_ONLY__REQUIRES_LEAKAGE_LABEL_AND_EVALUATION_AUDIT,True
BU-0295,C,Industri Pengolahan / Manufaktur,Menengah,Bali,0,0,26304000,UNPAID,CONTRIBUTION_PAYMENT_GAP,CANDIDATE_ONLY__REQUIRES_LEAKAGE_LABEL_AND_EVALUATION_AUDIT,True
BU-0296,H,"Transportasi, Pergudangan & Logistik",Kecil,Bali,17,0,5434050,PAID_ON_TIME,WORKER_REGISTRATION_GAP,CANDIDATE_ONLY__REQUIRES_LEAKAGE_LABEL_AND_EVALUATION_AUDIT,True
BU-0297,G,Perdagangan Besar dan Eceran,Kecil,Jawa Tengah,0,0,0,PAID_ON_TIME,NORMAL,CANDIDATE_ONLY__REQUIRES_LEAKAGE_LABEL_AND_EVALUATION_AUDIT,True
BU-0298,N,Jasa Penunjang Usaha / Outsourcing / Security,Kecil,Bali,0,0,0,PAID_ON_TIME,NORMAL,CANDIDATE_ONLY__REQUIRES_LEAKAGE_LABEL_AND_EVALUATION_AUDIT,True
BU-0299,N,Jasa Penunjang Usaha / Outsourcing / Security,Kecil,Jawa Timur,0,755000,1812000,PAID_ON_TIME,WAGE_REPORTING_GAP,CANDIDATE_ONLY__REQUIRES_LEAKAGE_LABEL_AND_EVALUATION_AUDIT,True
BU-0300,G,Perdagangan Besar dan Eceran,Kecil,Kalimantan Timur,10,1074000,6560400,UNPAID,MULTI_SIGNAL,CANDIDATE_ONLY__REQUIRES_LEAKAGE_LABEL_AND_EVALUATION_AUDIT,True
BU-0301,F,Konstruksi & Infrastruktur,Kecil,Jawa Timur,0,0,0,PAID_ON_TIME,NORMAL,CANDIDATE_ONLY__REQUIRES_LEAKAGE_LABEL_AND_EVALUATION_AUDIT,True
BU-0302,N,Jasa Penunjang Usaha / Outsourcing / Security,Mikro,DKI Jakarta,0,0,0,PAID_ON_TIME,NORMAL,CANDIDATE_ONLY__REQUIRES_LEAKAGE_LABEL_AND_EVALUATION_AUDIT,True
BU-0303,G,Perdagangan Besar dan Eceran,Besar,Riau,333,0,190675800,PAID_ON_TIME,WORKER_REGISTRATION_GAP,CANDIDATE_ONLY__REQUIRES_LEAKAGE_LABEL_AND_EVALUATION_AUDIT,True
BU-0304,H,"Transportasi, Pergudangan & Logistik",Kecil,Banten,0,0,0,PAID_ON_TIME,NORMAL,CANDIDATE_ONLY__REQUIRES_LEAKAGE_LABEL_AND_EVALUATION_AUDIT,True
BU-0305,H,"Transportasi, Pergudangan & Logistik",Kecil,Sulawesi Selatan,0,0,0,PAID_ON_TIME,NORMAL,CANDIDATE_ONLY__REQUIRES_LEAKAGE_LABEL_AND_EVALUATION_AUDIT,True
BU-0306,C,Industri Pengolahan / Manufaktur,Menengah,Riau,0,0,38535000,UNPAID,CONTRIBUTION_PAYMENT_GAP,CANDIDATE_ONLY__REQUIRES_LEAKAGE_LABEL_AND_EVALUATION_AUDIT,True
BU-0307,A,Pertanian / Perkebunan / Kehutanan,Mikro,Jawa Tengah,0,0,0,PAID_ON_TIME,NORMAL,CANDIDATE_ONLY__REQUIRES_LEAKAGE_LABEL_AND_EVALUATION_AUDIT,True
BU-0308,J,Informasi dan Komunikasi / Teknologi,Kecil,Banten,4,0,1466200,PAID_ON_TIME,WORKER_REGISTRATION_GAP,CANDIDATE_ONLY__REQUIRES_LEAKAGE_LABEL_AND_EVALUATION_AUDIT,True
BU-0309,A,Pertanian / Perkebunan / Kehutanan,Kecil,Banten,0,0,0,PAID_ON_TIME,NORMAL,CANDIDATE_ONLY__REQUIRES_LEAKAGE_LABEL_AND_EVALUATION_AUDIT,True
BU-0310,A,Pertanian / Perkebunan / Kehutanan,Kecil,Sumatera Utara,0,0,13795900,UNPAID,CONTRIBUTION_PAYMENT_GAP,CANDIDATE_ONLY__REQUIRES_LEAKAGE_LABEL_AND_EVALUATION_AUDIT,True
BU-0311,I,Penyediaan Akomodasi dan F&B,Kecil,Riau,0,0,0,PAID_ON_TIME,NORMAL,CANDIDATE_ONLY__REQUIRES_LEAKAGE_LABEL_AND_EVALUATION_AUDIT,True
BU-0312,F,Konstruksi & Infrastruktur,Kecil,Jawa Tengah,0,795000,1431000,PAID_ON_TIME,WAGE_REPORTING_GAP,CANDIDATE_ONLY__REQUIRES_LEAKAGE_LABEL_AND_EVALUATION_AUDIT,True
BU-0313,C,Industri Pengolahan / Manufaktur,Menengah,Jawa Timur,0,0,0,PAID_ON_TIME,NORMAL,CANDIDATE_ONLY__REQUIRES_LEAKAGE_LABEL_AND_EVALUATION_AUDIT,True
BU-0314,N,Jasa Penunjang Usaha / Outsourcing / Security,Besar,Sumatera Utara,0,0,0,PAID_ON_TIME,NORMAL,CANDIDATE_ONLY__REQUIRES_LEAKAGE_LABEL_AND_EVALUATION_AUDIT,True
BU-0315,C,Industri Pengolahan / Manufaktur,Besar,Banten,0,0,0,PAID_ON_TIME,NORMAL,CANDIDATE_ONLY__REQUIRES_LEAKAGE_LABEL_AND_EVALUATION_AUDIT,True
BU-0316,K,Jasa Keuangan / Pembiayaan / Asuransi,Kecil,Riau,0,0,5720000,UNPAID,CONTRIBUTION_PAYMENT_GAP,CANDIDATE_ONLY__REQUIRES_LEAKAGE_LABEL_AND_EVALUATION_AUDIT,True
BU-0317,A,Pertanian / Perkebunan / Kehutanan,Kecil,Jawa Barat,0,0,0,PAID_ON_TIME,NORMAL,CANDIDATE_ONLY__REQUIRES_LEAKAGE_LABEL_AND_EVALUATION_AUDIT,True
BU-0318,H,"Transportasi, Pergudangan & Logistik",Menengah,Jawa Timur,0,0,66513600,UNPAID,CONTRIBUTION_PAYMENT_GAP,CANDIDATE_ONLY__REQUIRES_LEAKAGE_LABEL_AND_EVALUATION_AUDIT,True
BU-0319,I,Penyediaan Akomodasi dan F&B,Kecil,Sulawesi Selatan,0,0,0,PAID_ON_TIME,NORMAL,CANDIDATE_ONLY__REQUIRES_LEAKAGE_LABEL_AND_EVALUATION_AUDIT,True
BU-0320,N,Jasa Penunjang Usaha / Outsourcing / Security,Kecil,Jawa Tengah,0,0,0,PAID_ON_TIME,NORMAL,CANDIDATE_ONLY__REQUIRES_LEAKAGE_LABEL_AND_EVALUATION_AUDIT,True
BU-0321,G,Perdagangan Besar dan Eceran,Besar,Jawa Barat,0,0,163200000,UNPAID,CONTRIBUTION_PAYMENT_GAP,CANDIDATE_ONLY__REQUIRES_LEAKAGE_LABEL_AND_EVALUATION_AUDIT,True
BU-0322,F,Konstruksi & Infrastruktur,Menengah,Jawa Timur,0,0,0,PAID_ON_TIME,NORMAL,CANDIDATE_ONLY__REQUIRES_LEAKAGE_LABEL_AND_EVALUATION_AUDIT,True
BU-0323,J,Informasi dan Komunikasi / Teknologi,Kecil,Jawa Barat,22,0,7904600,PAID_ON_TIME,WORKER_REGISTRATION_GAP,CANDIDATE_ONLY__REQUIRES_LEAKAGE_LABEL_AND_EVALUATION_AUDIT,True
BU-0324,G,Perdagangan Besar dan Eceran,Kecil,Sumatera Utara,0,0,0,PAID_ON_TIME,NORMAL,CANDIDATE_ONLY__REQUIRES_LEAKAGE_LABEL_AND_EVALUATION_AUDIT,True
BU-0325,J,Informasi dan Komunikasi / Teknologi,Mikro,Riau,0,0,0,PAID_ON_TIME,NORMAL,CANDIDATE_ONLY__REQUIRES_LEAKAGE_LABEL_AND_EVALUATION_AUDIT,True
BU-0326,G,Perdagangan Besar dan Eceran,Besar,Riau,0,0,0,PAID_ON_TIME,NORMAL,CANDIDATE_ONLY__REQUIRES_LEAKAGE_LABEL_AND_EVALUATION_AUDIT,True
BU-0327,Q,Pelayanan Kesehatan Swasta,Besar,Jawa Barat,0,0,0,PAID_ON_TIME,NORMAL,CANDIDATE_ONLY__REQUIRES_LEAKAGE_LABEL_AND_EVALUATION_AUDIT,True
BU-0328,C,Industri Pengolahan / Manufaktur,Menengah,Jawa Tengah,0,0,0,PAID_ON_TIME,NORMAL,CANDIDATE_ONLY__REQUIRES_LEAKAGE_LABEL_AND_EVALUATION_AUDIT,True
BU-0329,Q,Pelayanan Kesehatan Swasta,Kecil,Kalimantan Timur,0,0,0,PAID_ON_TIME,NORMAL,CANDIDATE_ONLY__REQUIRES_LEAKAGE_LABEL_AND_EVALUATION_AUDIT,True
BU-0330,Q,Pelayanan Kesehatan Swasta,Mikro,Riau,1,942000,785250,UNPAID,MULTI_SIGNAL,CANDIDATE_ONLY__REQUIRES_LEAKAGE_LABEL_AND_EVALUATION_AUDIT,True
BU-0331,A,Pertanian / Perkebunan / Kehutanan,Kecil,Sumatera Utara,0,0,0,PAID_ON_TIME,NORMAL,CANDIDATE_ONLY__REQUIRES_LEAKAGE_LABEL_AND_EVALUATION_AUDIT,True
BU-0332,C,Industri Pengolahan / Manufaktur,Kecil,Bali,0,0,0,PAID_ON_TIME,NORMAL,CANDIDATE_ONLY__REQUIRES_LEAKAGE_LABEL_AND_EVALUATION_AUDIT,True
BU-0333,F,Konstruksi & Infrastruktur,Besar,Banten,0,0,431400000,UNPAID,CONTRIBUTION_PAYMENT_GAP,CANDIDATE_ONLY__REQUIRES_LEAKAGE_LABEL_AND_EVALUATION_AUDIT,True
BU-0334,Q,Pelayanan Kesehatan Swasta,Kecil,Sumatera Utara,0,0,0,PAID_ON_TIME,NORMAL,CANDIDATE_ONLY__REQUIRES_LEAKAGE_LABEL_AND_EVALUATION_AUDIT,True
BU-0335,G,Perdagangan Besar dan Eceran,Kecil,Sumatera Utara,0,698000,1570500,PAID_ON_TIME,WAGE_REPORTING_GAP,CANDIDATE_ONLY__REQUIRES_LEAKAGE_LABEL_AND_EVALUATION_AUDIT,True
BU-0336,Q,Pelayanan Kesehatan Swasta,Menengah,Jawa Tengah,0,0,0,PAID_ON_TIME,NORMAL,CANDIDATE_ONLY__REQUIRES_LEAKAGE_LABEL_AND_EVALUATION_AUDIT,True
BU-0337,F,Konstruksi & Infrastruktur,Besar,Jawa Tengah,0,0,0,PAID_ON_TIME,NORMAL,CANDIDATE_ONLY__REQUIRES_LEAKAGE_LABEL_AND_EVALUATION_AUDIT,True
BU-0338,N,Jasa Penunjang Usaha / Outsourcing / Security,Menengah,Jawa Tengah,0,0,0,PAID_ON_TIME,NORMAL,CANDIDATE_ONLY__REQUIRES_LEAKAGE_LABEL_AND_EVALUATION_AUDIT,True
BU-0339,Q,Pelayanan Kesehatan Swasta,Besar,Riau,0,0,0,PAID_ON_TIME,NORMAL,CANDIDATE_ONLY__REQUIRES_LEAKAGE_LABEL_AND_EVALUATION_AUDIT,True
BU-0340,A,Pertanian / Perkebunan / Kehutanan,Mikro,Kalimantan Timur,0,0,0,PAID_ON_TIME,NORMAL,CANDIDATE_ONLY__REQUIRES_LEAKAGE_LABEL_AND_EVALUATION_AUDIT,True
BU-0341,Q,Pelayanan Kesehatan Swasta,Mikro,Banten,0,0,0,PAID_ON_TIME,NORMAL,CANDIDATE_ONLY__REQUIRES_LEAKAGE_LABEL_AND_EVALUATION_AUDIT,True
BU-0342,I,Penyediaan Akomodasi dan F&B,Menengah,Riau,0,0,0,PAID_ON_TIME,NORMAL,CANDIDATE_ONLY__REQUIRES_LEAKAGE_LABEL_AND_EVALUATION_AUDIT,True
BU-0343,N,Jasa Penunjang Usaha / Outsourcing / Security,Besar,Kalimantan Timur,0,0,0,PAID_ON_TIME,NORMAL,CANDIDATE_ONLY__REQUIRES_LEAKAGE_LABEL_AND_EVALUATION_AUDIT,True
BU-0344,K,Jasa Keuangan / Pembiayaan / Asuransi,Menengah,Kalimantan Timur,0,0,0,PAID_ON_TIME,NORMAL,CANDIDATE_ONLY__REQUIRES_LEAKAGE_LABEL_AND_EVALUATION_AUDIT,True
BU-0345,G,Perdagangan Besar dan Eceran,Menengah,Jawa Tengah,58,0,23400100,PAID_ON_TIME,WORKER_REGISTRATION_GAP,CANDIDATE_ONLY__REQUIRES_LEAKAGE_LABEL_AND_EVALUATION_AUDIT,True
BU-0346,C,Industri Pengolahan / Manufaktur,Menengah,Banten,0,0,34900000,UNPAID,CONTRIBUTION_PAYMENT_GAP,CANDIDATE_ONLY__REQUIRES_LEAKAGE_LABEL_AND_EVALUATION_AUDIT,True
BU-0347,F,Konstruksi & Infrastruktur,Besar,Kalimantan Timur,0,2211000,59960800,PAID_ON_TIME,WAGE_REPORTING_GAP,CANDIDATE_ONLY__REQUIRES_LEAKAGE_LABEL_AND_EVALUATION_AUDIT,True
BU-0348,N,Jasa Penunjang Usaha / Outsourcing / Security,Menengah,Sulawesi Selatan,0,0,0,PAID_ON_TIME,NORMAL,CANDIDATE_ONLY__REQUIRES_LEAKAGE_LABEL_AND_EVALUATION_AUDIT,True
BU-0349,N,Jasa Penunjang Usaha / Outsourcing / Security,Besar,Sumatera Utara,0,0,0,PAID_ON_TIME,NORMAL,CANDIDATE_ONLY__REQUIRES_LEAKAGE_LABEL_AND_EVALUATION_AUDIT,True
BU-0350,A,Pertanian / Perkebunan / Kehutanan,Menengah,Banten,0,0,0,PAID_ON_TIME,NORMAL,CANDIDATE_ONLY__REQUIRES_LEAKAGE_LABEL_AND_EVALUATION_AUDIT,True
BU-0351,F,Konstruksi & Infrastruktur,Menengah,DKI Jakarta,0,1534000,6059300,PAID_ON_TIME,WAGE_REPORTING_GAP,CANDIDATE_ONLY__REQUIRES_LEAKAGE_LABEL_AND_EVALUATION_AUDIT,True
BU-0352,C,Industri Pengolahan / Manufaktur,Kecil,Jawa Timur,15,1193000,11267600,UNPAID,MULTI_SIGNAL,CANDIDATE_ONLY__REQUIRES_LEAKAGE_LABEL_AND_EVALUATION_AUDIT,True
BU-0353,C,Industri Pengolahan / Manufaktur,Kecil,Jawa Barat,22,0,6024700,PAID_ON_TIME,WORKER_REGISTRATION_GAP,CANDIDATE_ONLY__REQUIRES_LEAKAGE_LABEL_AND_EVALUATION_AUDIT,True
BU-0354,H,"Transportasi, Pergudangan & Logistik",Menengah,Kalimantan Timur,86,0,28276800,PAID_ON_TIME,WORKER_REGISTRATION_GAP,CANDIDATE_ONLY__REQUIRES_LEAKAGE_LABEL_AND_EVALUATION_AUDIT,True
BU-0355,N,Jasa Penunjang Usaha / Outsourcing / Security,Menengah,Sumatera Utara,0,0,0,PAID_ON_TIME,NORMAL,CANDIDATE_ONLY__REQUIRES_LEAKAGE_LABEL_AND_EVALUATION_AUDIT,True
BU-0356,F,Konstruksi & Infrastruktur,Menengah,Bali,0,0,0,PAID_ON_TIME,NORMAL,CANDIDATE_ONLY__REQUIRES_LEAKAGE_LABEL_AND_EVALUATION_AUDIT,True
BU-0357,A,Pertanian / Perkebunan / Kehutanan,Kecil,Jawa Barat,0,0,0,PAID_ON_TIME,NORMAL,CANDIDATE_ONLY__REQUIRES_LEAKAGE_LABEL_AND_EVALUATION_AUDIT,True
BU-0358,H,"Transportasi, Pergudangan & Logistik",Kecil,Jawa Barat,14,0,4349100,PAID_ON_TIME,WORKER_REGISTRATION_GAP,CANDIDATE_ONLY__REQUIRES_LEAKAGE_LABEL_AND_EVALUATION_AUDIT,True
BU-0359,G,Perdagangan Besar dan Eceran,Kecil,Sulawesi Selatan,0,1397000,3003550,PAID_ON_TIME,WAGE_REPORTING_GAP,CANDIDATE_ONLY__REQUIRES_LEAKAGE_LABEL_AND_EVALUATION_AUDIT,True
BU-0360,I,Penyediaan Akomodasi dan F&B,Besar,Kalimantan Timur,248,0,81579600,PAID_ON_TIME,WORKER_REGISTRATION_GAP,CANDIDATE_ONLY__REQUIRES_LEAKAGE_LABEL_AND_EVALUATION_AUDIT,True
BU-0361,C,Industri Pengolahan / Manufaktur,Kecil,Kalimantan Timur,7,0,1825950,PAID_ON_TIME,WORKER_REGISTRATION_GAP,CANDIDATE_ONLY__REQUIRES_LEAKAGE_LABEL_AND_EVALUATION_AUDIT,True
BU-0362,N,Jasa Penunjang Usaha / Outsourcing / Security,Mikro,Banten,0,0,0,PAID_ON_TIME,NORMAL,CANDIDATE_ONLY__REQUIRES_LEAKAGE_LABEL_AND_EVALUATION_AUDIT,True
BU-0363,G,Perdagangan Besar dan Eceran,Besar,DKI Jakarta,285,0,148228500,PAID_ON_TIME,WORKER_REGISTRATION_GAP,CANDIDATE_ONLY__REQUIRES_LEAKAGE_LABEL_AND_EVALUATION_AUDIT,True
BU-0364,C,Industri Pengolahan / Manufaktur,Kecil,Jawa Tengah,9,1067000,5926000,UNPAID,MULTI_SIGNAL,CANDIDATE_ONLY__REQUIRES_LEAKAGE_LABEL_AND_EVALUATION_AUDIT,True
BU-0365,A,Pertanian / Perkebunan / Kehutanan,Menengah,Riau,0,0,0,PAID_ON_TIME,NORMAL,CANDIDATE_ONLY__REQUIRES_LEAKAGE_LABEL_AND_EVALUATION_AUDIT,True
BU-0366,C,Industri Pengolahan / Manufaktur,Kecil,Jawa Tengah,0,0,0,PAID_ON_TIME,NORMAL,CANDIDATE_ONLY__REQUIRES_LEAKAGE_LABEL_AND_EVALUATION_AUDIT,True
BU-0367,N,Jasa Penunjang Usaha / Outsourcing / Security,Menengah,Bali,0,0,0,PAID_ON_TIME,NORMAL,CANDIDATE_ONLY__REQUIRES_LEAKAGE_LABEL_AND_EVALUATION_AUDIT,True
BU-0368,Q,Pelayanan Kesehatan Swasta,Kecil,Riau,15,1252000,11825200,UNPAID,MULTI_SIGNAL,CANDIDATE_ONLY__REQUIRES_LEAKAGE_LABEL_AND_EVALUATION_AUDIT,True
BU-0369,Q,Pelayanan Kesehatan Swasta,Besar,Sulawesi Selatan,0,2051000,73015600,PAID_ON_TIME,WAGE_REPORTING_GAP,CANDIDATE_ONLY__REQUIRES_LEAKAGE_LABEL_AND_EVALUATION_AUDIT,True
BU-0370,G,Perdagangan Besar dan Eceran,Kecil,Banten,0,0,0,PAID_ON_TIME,NORMAL,CANDIDATE_ONLY__REQUIRES_LEAKAGE_LABEL_AND_EVALUATION_AUDIT,True
BU-0371,F,Konstruksi & Infrastruktur,Menengah,DKI Jakarta,0,0,0,PAID_ON_TIME,NORMAL,CANDIDATE_ONLY__REQUIRES_LEAKAGE_LABEL_AND_EVALUATION_AUDIT,True
BU-0372,H,"Transportasi, Pergudangan & Logistik",Kecil,Bali,0,0,13903200,UNPAID,CONTRIBUTION_PAYMENT_GAP,CANDIDATE_ONLY__REQUIRES_LEAKAGE_LABEL_AND_EVALUATION_AUDIT,True
BU-0373,N,Jasa Penunjang Usaha / Outsourcing / Security,Mikro,Sulawesi Selatan,0,0,0,PAID_ON_TIME,NORMAL,CANDIDATE_ONLY__REQUIRES_LEAKAGE_LABEL_AND_EVALUATION_AUDIT,True
BU-0374,F,Konstruksi & Infrastruktur,Menengah,Sulawesi Selatan,0,0,85074300,UNPAID,CONTRIBUTION_PAYMENT_GAP,CANDIDATE_ONLY__REQUIRES_LEAKAGE_LABEL_AND_EVALUATION_AUDIT,True
BU-0375,A,Pertanian / Perkebunan / Kehutanan,Mikro,Jawa Barat,0,866000,173200,PAID_ON_TIME,WAGE_REPORTING_GAP,CANDIDATE_ONLY__REQUIRES_LEAKAGE_LABEL_AND_EVALUATION_AUDIT,True
BU-0376,C,Industri Pengolahan / Manufaktur,Besar,Jawa Tengah,0,0,0,PAID_ON_TIME,NORMAL,CANDIDATE_ONLY__REQUIRES_LEAKAGE_LABEL_AND_EVALUATION_AUDIT,True
BU-0377,F,Konstruksi & Infrastruktur,Kecil,Jawa Timur,0,0,0,PAID_ON_TIME,NORMAL,CANDIDATE_ONLY__REQUIRES_LEAKAGE_LABEL_AND_EVALUATION_AUDIT,True
BU-0378,I,Penyediaan Akomodasi dan F&B,Menengah,Jawa Barat,81,1423000,71172000,UNPAID,MULTI_SIGNAL,CANDIDATE_ONLY__REQUIRES_LEAKAGE_LABEL_AND_EVALUATION_AUDIT,True
BU-0379,H,"Transportasi, Pergudangan & Logistik",Besar,DKI Jakarta,0,0,0,PAID_ON_TIME,NORMAL,CANDIDATE_ONLY__REQUIRES_LEAKAGE_LABEL_AND_EVALUATION_AUDIT,True
BU-0380,K,Jasa Keuangan / Pembiayaan / Asuransi,Mikro,Sumatera Utara,0,890000,133500,PAID_ON_TIME,WAGE_REPORTING_GAP,CANDIDATE_ONLY__REQUIRES_LEAKAGE_LABEL_AND_EVALUATION_AUDIT,True
BU-0381,C,Industri Pengolahan / Manufaktur,Menengah,Kalimantan Timur,0,0,0,PAID_ON_TIME,NORMAL,CANDIDATE_ONLY__REQUIRES_LEAKAGE_LABEL_AND_EVALUATION_AUDIT,True
BU-0382,K,Jasa Keuangan / Pembiayaan / Asuransi,Menengah,Riau,0,0,0,PAID_ON_TIME,NORMAL,CANDIDATE_ONLY__REQUIRES_LEAKAGE_LABEL_AND_EVALUATION_AUDIT,True
BU-0383,I,Penyediaan Akomodasi dan F&B,Kecil,Riau,10,0,2608000,PAID_ON_TIME,WORKER_REGISTRATION_GAP,CANDIDATE_ONLY__REQUIRES_LEAKAGE_LABEL_AND_EVALUATION_AUDIT,True
BU-0384,A,Pertanian / Perkebunan / Kehutanan,Menengah,Sumatera Utara,33,0,10541850,PAID_ON_TIME,WORKER_REGISTRATION_GAP,CANDIDATE_ONLY__REQUIRES_LEAKAGE_LABEL_AND_EVALUATION_AUDIT,True
BU-0385,A,Pertanian / Perkebunan / Kehutanan,Mikro,Jawa Barat,0,685000,411000,PAID_ON_TIME,WAGE_REPORTING_GAP,CANDIDATE_ONLY__REQUIRES_LEAKAGE_LABEL_AND_EVALUATION_AUDIT,True
BU-0386,A,Pertanian / Perkebunan / Kehutanan,Kecil,Jawa Timur,0,0,0,PAID_ON_TIME,NORMAL,CANDIDATE_ONLY__REQUIRES_LEAKAGE_LABEL_AND_EVALUATION_AUDIT,True
BU-0387,I,Penyediaan Akomodasi dan F&B,Mikro,Kalimantan Timur,1,0,230650,PAID_ON_TIME,WORKER_REGISTRATION_GAP,CANDIDATE_ONLY__REQUIRES_LEAKAGE_LABEL_AND_EVALUATION_AUDIT,True
BU-0388,H,"Transportasi, Pergudangan & Logistik",Kecil,Bali,0,0,0,PAID_ON_TIME,NORMAL,CANDIDATE_ONLY__REQUIRES_LEAKAGE_LABEL_AND_EVALUATION_AUDIT,True
BU-0389,A,Pertanian / Perkebunan / Kehutanan,Menengah,Riau,0,0,47203200,UNPAID,CONTRIBUTION_PAYMENT_GAP,CANDIDATE_ONLY__REQUIRES_LEAKAGE_LABEL_AND_EVALUATION_AUDIT,True
BU-0390,H,"Transportasi, Pergudangan & Logistik",Mikro,Bali,0,0,969750,UNPAID,CONTRIBUTION_PAYMENT_GAP,CANDIDATE_ONLY__REQUIRES_LEAKAGE_LABEL_AND_EVALUATION_AUDIT,True
BU-0391,J,Informasi dan Komunikasi / Teknologi,Mikro,Sulawesi Selatan,0,0,0,PAID_ON_TIME,NORMAL,CANDIDATE_ONLY__REQUIRES_LEAKAGE_LABEL_AND_EVALUATION_AUDIT,True
BU-0392,A,Pertanian / Perkebunan / Kehutanan,Kecil,Kalimantan Timur,0,0,0,PAID_ON_TIME,NORMAL,CANDIDATE_ONLY__REQUIRES_LEAKAGE_LABEL_AND_EVALUATION_AUDIT,True
BU-0393,Q,Pelayanan Kesehatan Swasta,Mikro,Jawa Timur,0,0,0,PAID_ON_TIME,NORMAL,CANDIDATE_ONLY__REQUIRES_LEAKAGE_LABEL_AND_EVALUATION_AUDIT,True
BU-0394,I,Penyediaan Akomodasi dan F&B,Kecil,Kalimantan Timur,0,1191000,2382000,PAID_ON_TIME,WAGE_REPORTING_GAP,CANDIDATE_ONLY__REQUIRES_LEAKAGE_LABEL_AND_EVALUATION_AUDIT,True
BU-0395,F,Konstruksi & Infrastruktur,Menengah,Jawa Timur,0,0,0,PAID_ON_TIME,NORMAL,CANDIDATE_ONLY__REQUIRES_LEAKAGE_LABEL_AND_EVALUATION_AUDIT,True
BU-0396,F,Konstruksi & Infrastruktur,Mikro,DKI Jakarta,0,0,1424000,UNPAID,CONTRIBUTION_PAYMENT_GAP,CANDIDATE_ONLY__REQUIRES_LEAKAGE_LABEL_AND_EVALUATION_AUDIT,True
BU-0397,C,Industri Pengolahan / Manufaktur,Kecil,Bali,0,1333000,2932600,PAID_ON_TIME,WAGE_REPORTING_GAP,CANDIDATE_ONLY__REQUIRES_LEAKAGE_LABEL_AND_EVALUATION_AUDIT,True
BU-0398,N,Jasa Penunjang Usaha / Outsourcing / Security,Kecil,Jawa Tengah,0,907000,2358200,PAID_ON_TIME,WAGE_REPORTING_GAP,CANDIDATE_ONLY__REQUIRES_LEAKAGE_LABEL_AND_EVALUATION_AUDIT,True
BU-0399,I,Penyediaan Akomodasi dan F&B,Kecil,DKI Jakarta,0,0,0,PAID_ON_TIME,NORMAL,CANDIDATE_ONLY__REQUIRES_LEAKAGE_LABEL_AND_EVALUATION_AUDIT,True
BU-0400,K,Jasa Keuangan / Pembiayaan / Asuransi,Menengah,Kalimantan Timur,0,0,0,PAID_ON_TIME,NORMAL,CANDIDATE_ONLY__REQUIRES_LEAKAGE_LABEL_AND_EVALUATION_AUDIT,True
BU-0401,G,Perdagangan Besar dan Eceran,Mikro,Bali,0,0,0,PAID_ON_TIME,NORMAL,CANDIDATE_ONLY__REQUIRES_LEAKAGE_LABEL_AND_EVALUATION_AUDIT,True
BU-0402,Q,Pelayanan Kesehatan Swasta,Kecil,Jawa Timur,0,0,3877500,UNPAID,CONTRIBUTION_PAYMENT_GAP,CANDIDATE_ONLY__REQUIRES_LEAKAGE_LABEL_AND_EVALUATION_AUDIT,True
BU-0403,N,Jasa Penunjang Usaha / Outsourcing / Security,Kecil,Jawa Barat,18,0,6480000,PAID_ON_TIME,WORKER_REGISTRATION_GAP,CANDIDATE_ONLY__REQUIRES_LEAKAGE_LABEL_AND_EVALUATION_AUDIT,True
BU-0404,A,Pertanian / Perkebunan / Kehutanan,Kecil,Sumatera Utara,0,0,0,PAID_ON_TIME,NORMAL,CANDIDATE_ONLY__REQUIRES_LEAKAGE_LABEL_AND_EVALUATION_AUDIT,True
BU-0405,Q,Pelayanan Kesehatan Swasta,Besar,Kalimantan Timur,274,0,127094900,PAID_ON_TIME,WORKER_REGISTRATION_GAP,CANDIDATE_ONLY__REQUIRES_LEAKAGE_LABEL_AND_EVALUATION_AUDIT,True
BU-0406,H,"Transportasi, Pergudangan & Logistik",Kecil,DKI Jakarta,0,1349000,1011750,PAID_ON_TIME,WAGE_REPORTING_GAP,CANDIDATE_ONLY__REQUIRES_LEAKAGE_LABEL_AND_EVALUATION_AUDIT,True
BU-0407,A,Pertanian / Perkebunan / Kehutanan,Kecil,Banten,0,0,0,PAID_ON_TIME,NORMAL,CANDIDATE_ONLY__REQUIRES_LEAKAGE_LABEL_AND_EVALUATION_AUDIT,True
BU-0408,F,Konstruksi & Infrastruktur,Menengah,Kalimantan Timur,0,0,84938100,UNPAID,CONTRIBUTION_PAYMENT_GAP,CANDIDATE_ONLY__REQUIRES_LEAKAGE_LABEL_AND_EVALUATION_AUDIT,True
BU-0409,H,"Transportasi, Pergudangan & Logistik",Menengah,Jawa Timur,0,0,0,PAID_ON_TIME,NORMAL,CANDIDATE_ONLY__REQUIRES_LEAKAGE_LABEL_AND_EVALUATION_AUDIT,True
BU-0410,A,Pertanian / Perkebunan / Kehutanan,Mikro,Jawa Tengah,0,0,0,PAID_ON_TIME,NORMAL,CANDIDATE_ONLY__REQUIRES_LEAKAGE_LABEL_AND_EVALUATION_AUDIT,True
BU-0411,G,Perdagangan Besar dan Eceran,Besar,Jawa Timur,99,0,45213300,PAID_ON_TIME,WORKER_REGISTRATION_GAP,CANDIDATE_ONLY__REQUIRES_LEAKAGE_LABEL_AND_EVALUATION_AUDIT,True
BU-0412,I,Penyediaan Akomodasi dan F&B,Kecil,Jawa Timur,0,0,0,PAID_ON_TIME,NORMAL,CANDIDATE_ONLY__REQUIRES_LEAKAGE_LABEL_AND_EVALUATION_AUDIT,True
BU-0413,K,Jasa Keuangan / Pembiayaan / Asuransi,Besar,Banten,0,0,0,PAID_ON_TIME,NORMAL,CANDIDATE_ONLY__REQUIRES_LEAKAGE_LABEL_AND_EVALUATION_AUDIT,True
BU-0414,I,Penyediaan Akomodasi dan F&B,Kecil,DKI Jakarta,18,0,6627600,PAID_ON_TIME,WORKER_REGISTRATION_GAP,CANDIDATE_ONLY__REQUIRES_LEAKAGE_LABEL_AND_EVALUATION_AUDIT,True
BU-0415,F,Konstruksi & Infrastruktur,Kecil,Kalimantan Timur,18,0,5681700,PAID_ON_TIME,WORKER_REGISTRATION_GAP,CANDIDATE_ONLY__REQUIRES_LEAKAGE_LABEL_AND_EVALUATION_AUDIT,True
BU-0416,J,Informasi dan Komunikasi / Teknologi,Kecil,DKI Jakarta,0,0,0,PAID_ON_TIME,NORMAL,CANDIDATE_ONLY__REQUIRES_LEAKAGE_LABEL_AND_EVALUATION_AUDIT,True
BU-0417,H,"Transportasi, Pergudangan & Logistik",Menengah,Banten,0,0,0,PAID_ON_TIME,NORMAL,CANDIDATE_ONLY__REQUIRES_LEAKAGE_LABEL_AND_EVALUATION_AUDIT,True
BU-0418,H,"Transportasi, Pergudangan & Logistik",Kecil,Kalimantan Timur,0,0,0,PAID_ON_TIME,NORMAL,CANDIDATE_ONLY__REQUIRES_LEAKAGE_LABEL_AND_EVALUATION_AUDIT,True
BU-0419,G,Perdagangan Besar dan Eceran,Kecil,Sumatera Utara,0,0,0,PAID_ON_TIME,NORMAL,CANDIDATE_ONLY__REQUIRES_LEAKAGE_LABEL_AND_EVALUATION_AUDIT,True
BU-0420,N,Jasa Penunjang Usaha / Outsourcing / Security,Menengah,Jawa Timur,0,0,0,PAID_ON_TIME,NORMAL,CANDIDATE_ONLY__REQUIRES_LEAKAGE_LABEL_AND_EVALUATION_AUDIT,True
BU-0421,I,Penyediaan Akomodasi dan F&B,Besar,Riau,259,2183000,345600000,UNPAID,MULTI_SIGNAL,CANDIDATE_ONLY__REQUIRES_LEAKAGE_LABEL_AND_EVALUATION_AUDIT,True
BU-0422,K,Jasa Keuangan / Pembiayaan / Asuransi,Mikro,Jawa Tengah,2,0,330500,PAID_ON_TIME,WORKER_REGISTRATION_GAP,CANDIDATE_ONLY__REQUIRES_LEAKAGE_LABEL_AND_EVALUATION_AUDIT,True
BU-0423,H,"Transportasi, Pergudangan & Logistik",Mikro,Jawa Barat,0,0,731400,UNPAID,CONTRIBUTION_PAYMENT_GAP,CANDIDATE_ONLY__REQUIRES_LEAKAGE_LABEL_AND_EVALUATION_AUDIT,True
BU-0424,N,Jasa Penunjang Usaha / Outsourcing / Security,Mikro,Bali,0,0,0,PAID_ON_TIME,NORMAL,CANDIDATE_ONLY__REQUIRES_LEAKAGE_LABEL_AND_EVALUATION_AUDIT,True
BU-0425,I,Penyediaan Akomodasi dan F&B,Kecil,Jawa Barat,16,1203000,11691750,UNPAID,MULTI_SIGNAL,CANDIDATE_ONLY__REQUIRES_LEAKAGE_LABEL_AND_EVALUATION_AUDIT,True
BU-0426,J,Informasi dan Komunikasi / Teknologi,Menengah,Riau,0,0,61115850,UNPAID,CONTRIBUTION_PAYMENT_GAP,CANDIDATE_ONLY__REQUIRES_LEAKAGE_LABEL_AND_EVALUATION_AUDIT,True
BU-0427,N,Jasa Penunjang Usaha / Outsourcing / Security,Besar,Kalimantan Timur,0,0,0,PAID_ON_TIME,NORMAL,CANDIDATE_ONLY__REQUIRES_LEAKAGE_LABEL_AND_EVALUATION_AUDIT,True
BU-0428,K,Jasa Keuangan / Pembiayaan / Asuransi,Kecil,Jawa Tengah,12,0,4724400,PAID_ON_TIME,WORKER_REGISTRATION_GAP,CANDIDATE_ONLY__REQUIRES_LEAKAGE_LABEL_AND_EVALUATION_AUDIT,True
BU-0429,N,Jasa Penunjang Usaha / Outsourcing / Security,Mikro,Jawa Barat,0,0,0,PAID_ON_TIME,NORMAL,CANDIDATE_ONLY__REQUIRES_LEAKAGE_LABEL_AND_EVALUATION_AUDIT,True
BU-0430,A,Pertanian / Perkebunan / Kehutanan,Kecil,Jawa Timur,0,0,0,PAID_ON_TIME,NORMAL,CANDIDATE_ONLY__REQUIRES_LEAKAGE_LABEL_AND_EVALUATION_AUDIT,True
BU-0431,Q,Pelayanan Kesehatan Swasta,Menengah,Jawa Barat,48,0,23815200,PAID_ON_TIME,WORKER_REGISTRATION_GAP,CANDIDATE_ONLY__REQUIRES_LEAKAGE_LABEL_AND_EVALUATION_AUDIT,True
BU-0432,Q,Pelayanan Kesehatan Swasta,Besar,Kalimantan Timur,158,2513000,210000000,UNPAID,MULTI_SIGNAL,CANDIDATE_ONLY__REQUIRES_LEAKAGE_LABEL_AND_EVALUATION_AUDIT,True
BU-0433,K,Jasa Keuangan / Pembiayaan / Asuransi,Kecil,Sumatera Utara,0,0,0,PAID_ON_TIME,NORMAL,CANDIDATE_ONLY__REQUIRES_LEAKAGE_LABEL_AND_EVALUATION_AUDIT,True
BU-0434,A,Pertanian / Perkebunan / Kehutanan,Kecil,Riau,11,0,4348850,PAID_ON_TIME,WORKER_REGISTRATION_GAP,CANDIDATE_ONLY__REQUIRES_LEAKAGE_LABEL_AND_EVALUATION_AUDIT,True
BU-0435,K,Jasa Keuangan / Pembiayaan / Asuransi,Menengah,Kalimantan Timur,0,0,0,PAID_ON_TIME,NORMAL,CANDIDATE_ONLY__REQUIRES_LEAKAGE_LABEL_AND_EVALUATION_AUDIT,True
BU-0436,Q,Pelayanan Kesehatan Swasta,Kecil,Jawa Barat,0,0,0,PAID_ON_TIME,NORMAL,CANDIDATE_ONLY__REQUIRES_LEAKAGE_LABEL_AND_EVALUATION_AUDIT,True
BU-0437,J,Informasi dan Komunikasi / Teknologi,Mikro,Banten,0,0,0,PAID_ON_TIME,NORMAL,CANDIDATE_ONLY__REQUIRES_LEAKAGE_LABEL_AND_EVALUATION_AUDIT,True
BU-0438,N,Jasa Penunjang Usaha / Outsourcing / Security,Menengah,Jawa Tengah,0,0,0,PAID_ON_TIME,NORMAL,CANDIDATE_ONLY__REQUIRES_LEAKAGE_LABEL_AND_EVALUATION_AUDIT,True
BU-0439,I,Penyediaan Akomodasi dan F&B,Kecil,Riau,14,0,3746400,PAID_ON_TIME,WORKER_REGISTRATION_GAP,CANDIDATE_ONLY__REQUIRES_LEAKAGE_LABEL_AND_EVALUATION_AUDIT,True
BU-0440,H,"Transportasi, Pergudangan & Logistik",Menengah,Jawa Barat,32,0,8452800,PAID_ON_TIME,WORKER_REGISTRATION_GAP,CANDIDATE_ONLY__REQUIRES_LEAKAGE_LABEL_AND_EVALUATION_AUDIT,True
BU-0441,G,Perdagangan Besar dan Eceran,Menengah,Riau,0,0,0,PAID_ON_TIME,NORMAL,CANDIDATE_ONLY__REQUIRES_LEAKAGE_LABEL_AND_EVALUATION_AUDIT,True
BU-0442,F,Konstruksi & Infrastruktur,Mikro,Kalimantan Timur,0,629000,408850,PAID_ON_TIME,WAGE_REPORTING_GAP,CANDIDATE_ONLY__REQUIRES_LEAKAGE_LABEL_AND_EVALUATION_AUDIT,True
BU-0443,G,Perdagangan Besar dan Eceran,Menengah,Banten,0,0,0,PAID_ON_TIME,NORMAL,CANDIDATE_ONLY__REQUIRES_LEAKAGE_LABEL_AND_EVALUATION_AUDIT,True
BU-0444,C,Industri Pengolahan / Manufaktur,Menengah,Sumatera Utara,0,0,21976000,UNPAID,CONTRIBUTION_PAYMENT_GAP,CANDIDATE_ONLY__REQUIRES_LEAKAGE_LABEL_AND_EVALUATION_AUDIT,True
BU-0445,K,Jasa Keuangan / Pembiayaan / Asuransi,Mikro,Jawa Timur,0,1028000,565400,PAID_ON_TIME,WAGE_REPORTING_GAP,CANDIDATE_ONLY__REQUIRES_LEAKAGE_LABEL_AND_EVALUATION_AUDIT,True
BU-0446,N,Jasa Penunjang Usaha / Outsourcing / Security,Kecil,Bali,21,0,4408950,PAID_ON_TIME,WORKER_REGISTRATION_GAP,CANDIDATE_ONLY__REQUIRES_LEAKAGE_LABEL_AND_EVALUATION_AUDIT,True
BU-0447,A,Pertanian / Perkebunan / Kehutanan,Kecil,DKI Jakarta,0,0,0,PAID_ON_TIME,NORMAL,CANDIDATE_ONLY__REQUIRES_LEAKAGE_LABEL_AND_EVALUATION_AUDIT,True
BU-0448,N,Jasa Penunjang Usaha / Outsourcing / Security,Menengah,Jawa Barat,0,0,0,PAID_ON_TIME,NORMAL,CANDIDATE_ONLY__REQUIRES_LEAKAGE_LABEL_AND_EVALUATION_AUDIT,True
BU-0449,N,Jasa Penunjang Usaha / Outsourcing / Security,Kecil,DKI Jakarta,19,0,3599550,PAID_ON_TIME,WORKER_REGISTRATION_GAP,CANDIDATE_ONLY__REQUIRES_LEAKAGE_LABEL_AND_EVALUATION_AUDIT,True
BU-0450,I,Penyediaan Akomodasi dan F&B,Mikro,Sumatera Utara,0,0,2505250,UNPAID,CONTRIBUTION_PAYMENT_GAP,CANDIDATE_ONLY__REQUIRES_LEAKAGE_LABEL_AND_EVALUATION_AUDIT,True
BU-0451,Q,Pelayanan Kesehatan Swasta,Menengah,Kalimantan Timur,0,0,94488000,UNPAID,CONTRIBUTION_PAYMENT_GAP,CANDIDATE_ONLY__REQUIRES_LEAKAGE_LABEL_AND_EVALUATION_AUDIT,True
BU-0452,A,Pertanian / Perkebunan / Kehutanan,Kecil,Jawa Tengah,0,0,0,PAID_ON_TIME,NORMAL,CANDIDATE_ONLY__REQUIRES_LEAKAGE_LABEL_AND_EVALUATION_AUDIT,True
BU-0453,Q,Pelayanan Kesehatan Swasta,Menengah,Jawa Timur,0,0,0,PAID_ON_TIME,NORMAL,CANDIDATE_ONLY__REQUIRES_LEAKAGE_LABEL_AND_EVALUATION_AUDIT,True
BU-0454,H,"Transportasi, Pergudangan & Logistik",Menengah,Kalimantan Timur,0,0,0,PAID_ON_TIME,NORMAL,CANDIDATE_ONLY__REQUIRES_LEAKAGE_LABEL_AND_EVALUATION_AUDIT,True
BU-0455,H,"Transportasi, Pergudangan & Logistik",Menengah,Riau,0,0,0,PAID_ON_TIME,NORMAL,CANDIDATE_ONLY__REQUIRES_LEAKAGE_LABEL_AND_EVALUATION_AUDIT,True
BU-0456,N,Jasa Penunjang Usaha / Outsourcing / Security,Kecil,Riau,8,0,2926000,PAID_ON_TIME,WORKER_REGISTRATION_GAP,CANDIDATE_ONLY__REQUIRES_LEAKAGE_LABEL_AND_EVALUATION_AUDIT,True
BU-0457,J,Informasi dan Komunikasi / Teknologi,Kecil,Jawa Tengah,0,0,0,PAID_ON_TIME,NORMAL,CANDIDATE_ONLY__REQUIRES_LEAKAGE_LABEL_AND_EVALUATION_AUDIT,True
BU-0458,H,"Transportasi, Pergudangan & Logistik",Kecil,Jawa Timur,0,0,0,PAID_ON_TIME,NORMAL,CANDIDATE_ONLY__REQUIRES_LEAKAGE_LABEL_AND_EVALUATION_AUDIT,True
BU-0459,Q,Pelayanan Kesehatan Swasta,Mikro,DKI Jakarta,6,606000,2187250,UNPAID,MULTI_SIGNAL,CANDIDATE_ONLY__REQUIRES_LEAKAGE_LABEL_AND_EVALUATION_AUDIT,True
BU-0460,G,Perdagangan Besar dan Eceran,Besar,DKI Jakarta,0,0,0,PAID_ON_TIME,NORMAL,CANDIDATE_ONLY__REQUIRES_LEAKAGE_LABEL_AND_EVALUATION_AUDIT,True
BU-0461,N,Jasa Penunjang Usaha / Outsourcing / Security,Menengah,Kalimantan Timur,0,0,21162200,UNPAID,CONTRIBUTION_PAYMENT_GAP,CANDIDATE_ONLY__REQUIRES_LEAKAGE_LABEL_AND_EVALUATION_AUDIT,True
BU-0462,G,Perdagangan Besar dan Eceran,Kecil,Riau,4,0,1074800,PAID_ON_TIME,WORKER_REGISTRATION_GAP,CANDIDATE_ONLY__REQUIRES_LEAKAGE_LABEL_AND_EVALUATION_AUDIT,True
BU-0463,J,Informasi dan Komunikasi / Teknologi,Menengah,Kalimantan Timur,0,0,0,PAID_ON_TIME,NORMAL,CANDIDATE_ONLY__REQUIRES_LEAKAGE_LABEL_AND_EVALUATION_AUDIT,True
BU-0464,C,Industri Pengolahan / Manufaktur,Besar,Sumatera Utara,0,0,0,PAID_ON_TIME,NORMAL,CANDIDATE_ONLY__REQUIRES_LEAKAGE_LABEL_AND_EVALUATION_AUDIT,True
BU-0465,G,Perdagangan Besar dan Eceran,Besar,Kalimantan Timur,0,0,199408850,UNPAID,CONTRIBUTION_PAYMENT_GAP,CANDIDATE_ONLY__REQUIRES_LEAKAGE_LABEL_AND_EVALUATION_AUDIT,True
BU-0466,I,Penyediaan Akomodasi dan F&B,Mikro,Jawa Timur,0,0,0,PAID_ON_TIME,NORMAL,CANDIDATE_ONLY__REQUIRES_LEAKAGE_LABEL_AND_EVALUATION_AUDIT,True
BU-0467,Q,Pelayanan Kesehatan Swasta,Menengah,Kalimantan Timur,0,0,0,PAID_ON_TIME,NORMAL,CANDIDATE_ONLY__REQUIRES_LEAKAGE_LABEL_AND_EVALUATION_AUDIT,True
BU-0468,F,Konstruksi & Infrastruktur,Kecil,Sulawesi Selatan,20,886000,10824000,UNPAID,MULTI_SIGNAL,CANDIDATE_ONLY__REQUIRES_LEAKAGE_LABEL_AND_EVALUATION_AUDIT,True
BU-0469,I,Penyediaan Akomodasi dan F&B,Besar,Jawa Barat,0,0,0,PAID_ON_TIME,NORMAL,CANDIDATE_ONLY__REQUIRES_LEAKAGE_LABEL_AND_EVALUATION_AUDIT,True
BU-0470,N,Jasa Penunjang Usaha / Outsourcing / Security,Kecil,Kalimantan Timur,0,0,0,PAID_ON_TIME,NORMAL,CANDIDATE_ONLY__REQUIRES_LEAKAGE_LABEL_AND_EVALUATION_AUDIT,True
BU-0471,I,Penyediaan Akomodasi dan F&B,Besar,Jawa Timur,0,0,0,PAID_ON_TIME,NORMAL,CANDIDATE_ONLY__REQUIRES_LEAKAGE_LABEL_AND_EVALUATION_AUDIT,True
BU-0472,N,Jasa Penunjang Usaha / Outsourcing / Security,Menengah,Jawa Tengah,0,1241000,8935200,PAID_ON_TIME,WAGE_REPORTING_GAP,CANDIDATE_ONLY__REQUIRES_LEAKAGE_LABEL_AND_EVALUATION_AUDIT,True
BU-0473,N,Jasa Penunjang Usaha / Outsourcing / Security,Menengah,DKI Jakarta,43,1794000,47338500,UNPAID,MULTI_SIGNAL,CANDIDATE_ONLY__REQUIRES_LEAKAGE_LABEL_AND_EVALUATION_AUDIT,True
BU-0474,F,Konstruksi & Infrastruktur,Kecil,Riau,12,0,2178600,PAID_ON_TIME,WORKER_REGISTRATION_GAP,CANDIDATE_ONLY__REQUIRES_LEAKAGE_LABEL_AND_EVALUATION_AUDIT,True
BU-0475,I,Penyediaan Akomodasi dan F&B,Menengah,Riau,0,0,0,PAID_ON_TIME,NORMAL,CANDIDATE_ONLY__REQUIRES_LEAKAGE_LABEL_AND_EVALUATION_AUDIT,True
BU-0476,F,Konstruksi & Infrastruktur,Kecil,Bali,0,0,0,PAID_ON_TIME,NORMAL,CANDIDATE_ONLY__REQUIRES_LEAKAGE_LABEL_AND_EVALUATION_AUDIT,True
BU-0477,H,"Transportasi, Pergudangan & Logistik",Kecil,DKI Jakarta,0,0,0,PAID_ON_TIME,NORMAL,CANDIDATE_ONLY__REQUIRES_LEAKAGE_LABEL_AND_EVALUATION_AUDIT,True
BU-0478,F,Konstruksi & Infrastruktur,Mikro,Banten,0,0,0,PAID_ON_TIME,NORMAL,CANDIDATE_ONLY__REQUIRES_LEAKAGE_LABEL_AND_EVALUATION_AUDIT,True
BU-0479,J,Informasi dan Komunikasi / Teknologi,Menengah,Sulawesi Selatan,0,0,0,PAID_ON_TIME,NORMAL,CANDIDATE_ONLY__REQUIRES_LEAKAGE_LABEL_AND_EVALUATION_AUDIT,True
BU-0480,I,Penyediaan Akomodasi dan F&B,Besar,Bali,349,0,209400000,PAID_ON_TIME,WORKER_REGISTRATION_GAP,CANDIDATE_ONLY__REQUIRES_LEAKAGE_LABEL_AND_EVALUATION_AUDIT,True
BU-0481,J,Informasi dan Komunikasi / Teknologi,Mikro,Bali,0,0,0,PAID_ON_TIME,NORMAL,CANDIDATE_ONLY__REQUIRES_LEAKAGE_LABEL_AND_EVALUATION_AUDIT,True
BU-0482,J,Informasi dan Komunikasi / Teknologi,Kecil,Jawa Timur,7,0,1680700,PAID_ON_TIME,WORKER_REGISTRATION_GAP,CANDIDATE_ONLY__REQUIRES_LEAKAGE_LABEL_AND_EVALUATION_AUDIT,True
BU-0483,J,Informasi dan Komunikasi / Teknologi,Kecil,Kalimantan Timur,0,0,0,PAID_ON_TIME,NORMAL,CANDIDATE_ONLY__REQUIRES_LEAKAGE_LABEL_AND_EVALUATION_AUDIT,True
BU-0484,G,Perdagangan Besar dan Eceran,Kecil,Kalimantan Timur,15,0,3954750,PAID_ON_TIME,WORKER_REGISTRATION_GAP,CANDIDATE_ONLY__REQUIRES_LEAKAGE_LABEL_AND_EVALUATION_AUDIT,True
BU-0485,G,Perdagangan Besar dan Eceran,Menengah,Riau,0,0,0,PAID_ON_TIME,NORMAL,CANDIDATE_ONLY__REQUIRES_LEAKAGE_LABEL_AND_EVALUATION_AUDIT,True
BU-0486,G,Perdagangan Besar dan Eceran,Menengah,DKI Jakarta,40,0,13778000,PAID_ON_TIME,WORKER_REGISTRATION_GAP,CANDIDATE_ONLY__REQUIRES_LEAKAGE_LABEL_AND_EVALUATION_AUDIT,True
BU-0487,A,Pertanian / Perkebunan / Kehutanan,Menengah,Kalimantan Timur,27,1310000,21467150,UNPAID,MULTI_SIGNAL,CANDIDATE_ONLY__REQUIRES_LEAKAGE_LABEL_AND_EVALUATION_AUDIT,True
BU-0488,C,Industri Pengolahan / Manufaktur,Kecil,Kalimantan Timur,0,0,0,PAID_ON_TIME,NORMAL,CANDIDATE_ONLY__REQUIRES_LEAKAGE_LABEL_AND_EVALUATION_AUDIT,True
BU-0489,G,Perdagangan Besar dan Eceran,Besar,Jawa Tengah,0,0,0,PAID_ON_TIME,NORMAL,CANDIDATE_ONLY__REQUIRES_LEAKAGE_LABEL_AND_EVALUATION_AUDIT,True
BU-0490,F,Konstruksi & Infrastruktur,Menengah,Kalimantan Timur,63,0,17917200,PAID_ON_TIME,WORKER_REGISTRATION_GAP,CANDIDATE_ONLY__REQUIRES_LEAKAGE_LABEL_AND_EVALUATION_AUDIT,True
BU-0491,N,Jasa Penunjang Usaha / Outsourcing / Security,Kecil,Bali,0,0,0,PAID_ON_TIME,NORMAL,CANDIDATE_ONLY__REQUIRES_LEAKAGE_LABEL_AND_EVALUATION_AUDIT,True
BU-0492,H,"Transportasi, Pergudangan & Logistik",Menengah,Riau,22,0,8290700,PAID_ON_TIME,WORKER_REGISTRATION_GAP,CANDIDATE_ONLY__REQUIRES_LEAKAGE_LABEL_AND_EVALUATION_AUDIT,True
BU-0493,I,Penyediaan Akomodasi dan F&B,Menengah,Jawa Tengah,0,0,0,PAID_ON_TIME,NORMAL,CANDIDATE_ONLY__REQUIRES_LEAKAGE_LABEL_AND_EVALUATION_AUDIT,True
BU-0494,I,Penyediaan Akomodasi dan F&B,Besar,Jawa Tengah,0,0,0,PAID_ON_TIME,NORMAL,CANDIDATE_ONLY__REQUIRES_LEAKAGE_LABEL_AND_EVALUATION_AUDIT,True
BU-0495,K,Jasa Keuangan / Pembiayaan / Asuransi,Mikro,DKI Jakarta,0,0,0,PAID_ON_TIME,NORMAL,CANDIDATE_ONLY__REQUIRES_LEAKAGE_LABEL_AND_EVALUATION_AUDIT,True
BU-0496,G,Perdagangan Besar dan Eceran,Kecil,Sulawesi Selatan,0,0,0,PAID_ON_TIME,NORMAL,CANDIDATE_ONLY__REQUIRES_LEAKAGE_LABEL_AND_EVALUATION_AUDIT,True
BU-0497,I,Penyediaan Akomodasi dan F&B,Kecil,Jawa Tengah,7,0,2203950,PAID_ON_TIME,WORKER_REGISTRATION_GAP,CANDIDATE_ONLY__REQUIRES_LEAKAGE_LABEL_AND_EVALUATION_AUDIT,True
BU-0498,F,Konstruksi & Infrastruktur,Menengah,Sumatera Utara,0,0,0,PAID_ON_TIME,NORMAL,CANDIDATE_ONLY__REQUIRES_LEAKAGE_LABEL_AND_EVALUATION_AUDIT,True
BU-0499,G,Perdagangan Besar dan Eceran,Menengah,DKI Jakarta,0,0,0,PAID_ON_TIME,NORMAL,CANDIDATE_ONLY__REQUIRES_LEAKAGE_LABEL_AND_EVALUATION_AUDIT,True
BU-0500,Q,Pelayanan Kesehatan Swasta,Besar,Riau,0,0,0,PAID_ON_TIME,NORMAL,CANDIDATE_ONLY__REQUIRES_LEAKAGE_LABEL_AND_EVALUATION_AUDIT,True
