business_requirement,source_or_hypothesis,epistemic_state,product_requirement,system_requirement,design_component,test_case,evidence,status
BR-001,SRC-COMP-001/002,VERIFIED_BASIS,,,,,,REVIEWED
BR-002,SRC-COMP-002+PROJECT_DECISION,SUPPORTED,,,,,,REVIEWED
BR-003,SRC-COMP-002,VERIFIED_BASIS,,,,,,REVIEWED
BR-004,SRC-COMP-002,VERIFIED_BASIS_ROLE_UNKNOWN,,,,,,REVIEWED
BR-005,SRC-COMP-001/002,VERIFIED,,,,,,REVIEWED
BR-006,PROJECT_GOVERNANCE,DECIDED,,,,,,REVIEWED
BR-007,SRC-LAW-002/003/004,VERIFIED_BASIS,,,,,,REVIEWED
BR-008,HYP-RC-003,ASSUMED_REVIEWED,,,,,,REVIEWED
BR-009,HYP-RC-002,ASSUMED_REVIEWED,,,,,,REVIEWED
BR-010,H-003,ASSUMED_REVIEWED,,,,,,REVIEWED
BR-011,PHASE-A-NON-CLAIM,VERIFIED_GOVERNANCE,,,,,,REVIEWED
BR-012,SRC-COMP-002,VERIFIED_BASIS,,,,,,REVIEWED
