Tanggal,Tahun,Nomor_Bulan,Nama_Bulan,Nama_Bulan_Singkat,Tahun_Bulan,Kuartal,Tahun_Kuartal,Hari_Ke_Minggu,Hari_Nama,Urutan_Tahun_Bulan,Tanggal_Awal_Bulan
2025-01-01,2025,1,Januari,Jan,2025-01,Q1,2025 Q1,3,Wednesday,202501,2025-01-01
2025-01-02,2025,1,Januari,Jan,2025-01,Q1,2025 Q1,4,Thursday,202501,2025-01-01
2025-01-03,2025,1,Januari,Jan,2025-01,Q1,2025 Q1,5,Friday,202501,2025-01-01
2025-01-04,2025,1,Januari,Jan,2025-01,Q1,2025 Q1,6,Saturday,202501,2025-01-01
2025-01-05,2025,1,Januari,Jan,2025-01,Q1,2025 Q1,7,Sunday,202501,2025-01-01
2025-01-06,2025,1,Januari,Jan,2025-01,Q1,2025 Q1,1,Monday,202501,2025-01-01
2025-01-07,2025,1,Januari,Jan,2025-01,Q1,2025 Q1,2,Tuesday,202501,2025-01-01
2025-01-08,2025,1,Januari,Jan,2025-01,Q1,2025 Q1,3,Wednesday,202501,2025-01-01
2025-01-09,2025,1,Januari,Jan,2025-01,Q1,2025 Q1,4,Thursday,202501,2025-01-01
2025-01-10,2025,1,Januari,Jan,2025-01,Q1,2025 Q1,5,Friday,202501,2025-01-01
2025-01-11,2025,1,Januari,Jan,2025-01,Q1,2025 Q1,6,Saturday,202501,2025-01-01
2025-01-12,2025,1,Januari,Jan,2025-01,Q1,2025 Q1,7,Sunday,202501,2025-01-01
2025-01-13,2025,1,Januari,Jan,2025-01,Q1,2025 Q1,1,Monday,202501,2025-01-01
2025-01-14,2025,1,Januari,Jan,2025-01,Q1,2025 Q1,2,Tuesday,202501,2025-01-01
2025-01-15,2025,1,Januari,Jan,2025-01,Q1,2025 Q1,3,Wednesday,202501,2025-01-01
2025-01-16,2025,1,Januari,Jan,2025-01,Q1,2025 Q1,4,Thursday,202501,2025-01-01
2025-01-17,2025,1,Januari,Jan,2025-01,Q1,2025 Q1,5,Friday,202501,2025-01-01
2025-01-18,2025,1,Januari,Jan,2025-01,Q1,2025 Q1,6,Saturday,202501,2025-01-01
2025-01-19,2025,1,Januari,Jan,2025-01,Q1,2025 Q1,7,Sunday,202501,2025-01-01
2025-01-20,2025,1,Januari,Jan,2025-01,Q1,2025 Q1,1,Monday,202501,2025-01-01
2025-01-21,2025,1,Januari,Jan,2025-01,Q1,2025 Q1,2,Tuesday,202501,2025-01-01
2025-01-22,2025,1,Januari,Jan,2025-01,Q1,2025 Q1,3,Wednesday,202501,2025-01-01
2025-01-23,2025,1,Januari,Jan,2025-01,Q1,2025 Q1,4,Thursday,202501,2025-01-01
2025-01-24,2025,1,Januari,Jan,2025-01,Q1,2025 Q1,5,Friday,202501,2025-01-01
2025-01-25,2025,1,Januari,Jan,2025-01,Q1,2025 Q1,6,Saturday,202501,2025-01-01
2025-01-26,2025,1,Januari,Jan,2025-01,Q1,2025 Q1,7,Sunday,202501,2025-01-01
2025-01-27,2025,1,Januari,Jan,2025-01,Q1,2025 Q1,1,Monday,202501,2025-01-01
2025-01-28,2025,1,Januari,Jan,2025-01,Q1,2025 Q1,2,Tuesday,202501,2025-01-01
2025-01-29,2025,1,Januari,Jan,2025-01,Q1,2025 Q1,3,Wednesday,202501,2025-01-01
2025-01-30,2025,1,Januari,Jan,2025-01,Q1,2025 Q1,4,Thursday,202501,2025-01-01
2025-01-31,2025,1,Januari,Jan,2025-01,Q1,2025 Q1,5,Friday,202501,2025-01-01
2025-02-01,2025,2,Februari,Feb,2025-02,Q1,2025 Q1,6,Saturday,202502,2025-02-01
2025-02-02,2025,2,Februari,Feb,2025-02,Q1,2025 Q1,7,Sunday,202502,2025-02-01
2025-02-03,2025,2,Februari,Feb,2025-02,Q1,2025 Q1,1,Monday,202502,2025-02-01
2025-02-04,2025,2,Februari,Feb,2025-02,Q1,2025 Q1,2,Tuesday,202502,2025-02-01
2025-02-05,2025,2,Februari,Feb,2025-02,Q1,2025 Q1,3,Wednesday,202502,2025-02-01
2025-02-06,2025,2,Februari,Feb,2025-02,Q1,2025 Q1,4,Thursday,202502,2025-02-01
2025-02-07,2025,2,Februari,Feb,2025-02,Q1,2025 Q1,5,Friday,202502,2025-02-01
2025-02-08,2025,2,Februari,Feb,2025-02,Q1,2025 Q1,6,Saturday,202502,2025-02-01
2025-02-09,2025,2,Februari,Feb,2025-02,Q1,2025 Q1,7,Sunday,202502,2025-02-01
2025-02-10,2025,2,Februari,Feb,2025-02,Q1,2025 Q1,1,Monday,202502,2025-02-01
2025-02-11,2025,2,Februari,Feb,2025-02,Q1,2025 Q1,2,Tuesday,202502,2025-02-01
2025-02-12,2025,2,Februari,Feb,2025-02,Q1,2025 Q1,3,Wednesday,202502,2025-02-01
2025-02-13,2025,2,Februari,Feb,2025-02,Q1,2025 Q1,4,Thursday,202502,2025-02-01
2025-02-14,2025,2,Februari,Feb,2025-02,Q1,2025 Q1,5,Friday,202502,2025-02-01
2025-02-15,2025,2,Februari,Feb,2025-02,Q1,2025 Q1,6,Saturday,202502,2025-02-01
2025-02-16,2025,2,Februari,Feb,2025-02,Q1,2025 Q1,7,Sunday,202502,2025-02-01
2025-02-17,2025,2,Februari,Feb,2025-02,Q1,2025 Q1,1,Monday,202502,2025-02-01
2025-02-18,2025,2,Februari,Feb,2025-02,Q1,2025 Q1,2,Tuesday,202502,2025-02-01
2025-02-19,2025,2,Februari,Feb,2025-02,Q1,2025 Q1,3,Wednesday,202502,2025-02-01
2025-02-20,2025,2,Februari,Feb,2025-02,Q1,2025 Q1,4,Thursday,202502,2025-02-01
2025-02-21,2025,2,Februari,Feb,2025-02,Q1,2025 Q1,5,Friday,202502,2025-02-01
2025-02-22,2025,2,Februari,Feb,2025-02,Q1,2025 Q1,6,Saturday,202502,2025-02-01
2025-02-23,2025,2,Februari,Feb,2025-02,Q1,2025 Q1,7,Sunday,202502,2025-02-01
2025-02-24,2025,2,Februari,Feb,2025-02,Q1,2025 Q1,1,Monday,202502,2025-02-01
2025-02-25,2025,2,Februari,Feb,2025-02,Q1,2025 Q1,2,Tuesday,202502,2025-02-01
2025-02-26,2025,2,Februari,Feb,2025-02,Q1,2025 Q1,3,Wednesday,202502,2025-02-01
2025-02-27,2025,2,Februari,Feb,2025-02,Q1,2025 Q1,4,Thursday,202502,2025-02-01
2025-02-28,2025,2,Februari,Feb,2025-02,Q1,2025 Q1,5,Friday,202502,2025-02-01
2025-03-01,2025,3,Maret,Mar,2025-03,Q1,2025 Q1,6,Saturday,202503,2025-03-01
2025-03-02,2025,3,Maret,Mar,2025-03,Q1,2025 Q1,7,Sunday,202503,2025-03-01
2025-03-03,2025,3,Maret,Mar,2025-03,Q1,2025 Q1,1,Monday,202503,2025-03-01
2025-03-04,2025,3,Maret,Mar,2025-03,Q1,2025 Q1,2,Tuesday,202503,2025-03-01
2025-03-05,2025,3,Maret,Mar,2025-03,Q1,2025 Q1,3,Wednesday,202503,2025-03-01
2025-03-06,2025,3,Maret,Mar,2025-03,Q1,2025 Q1,4,Thursday,202503,2025-03-01
2025-03-07,2025,3,Maret,Mar,2025-03,Q1,2025 Q1,5,Friday,202503,2025-03-01
2025-03-08,2025,3,Maret,Mar,2025-03,Q1,2025 Q1,6,Saturday,202503,2025-03-01
2025-03-09,2025,3,Maret,Mar,2025-03,Q1,2025 Q1,7,Sunday,202503,2025-03-01
2025-03-10,2025,3,Maret,Mar,2025-03,Q1,2025 Q1,1,Monday,202503,2025-03-01
2025-03-11,2025,3,Maret,Mar,2025-03,Q1,2025 Q1,2,Tuesday,202503,2025-03-01
2025-03-12,2025,3,Maret,Mar,2025-03,Q1,2025 Q1,3,Wednesday,202503,2025-03-01
2025-03-13,2025,3,Maret,Mar,2025-03,Q1,2025 Q1,4,Thursday,202503,2025-03-01
2025-03-14,2025,3,Maret,Mar,2025-03,Q1,2025 Q1,5,Friday,202503,2025-03-01
2025-03-15,2025,3,Maret,Mar,2025-03,Q1,2025 Q1,6,Saturday,202503,2025-03-01
2025-03-16,2025,3,Maret,Mar,2025-03,Q1,2025 Q1,7,Sunday,202503,2025-03-01
2025-03-17,2025,3,Maret,Mar,2025-03,Q1,2025 Q1,1,Monday,202503,2025-03-01
2025-03-18,2025,3,Maret,Mar,2025-03,Q1,2025 Q1,2,Tuesday,202503,2025-03-01
2025-03-19,2025,3,Maret,Mar,2025-03,Q1,2025 Q1,3,Wednesday,202503,2025-03-01
2025-03-20,2025,3,Maret,Mar,2025-03,Q1,2025 Q1,4,Thursday,202503,2025-03-01
2025-03-21,2025,3,Maret,Mar,2025-03,Q1,2025 Q1,5,Friday,202503,2025-03-01
2025-03-22,2025,3,Maret,Mar,2025-03,Q1,2025 Q1,6,Saturday,202503,2025-03-01
2025-03-23,2025,3,Maret,Mar,2025-03,Q1,2025 Q1,7,Sunday,202503,2025-03-01
2025-03-24,2025,3,Maret,Mar,2025-03,Q1,2025 Q1,1,Monday,202503,2025-03-01
2025-03-25,2025,3,Maret,Mar,2025-03,Q1,2025 Q1,2,Tuesday,202503,2025-03-01
2025-03-26,2025,3,Maret,Mar,2025-03,Q1,2025 Q1,3,Wednesday,202503,2025-03-01
2025-03-27,2025,3,Maret,Mar,2025-03,Q1,2025 Q1,4,Thursday,202503,2025-03-01
2025-03-28,2025,3,Maret,Mar,2025-03,Q1,2025 Q1,5,Friday,202503,2025-03-01
2025-03-29,2025,3,Maret,Mar,2025-03,Q1,2025 Q1,6,Saturday,202503,2025-03-01
2025-03-30,2025,3,Maret,Mar,2025-03,Q1,2025 Q1,7,Sunday,202503,2025-03-01
2025-03-31,2025,3,Maret,Mar,2025-03,Q1,2025 Q1,1,Monday,202503,2025-03-01
2025-04-01,2025,4,April,Apr,2025-04,Q2,2025 Q2,2,Tuesday,202504,2025-04-01
2025-04-02,2025,4,April,Apr,2025-04,Q2,2025 Q2,3,Wednesday,202504,2025-04-01
2025-04-03,2025,4,April,Apr,2025-04,Q2,2025 Q2,4,Thursday,202504,2025-04-01
2025-04-04,2025,4,April,Apr,2025-04,Q2,2025 Q2,5,Friday,202504,2025-04-01
2025-04-05,2025,4,April,Apr,2025-04,Q2,2025 Q2,6,Saturday,202504,2025-04-01
2025-04-06,2025,4,April,Apr,2025-04,Q2,2025 Q2,7,Sunday,202504,2025-04-01
2025-04-07,2025,4,April,Apr,2025-04,Q2,2025 Q2,1,Monday,202504,2025-04-01
2025-04-08,2025,4,April,Apr,2025-04,Q2,2025 Q2,2,Tuesday,202504,2025-04-01
2025-04-09,2025,4,April,Apr,2025-04,Q2,2025 Q2,3,Wednesday,202504,2025-04-01
2025-04-10,2025,4,April,Apr,2025-04,Q2,2025 Q2,4,Thursday,202504,2025-04-01
2025-04-11,2025,4,April,Apr,2025-04,Q2,2025 Q2,5,Friday,202504,2025-04-01
2025-04-12,2025,4,April,Apr,2025-04,Q2,2025 Q2,6,Saturday,202504,2025-04-01
2025-04-13,2025,4,April,Apr,2025-04,Q2,2025 Q2,7,Sunday,202504,2025-04-01
2025-04-14,2025,4,April,Apr,2025-04,Q2,2025 Q2,1,Monday,202504,2025-04-01
2025-04-15,2025,4,April,Apr,2025-04,Q2,2025 Q2,2,Tuesday,202504,2025-04-01
2025-04-16,2025,4,April,Apr,2025-04,Q2,2025 Q2,3,Wednesday,202504,2025-04-01
2025-04-17,2025,4,April,Apr,2025-04,Q2,2025 Q2,4,Thursday,202504,2025-04-01
2025-04-18,2025,4,April,Apr,2025-04,Q2,2025 Q2,5,Friday,202504,2025-04-01
2025-04-19,2025,4,April,Apr,2025-04,Q2,2025 Q2,6,Saturday,202504,2025-04-01
2025-04-20,2025,4,April,Apr,2025-04,Q2,2025 Q2,7,Sunday,202504,2025-04-01
2025-04-21,2025,4,April,Apr,2025-04,Q2,2025 Q2,1,Monday,202504,2025-04-01
2025-04-22,2025,4,April,Apr,2025-04,Q2,2025 Q2,2,Tuesday,202504,2025-04-01
2025-04-23,2025,4,April,Apr,2025-04,Q2,2025 Q2,3,Wednesday,202504,2025-04-01
2025-04-24,2025,4,April,Apr,2025-04,Q2,2025 Q2,4,Thursday,202504,2025-04-01
2025-04-25,2025,4,April,Apr,2025-04,Q2,2025 Q2,5,Friday,202504,2025-04-01
2025-04-26,2025,4,April,Apr,2025-04,Q2,2025 Q2,6,Saturday,202504,2025-04-01
2025-04-27,2025,4,April,Apr,2025-04,Q2,2025 Q2,7,Sunday,202504,2025-04-01
2025-04-28,2025,4,April,Apr,2025-04,Q2,2025 Q2,1,Monday,202504,2025-04-01
2025-04-29,2025,4,April,Apr,2025-04,Q2,2025 Q2,2,Tuesday,202504,2025-04-01
2025-04-30,2025,4,April,Apr,2025-04,Q2,2025 Q2,3,Wednesday,202504,2025-04-01
2025-05-01,2025,5,Mei,Mei,2025-05,Q2,2025 Q2,4,Thursday,202505,2025-05-01
2025-05-02,2025,5,Mei,Mei,2025-05,Q2,2025 Q2,5,Friday,202505,2025-05-01
2025-05-03,2025,5,Mei,Mei,2025-05,Q2,2025 Q2,6,Saturday,202505,2025-05-01
2025-05-04,2025,5,Mei,Mei,2025-05,Q2,2025 Q2,7,Sunday,202505,2025-05-01
2025-05-05,2025,5,Mei,Mei,2025-05,Q2,2025 Q2,1,Monday,202505,2025-05-01
2025-05-06,2025,5,Mei,Mei,2025-05,Q2,2025 Q2,2,Tuesday,202505,2025-05-01
2025-05-07,2025,5,Mei,Mei,2025-05,Q2,2025 Q2,3,Wednesday,202505,2025-05-01
2025-05-08,2025,5,Mei,Mei,2025-05,Q2,2025 Q2,4,Thursday,202505,2025-05-01
2025-05-09,2025,5,Mei,Mei,2025-05,Q2,2025 Q2,5,Friday,202505,2025-05-01
2025-05-10,2025,5,Mei,Mei,2025-05,Q2,2025 Q2,6,Saturday,202505,2025-05-01
2025-05-11,2025,5,Mei,Mei,2025-05,Q2,2025 Q2,7,Sunday,202505,2025-05-01
2025-05-12,2025,5,Mei,Mei,2025-05,Q2,2025 Q2,1,Monday,202505,2025-05-01
2025-05-13,2025,5,Mei,Mei,2025-05,Q2,2025 Q2,2,Tuesday,202505,2025-05-01
2025-05-14,2025,5,Mei,Mei,2025-05,Q2,2025 Q2,3,Wednesday,202505,2025-05-01
2025-05-15,2025,5,Mei,Mei,2025-05,Q2,2025 Q2,4,Thursday,202505,2025-05-01
2025-05-16,2025,5,Mei,Mei,2025-05,Q2,2025 Q2,5,Friday,202505,2025-05-01
2025-05-17,2025,5,Mei,Mei,2025-05,Q2,2025 Q2,6,Saturday,202505,2025-05-01
2025-05-18,2025,5,Mei,Mei,2025-05,Q2,2025 Q2,7,Sunday,202505,2025-05-01
2025-05-19,2025,5,Mei,Mei,2025-05,Q2,2025 Q2,1,Monday,202505,2025-05-01
2025-05-20,2025,5,Mei,Mei,2025-05,Q2,2025 Q2,2,Tuesday,202505,2025-05-01
2025-05-21,2025,5,Mei,Mei,2025-05,Q2,2025 Q2,3,Wednesday,202505,2025-05-01
2025-05-22,2025,5,Mei,Mei,2025-05,Q2,2025 Q2,4,Thursday,202505,2025-05-01
2025-05-23,2025,5,Mei,Mei,2025-05,Q2,2025 Q2,5,Friday,202505,2025-05-01
2025-05-24,2025,5,Mei,Mei,2025-05,Q2,2025 Q2,6,Saturday,202505,2025-05-01
2025-05-25,2025,5,Mei,Mei,2025-05,Q2,2025 Q2,7,Sunday,202505,2025-05-01
2025-05-26,2025,5,Mei,Mei,2025-05,Q2,2025 Q2,1,Monday,202505,2025-05-01
2025-05-27,2025,5,Mei,Mei,2025-05,Q2,2025 Q2,2,Tuesday,202505,2025-05-01
2025-05-28,2025,5,Mei,Mei,2025-05,Q2,2025 Q2,3,Wednesday,202505,2025-05-01
2025-05-29,2025,5,Mei,Mei,2025-05,Q2,2025 Q2,4,Thursday,202505,2025-05-01
2025-05-30,2025,5,Mei,Mei,2025-05,Q2,2025 Q2,5,Friday,202505,2025-05-01
2025-05-31,2025,5,Mei,Mei,2025-05,Q2,2025 Q2,6,Saturday,202505,2025-05-01
2025-06-01,2025,6,Juni,Jun,2025-06,Q2,2025 Q2,7,Sunday,202506,2025-06-01
2025-06-02,2025,6,Juni,Jun,2025-06,Q2,2025 Q2,1,Monday,202506,2025-06-01
2025-06-03,2025,6,Juni,Jun,2025-06,Q2,2025 Q2,2,Tuesday,202506,2025-06-01
2025-06-04,2025,6,Juni,Jun,2025-06,Q2,2025 Q2,3,Wednesday,202506,2025-06-01
2025-06-05,2025,6,Juni,Jun,2025-06,Q2,2025 Q2,4,Thursday,202506,2025-06-01
2025-06-06,2025,6,Juni,Jun,2025-06,Q2,2025 Q2,5,Friday,202506,2025-06-01
2025-06-07,2025,6,Juni,Jun,2025-06,Q2,2025 Q2,6,Saturday,202506,2025-06-01
2025-06-08,2025,6,Juni,Jun,2025-06,Q2,2025 Q2,7,Sunday,202506,2025-06-01
2025-06-09,2025,6,Juni,Jun,2025-06,Q2,2025 Q2,1,Monday,202506,2025-06-01
2025-06-10,2025,6,Juni,Jun,2025-06,Q2,2025 Q2,2,Tuesday,202506,2025-06-01
2025-06-11,2025,6,Juni,Jun,2025-06,Q2,2025 Q2,3,Wednesday,202506,2025-06-01
2025-06-12,2025,6,Juni,Jun,2025-06,Q2,2025 Q2,4,Thursday,202506,2025-06-01
2025-06-13,2025,6,Juni,Jun,2025-06,Q2,2025 Q2,5,Friday,202506,2025-06-01
2025-06-14,2025,6,Juni,Jun,2025-06,Q2,2025 Q2,6,Saturday,202506,2025-06-01
2025-06-15,2025,6,Juni,Jun,2025-06,Q2,2025 Q2,7,Sunday,202506,2025-06-01
2025-06-16,2025,6,Juni,Jun,2025-06,Q2,2025 Q2,1,Monday,202506,2025-06-01
2025-06-17,2025,6,Juni,Jun,2025-06,Q2,2025 Q2,2,Tuesday,202506,2025-06-01
2025-06-18,2025,6,Juni,Jun,2025-06,Q2,2025 Q2,3,Wednesday,202506,2025-06-01
2025-06-19,2025,6,Juni,Jun,2025-06,Q2,2025 Q2,4,Thursday,202506,2025-06-01
2025-06-20,2025,6,Juni,Jun,2025-06,Q2,2025 Q2,5,Friday,202506,2025-06-01
2025-06-21,2025,6,Juni,Jun,2025-06,Q2,2025 Q2,6,Saturday,202506,2025-06-01
2025-06-22,2025,6,Juni,Jun,2025-06,Q2,2025 Q2,7,Sunday,202506,2025-06-01
2025-06-23,2025,6,Juni,Jun,2025-06,Q2,2025 Q2,1,Monday,202506,2025-06-01
2025-06-24,2025,6,Juni,Jun,2025-06,Q2,2025 Q2,2,Tuesday,202506,2025-06-01
2025-06-25,2025,6,Juni,Jun,2025-06,Q2,2025 Q2,3,Wednesday,202506,2025-06-01
2025-06-26,2025,6,Juni,Jun,2025-06,Q2,2025 Q2,4,Thursday,202506,2025-06-01
2025-06-27,2025,6,Juni,Jun,2025-06,Q2,2025 Q2,5,Friday,202506,2025-06-01
2025-06-28,2025,6,Juni,Jun,2025-06,Q2,2025 Q2,6,Saturday,202506,2025-06-01
2025-06-29,2025,6,Juni,Jun,2025-06,Q2,2025 Q2,7,Sunday,202506,2025-06-01
2025-06-30,2025,6,Juni,Jun,2025-06,Q2,2025 Q2,1,Monday,202506,2025-06-01
2025-07-01,2025,7,Juli,Jul,2025-07,Q3,2025 Q3,2,Tuesday,202507,2025-07-01
2025-07-02,2025,7,Juli,Jul,2025-07,Q3,2025 Q3,3,Wednesday,202507,2025-07-01
2025-07-03,2025,7,Juli,Jul,2025-07,Q3,2025 Q3,4,Thursday,202507,2025-07-01
2025-07-04,2025,7,Juli,Jul,2025-07,Q3,2025 Q3,5,Friday,202507,2025-07-01
2025-07-05,2025,7,Juli,Jul,2025-07,Q3,2025 Q3,6,Saturday,202507,2025-07-01
2025-07-06,2025,7,Juli,Jul,2025-07,Q3,2025 Q3,7,Sunday,202507,2025-07-01
2025-07-07,2025,7,Juli,Jul,2025-07,Q3,2025 Q3,1,Monday,202507,2025-07-01
2025-07-08,2025,7,Juli,Jul,2025-07,Q3,2025 Q3,2,Tuesday,202507,2025-07-01
2025-07-09,2025,7,Juli,Jul,2025-07,Q3,2025 Q3,3,Wednesday,202507,2025-07-01
2025-07-10,2025,7,Juli,Jul,2025-07,Q3,2025 Q3,4,Thursday,202507,2025-07-01
2025-07-11,2025,7,Juli,Jul,2025-07,Q3,2025 Q3,5,Friday,202507,2025-07-01
2025-07-12,2025,7,Juli,Jul,2025-07,Q3,2025 Q3,6,Saturday,202507,2025-07-01
2025-07-13,2025,7,Juli,Jul,2025-07,Q3,2025 Q3,7,Sunday,202507,2025-07-01
2025-07-14,2025,7,Juli,Jul,2025-07,Q3,2025 Q3,1,Monday,202507,2025-07-01
2025-07-15,2025,7,Juli,Jul,2025-07,Q3,2025 Q3,2,Tuesday,202507,2025-07-01
2025-07-16,2025,7,Juli,Jul,2025-07,Q3,2025 Q3,3,Wednesday,202507,2025-07-01
2025-07-17,2025,7,Juli,Jul,2025-07,Q3,2025 Q3,4,Thursday,202507,2025-07-01
2025-07-18,2025,7,Juli,Jul,2025-07,Q3,2025 Q3,5,Friday,202507,2025-07-01
2025-07-19,2025,7,Juli,Jul,2025-07,Q3,2025 Q3,6,Saturday,202507,2025-07-01
2025-07-20,2025,7,Juli,Jul,2025-07,Q3,2025 Q3,7,Sunday,202507,2025-07-01
2025-07-21,2025,7,Juli,Jul,2025-07,Q3,2025 Q3,1,Monday,202507,2025-07-01
2025-07-22,2025,7,Juli,Jul,2025-07,Q3,2025 Q3,2,Tuesday,202507,2025-07-01
2025-07-23,2025,7,Juli,Jul,2025-07,Q3,2025 Q3,3,Wednesday,202507,2025-07-01
2025-07-24,2025,7,Juli,Jul,2025-07,Q3,2025 Q3,4,Thursday,202507,2025-07-01
2025-07-25,2025,7,Juli,Jul,2025-07,Q3,2025 Q3,5,Friday,202507,2025-07-01
2025-07-26,2025,7,Juli,Jul,2025-07,Q3,2025 Q3,6,Saturday,202507,2025-07-01
2025-07-27,2025,7,Juli,Jul,2025-07,Q3,2025 Q3,7,Sunday,202507,2025-07-01
2025-07-28,2025,7,Juli,Jul,2025-07,Q3,2025 Q3,1,Monday,202507,2025-07-01
2025-07-29,2025,7,Juli,Jul,2025-07,Q3,2025 Q3,2,Tuesday,202507,2025-07-01
2025-07-30,2025,7,Juli,Jul,2025-07,Q3,2025 Q3,3,Wednesday,202507,2025-07-01
2025-07-31,2025,7,Juli,Jul,2025-07,Q3,2025 Q3,4,Thursday,202507,2025-07-01
2025-08-01,2025,8,Agustus,Agu,2025-08,Q3,2025 Q3,5,Friday,202508,2025-08-01
2025-08-02,2025,8,Agustus,Agu,2025-08,Q3,2025 Q3,6,Saturday,202508,2025-08-01
2025-08-03,2025,8,Agustus,Agu,2025-08,Q3,2025 Q3,7,Sunday,202508,2025-08-01
2025-08-04,2025,8,Agustus,Agu,2025-08,Q3,2025 Q3,1,Monday,202508,2025-08-01
2025-08-05,2025,8,Agustus,Agu,2025-08,Q3,2025 Q3,2,Tuesday,202508,2025-08-01
2025-08-06,2025,8,Agustus,Agu,2025-08,Q3,2025 Q3,3,Wednesday,202508,2025-08-01
2025-08-07,2025,8,Agustus,Agu,2025-08,Q3,2025 Q3,4,Thursday,202508,2025-08-01
2025-08-08,2025,8,Agustus,Agu,2025-08,Q3,2025 Q3,5,Friday,202508,2025-08-01
2025-08-09,2025,8,Agustus,Agu,2025-08,Q3,2025 Q3,6,Saturday,202508,2025-08-01
2025-08-10,2025,8,Agustus,Agu,2025-08,Q3,2025 Q3,7,Sunday,202508,2025-08-01
2025-08-11,2025,8,Agustus,Agu,2025-08,Q3,2025 Q3,1,Monday,202508,2025-08-01
2025-08-12,2025,8,Agustus,Agu,2025-08,Q3,2025 Q3,2,Tuesday,202508,2025-08-01
2025-08-13,2025,8,Agustus,Agu,2025-08,Q3,2025 Q3,3,Wednesday,202508,2025-08-01
2025-08-14,2025,8,Agustus,Agu,2025-08,Q3,2025 Q3,4,Thursday,202508,2025-08-01
2025-08-15,2025,8,Agustus,Agu,2025-08,Q3,2025 Q3,5,Friday,202508,2025-08-01
2025-08-16,2025,8,Agustus,Agu,2025-08,Q3,2025 Q3,6,Saturday,202508,2025-08-01
2025-08-17,2025,8,Agustus,Agu,2025-08,Q3,2025 Q3,7,Sunday,202508,2025-08-01
2025-08-18,2025,8,Agustus,Agu,2025-08,Q3,2025 Q3,1,Monday,202508,2025-08-01
2025-08-19,2025,8,Agustus,Agu,2025-08,Q3,2025 Q3,2,Tuesday,202508,2025-08-01
2025-08-20,2025,8,Agustus,Agu,2025-08,Q3,2025 Q3,3,Wednesday,202508,2025-08-01
2025-08-21,2025,8,Agustus,Agu,2025-08,Q3,2025 Q3,4,Thursday,202508,2025-08-01
2025-08-22,2025,8,Agustus,Agu,2025-08,Q3,2025 Q3,5,Friday,202508,2025-08-01
2025-08-23,2025,8,Agustus,Agu,2025-08,Q3,2025 Q3,6,Saturday,202508,2025-08-01
2025-08-24,2025,8,Agustus,Agu,2025-08,Q3,2025 Q3,7,Sunday,202508,2025-08-01
2025-08-25,2025,8,Agustus,Agu,2025-08,Q3,2025 Q3,1,Monday,202508,2025-08-01
2025-08-26,2025,8,Agustus,Agu,2025-08,Q3,2025 Q3,2,Tuesday,202508,2025-08-01
2025-08-27,2025,8,Agustus,Agu,2025-08,Q3,2025 Q3,3,Wednesday,202508,2025-08-01
2025-08-28,2025,8,Agustus,Agu,2025-08,Q3,2025 Q3,4,Thursday,202508,2025-08-01
2025-08-29,2025,8,Agustus,Agu,2025-08,Q3,2025 Q3,5,Friday,202508,2025-08-01
2025-08-30,2025,8,Agustus,Agu,2025-08,Q3,2025 Q3,6,Saturday,202508,2025-08-01
2025-08-31,2025,8,Agustus,Agu,2025-08,Q3,2025 Q3,7,Sunday,202508,2025-08-01
2025-09-01,2025,9,September,Sep,2025-09,Q3,2025 Q3,1,Monday,202509,2025-09-01
2025-09-02,2025,9,September,Sep,2025-09,Q3,2025 Q3,2,Tuesday,202509,2025-09-01
2025-09-03,2025,9,September,Sep,2025-09,Q3,2025 Q3,3,Wednesday,202509,2025-09-01
2025-09-04,2025,9,September,Sep,2025-09,Q3,2025 Q3,4,Thursday,202509,2025-09-01
2025-09-05,2025,9,September,Sep,2025-09,Q3,2025 Q3,5,Friday,202509,2025-09-01
2025-09-06,2025,9,September,Sep,2025-09,Q3,2025 Q3,6,Saturday,202509,2025-09-01
2025-09-07,2025,9,September,Sep,2025-09,Q3,2025 Q3,7,Sunday,202509,2025-09-01
2025-09-08,2025,9,September,Sep,2025-09,Q3,2025 Q3,1,Monday,202509,2025-09-01
2025-09-09,2025,9,September,Sep,2025-09,Q3,2025 Q3,2,Tuesday,202509,2025-09-01
2025-09-10,2025,9,September,Sep,2025-09,Q3,2025 Q3,3,Wednesday,202509,2025-09-01
2025-09-11,2025,9,September,Sep,2025-09,Q3,2025 Q3,4,Thursday,202509,2025-09-01
2025-09-12,2025,9,September,Sep,2025-09,Q3,2025 Q3,5,Friday,202509,2025-09-01
2025-09-13,2025,9,September,Sep,2025-09,Q3,2025 Q3,6,Saturday,202509,2025-09-01
2025-09-14,2025,9,September,Sep,2025-09,Q3,2025 Q3,7,Sunday,202509,2025-09-01
2025-09-15,2025,9,September,Sep,2025-09,Q3,2025 Q3,1,Monday,202509,2025-09-01
2025-09-16,2025,9,September,Sep,2025-09,Q3,2025 Q3,2,Tuesday,202509,2025-09-01
2025-09-17,2025,9,September,Sep,2025-09,Q3,2025 Q3,3,Wednesday,202509,2025-09-01
2025-09-18,2025,9,September,Sep,2025-09,Q3,2025 Q3,4,Thursday,202509,2025-09-01
2025-09-19,2025,9,September,Sep,2025-09,Q3,2025 Q3,5,Friday,202509,2025-09-01
2025-09-20,2025,9,September,Sep,2025-09,Q3,2025 Q3,6,Saturday,202509,2025-09-01
2025-09-21,2025,9,September,Sep,2025-09,Q3,2025 Q3,7,Sunday,202509,2025-09-01
2025-09-22,2025,9,September,Sep,2025-09,Q3,2025 Q3,1,Monday,202509,2025-09-01
2025-09-23,2025,9,September,Sep,2025-09,Q3,2025 Q3,2,Tuesday,202509,2025-09-01
2025-09-24,2025,9,September,Sep,2025-09,Q3,2025 Q3,3,Wednesday,202509,2025-09-01
2025-09-25,2025,9,September,Sep,2025-09,Q3,2025 Q3,4,Thursday,202509,2025-09-01
2025-09-26,2025,9,September,Sep,2025-09,Q3,2025 Q3,5,Friday,202509,2025-09-01
2025-09-27,2025,9,September,Sep,2025-09,Q3,2025 Q3,6,Saturday,202509,2025-09-01
2025-09-28,2025,9,September,Sep,2025-09,Q3,2025 Q3,7,Sunday,202509,2025-09-01
2025-09-29,2025,9,September,Sep,2025-09,Q3,2025 Q3,1,Monday,202509,2025-09-01
2025-09-30,2025,9,September,Sep,2025-09,Q3,2025 Q3,2,Tuesday,202509,2025-09-01
2025-10-01,2025,10,Oktober,Okt,2025-10,Q4,2025 Q4,3,Wednesday,202510,2025-10-01
2025-10-02,2025,10,Oktober,Okt,2025-10,Q4,2025 Q4,4,Thursday,202510,2025-10-01
2025-10-03,2025,10,Oktober,Okt,2025-10,Q4,2025 Q4,5,Friday,202510,2025-10-01
2025-10-04,2025,10,Oktober,Okt,2025-10,Q4,2025 Q4,6,Saturday,202510,2025-10-01
2025-10-05,2025,10,Oktober,Okt,2025-10,Q4,2025 Q4,7,Sunday,202510,2025-10-01
2025-10-06,2025,10,Oktober,Okt,2025-10,Q4,2025 Q4,1,Monday,202510,2025-10-01
2025-10-07,2025,10,Oktober,Okt,2025-10,Q4,2025 Q4,2,Tuesday,202510,2025-10-01
2025-10-08,2025,10,Oktober,Okt,2025-10,Q4,2025 Q4,3,Wednesday,202510,2025-10-01
2025-10-09,2025,10,Oktober,Okt,2025-10,Q4,2025 Q4,4,Thursday,202510,2025-10-01
2025-10-10,2025,10,Oktober,Okt,2025-10,Q4,2025 Q4,5,Friday,202510,2025-10-01
2025-10-11,2025,10,Oktober,Okt,2025-10,Q4,2025 Q4,6,Saturday,202510,2025-10-01
2025-10-12,2025,10,Oktober,Okt,2025-10,Q4,2025 Q4,7,Sunday,202510,2025-10-01
2025-10-13,2025,10,Oktober,Okt,2025-10,Q4,2025 Q4,1,Monday,202510,2025-10-01
2025-10-14,2025,10,Oktober,Okt,2025-10,Q4,2025 Q4,2,Tuesday,202510,2025-10-01
2025-10-15,2025,10,Oktober,Okt,2025-10,Q4,2025 Q4,3,Wednesday,202510,2025-10-01
2025-10-16,2025,10,Oktober,Okt,2025-10,Q4,2025 Q4,4,Thursday,202510,2025-10-01
2025-10-17,2025,10,Oktober,Okt,2025-10,Q4,2025 Q4,5,Friday,202510,2025-10-01
2025-10-18,2025,10,Oktober,Okt,2025-10,Q4,2025 Q4,6,Saturday,202510,2025-10-01
2025-10-19,2025,10,Oktober,Okt,2025-10,Q4,2025 Q4,7,Sunday,202510,2025-10-01
2025-10-20,2025,10,Oktober,Okt,2025-10,Q4,2025 Q4,1,Monday,202510,2025-10-01
2025-10-21,2025,10,Oktober,Okt,2025-10,Q4,2025 Q4,2,Tuesday,202510,2025-10-01
2025-10-22,2025,10,Oktober,Okt,2025-10,Q4,2025 Q4,3,Wednesday,202510,2025-10-01
2025-10-23,2025,10,Oktober,Okt,2025-10,Q4,2025 Q4,4,Thursday,202510,2025-10-01
2025-10-24,2025,10,Oktober,Okt,2025-10,Q4,2025 Q4,5,Friday,202510,2025-10-01
2025-10-25,2025,10,Oktober,Okt,2025-10,Q4,2025 Q4,6,Saturday,202510,2025-10-01
2025-10-26,2025,10,Oktober,Okt,2025-10,Q4,2025 Q4,7,Sunday,202510,2025-10-01
2025-10-27,2025,10,Oktober,Okt,2025-10,Q4,2025 Q4,1,Monday,202510,2025-10-01
2025-10-28,2025,10,Oktober,Okt,2025-10,Q4,2025 Q4,2,Tuesday,202510,2025-10-01
2025-10-29,2025,10,Oktober,Okt,2025-10,Q4,2025 Q4,3,Wednesday,202510,2025-10-01
2025-10-30,2025,10,Oktober,Okt,2025-10,Q4,2025 Q4,4,Thursday,202510,2025-10-01
2025-10-31,2025,10,Oktober,Okt,2025-10,Q4,2025 Q4,5,Friday,202510,2025-10-01
2025-11-01,2025,11,November,Nov,2025-11,Q4,2025 Q4,6,Saturday,202511,2025-11-01
2025-11-02,2025,11,November,Nov,2025-11,Q4,2025 Q4,7,Sunday,202511,2025-11-01
2025-11-03,2025,11,November,Nov,2025-11,Q4,2025 Q4,1,Monday,202511,2025-11-01
2025-11-04,2025,11,November,Nov,2025-11,Q4,2025 Q4,2,Tuesday,202511,2025-11-01
2025-11-05,2025,11,November,Nov,2025-11,Q4,2025 Q4,3,Wednesday,202511,2025-11-01
2025-11-06,2025,11,November,Nov,2025-11,Q4,2025 Q4,4,Thursday,202511,2025-11-01
2025-11-07,2025,11,November,Nov,2025-11,Q4,2025 Q4,5,Friday,202511,2025-11-01
2025-11-08,2025,11,November,Nov,2025-11,Q4,2025 Q4,6,Saturday,202511,2025-11-01
2025-11-09,2025,11,November,Nov,2025-11,Q4,2025 Q4,7,Sunday,202511,2025-11-01
2025-11-10,2025,11,November,Nov,2025-11,Q4,2025 Q4,1,Monday,202511,2025-11-01
2025-11-11,2025,11,November,Nov,2025-11,Q4,2025 Q4,2,Tuesday,202511,2025-11-01
2025-11-12,2025,11,November,Nov,2025-11,Q4,2025 Q4,3,Wednesday,202511,2025-11-01
2025-11-13,2025,11,November,Nov,2025-11,Q4,2025 Q4,4,Thursday,202511,2025-11-01
2025-11-14,2025,11,November,Nov,2025-11,Q4,2025 Q4,5,Friday,202511,2025-11-01
2025-11-15,2025,11,November,Nov,2025-11,Q4,2025 Q4,6,Saturday,202511,2025-11-01
2025-11-16,2025,11,November,Nov,2025-11,Q4,2025 Q4,7,Sunday,202511,2025-11-01
2025-11-17,2025,11,November,Nov,2025-11,Q4,2025 Q4,1,Monday,202511,2025-11-01
2025-11-18,2025,11,November,Nov,2025-11,Q4,2025 Q4,2,Tuesday,202511,2025-11-01
2025-11-19,2025,11,November,Nov,2025-11,Q4,2025 Q4,3,Wednesday,202511,2025-11-01
2025-11-20,2025,11,November,Nov,2025-11,Q4,2025 Q4,4,Thursday,202511,2025-11-01
2025-11-21,2025,11,November,Nov,2025-11,Q4,2025 Q4,5,Friday,202511,2025-11-01
2025-11-22,2025,11,November,Nov,2025-11,Q4,2025 Q4,6,Saturday,202511,2025-11-01
2025-11-23,2025,11,November,Nov,2025-11,Q4,2025 Q4,7,Sunday,202511,2025-11-01
2025-11-24,2025,11,November,Nov,2025-11,Q4,2025 Q4,1,Monday,202511,2025-11-01
2025-11-25,2025,11,November,Nov,2025-11,Q4,2025 Q4,2,Tuesday,202511,2025-11-01
2025-11-26,2025,11,November,Nov,2025-11,Q4,2025 Q4,3,Wednesday,202511,2025-11-01
2025-11-27,2025,11,November,Nov,2025-11,Q4,2025 Q4,4,Thursday,202511,2025-11-01
2025-11-28,2025,11,November,Nov,2025-11,Q4,2025 Q4,5,Friday,202511,2025-11-01
2025-11-29,2025,11,November,Nov,2025-11,Q4,2025 Q4,6,Saturday,202511,2025-11-01
2025-11-30,2025,11,November,Nov,2025-11,Q4,2025 Q4,7,Sunday,202511,2025-11-01
2025-12-01,2025,12,Desember,Des,2025-12,Q4,2025 Q4,1,Monday,202512,2025-12-01
2025-12-02,2025,12,Desember,Des,2025-12,Q4,2025 Q4,2,Tuesday,202512,2025-12-01
2025-12-03,2025,12,Desember,Des,2025-12,Q4,2025 Q4,3,Wednesday,202512,2025-12-01
2025-12-04,2025,12,Desember,Des,2025-12,Q4,2025 Q4,4,Thursday,202512,2025-12-01
2025-12-05,2025,12,Desember,Des,2025-12,Q4,2025 Q4,5,Friday,202512,2025-12-01
2025-12-06,2025,12,Desember,Des,2025-12,Q4,2025 Q4,6,Saturday,202512,2025-12-01
2025-12-07,2025,12,Desember,Des,2025-12,Q4,2025 Q4,7,Sunday,202512,2025-12-01
2025-12-08,2025,12,Desember,Des,2025-12,Q4,2025 Q4,1,Monday,202512,2025-12-01
2025-12-09,2025,12,Desember,Des,2025-12,Q4,2025 Q4,2,Tuesday,202512,2025-12-01
2025-12-10,2025,12,Desember,Des,2025-12,Q4,2025 Q4,3,Wednesday,202512,2025-12-01
2025-12-11,2025,12,Desember,Des,2025-12,Q4,2025 Q4,4,Thursday,202512,2025-12-01
2025-12-12,2025,12,Desember,Des,2025-12,Q4,2025 Q4,5,Friday,202512,2025-12-01
2025-12-13,2025,12,Desember,Des,2025-12,Q4,2025 Q4,6,Saturday,202512,2025-12-01
2025-12-14,2025,12,Desember,Des,2025-12,Q4,2025 Q4,7,Sunday,202512,2025-12-01
2025-12-15,2025,12,Desember,Des,2025-12,Q4,2025 Q4,1,Monday,202512,2025-12-01
2025-12-16,2025,12,Desember,Des,2025-12,Q4,2025 Q4,2,Tuesday,202512,2025-12-01
2025-12-17,2025,12,Desember,Des,2025-12,Q4,2025 Q4,3,Wednesday,202512,2025-12-01
2025-12-18,2025,12,Desember,Des,2025-12,Q4,2025 Q4,4,Thursday,202512,2025-12-01
2025-12-19,2025,12,Desember,Des,2025-12,Q4,2025 Q4,5,Friday,202512,2025-12-01
2025-12-20,2025,12,Desember,Des,2025-12,Q4,2025 Q4,6,Saturday,202512,2025-12-01
2025-12-21,2025,12,Desember,Des,2025-12,Q4,2025 Q4,7,Sunday,202512,2025-12-01
2025-12-22,2025,12,Desember,Des,2025-12,Q4,2025 Q4,1,Monday,202512,2025-12-01
2025-12-23,2025,12,Desember,Des,2025-12,Q4,2025 Q4,2,Tuesday,202512,2025-12-01
2025-12-24,2025,12,Desember,Des,2025-12,Q4,2025 Q4,3,Wednesday,202512,2025-12-01
2025-12-25,2025,12,Desember,Des,2025-12,Q4,2025 Q4,4,Thursday,202512,2025-12-01
2025-12-26,2025,12,Desember,Des,2025-12,Q4,2025 Q4,5,Friday,202512,2025-12-01
2025-12-27,2025,12,Desember,Des,2025-12,Q4,2025 Q4,6,Saturday,202512,2025-12-01
2025-12-28,2025,12,Desember,Des,2025-12,Q4,2025 Q4,7,Sunday,202512,2025-12-01
2025-12-29,2025,12,Desember,Des,2025-12,Q4,2025 Q4,1,Monday,202512,2025-12-01
2025-12-30,2025,12,Desember,Des,2025-12,Q4,2025 Q4,2,Tuesday,202512,2025-12-01
2025-12-31,2025,12,Desember,Des,2025-12,Q4,2025 Q4,3,Wednesday,202512,2025-12-01
2026-01-01,2026,1,Januari,Jan,2026-01,Q1,2026 Q1,4,Thursday,202601,2026-01-01
2026-01-02,2026,1,Januari,Jan,2026-01,Q1,2026 Q1,5,Friday,202601,2026-01-01
2026-01-03,2026,1,Januari,Jan,2026-01,Q1,2026 Q1,6,Saturday,202601,2026-01-01
2026-01-04,2026,1,Januari,Jan,2026-01,Q1,2026 Q1,7,Sunday,202601,2026-01-01
2026-01-05,2026,1,Januari,Jan,2026-01,Q1,2026 Q1,1,Monday,202601,2026-01-01
2026-01-06,2026,1,Januari,Jan,2026-01,Q1,2026 Q1,2,Tuesday,202601,2026-01-01
2026-01-07,2026,1,Januari,Jan,2026-01,Q1,2026 Q1,3,Wednesday,202601,2026-01-01
2026-01-08,2026,1,Januari,Jan,2026-01,Q1,2026 Q1,4,Thursday,202601,2026-01-01
2026-01-09,2026,1,Januari,Jan,2026-01,Q1,2026 Q1,5,Friday,202601,2026-01-01
2026-01-10,2026,1,Januari,Jan,2026-01,Q1,2026 Q1,6,Saturday,202601,2026-01-01
2026-01-11,2026,1,Januari,Jan,2026-01,Q1,2026 Q1,7,Sunday,202601,2026-01-01
2026-01-12,2026,1,Januari,Jan,2026-01,Q1,2026 Q1,1,Monday,202601,2026-01-01
2026-01-13,2026,1,Januari,Jan,2026-01,Q1,2026 Q1,2,Tuesday,202601,2026-01-01
2026-01-14,2026,1,Januari,Jan,2026-01,Q1,2026 Q1,3,Wednesday,202601,2026-01-01
2026-01-15,2026,1,Januari,Jan,2026-01,Q1,2026 Q1,4,Thursday,202601,2026-01-01
2026-01-16,2026,1,Januari,Jan,2026-01,Q1,2026 Q1,5,Friday,202601,2026-01-01
2026-01-17,2026,1,Januari,Jan,2026-01,Q1,2026 Q1,6,Saturday,202601,2026-01-01
2026-01-18,2026,1,Januari,Jan,2026-01,Q1,2026 Q1,7,Sunday,202601,2026-01-01
2026-01-19,2026,1,Januari,Jan,2026-01,Q1,2026 Q1,1,Monday,202601,2026-01-01
2026-01-20,2026,1,Januari,Jan,2026-01,Q1,2026 Q1,2,Tuesday,202601,2026-01-01
2026-01-21,2026,1,Januari,Jan,2026-01,Q1,2026 Q1,3,Wednesday,202601,2026-01-01
2026-01-22,2026,1,Januari,Jan,2026-01,Q1,2026 Q1,4,Thursday,202601,2026-01-01
2026-01-23,2026,1,Januari,Jan,2026-01,Q1,2026 Q1,5,Friday,202601,2026-01-01
2026-01-24,2026,1,Januari,Jan,2026-01,Q1,2026 Q1,6,Saturday,202601,2026-01-01
2026-01-25,2026,1,Januari,Jan,2026-01,Q1,2026 Q1,7,Sunday,202601,2026-01-01
2026-01-26,2026,1,Januari,Jan,2026-01,Q1,2026 Q1,1,Monday,202601,2026-01-01
2026-01-27,2026,1,Januari,Jan,2026-01,Q1,2026 Q1,2,Tuesday,202601,2026-01-01
2026-01-28,2026,1,Januari,Jan,2026-01,Q1,2026 Q1,3,Wednesday,202601,2026-01-01
2026-01-29,2026,1,Januari,Jan,2026-01,Q1,2026 Q1,4,Thursday,202601,2026-01-01
2026-01-30,2026,1,Januari,Jan,2026-01,Q1,2026 Q1,5,Friday,202601,2026-01-01
2026-01-31,2026,1,Januari,Jan,2026-01,Q1,2026 Q1,6,Saturday,202601,2026-01-01
2026-02-01,2026,2,Februari,Feb,2026-02,Q1,2026 Q1,7,Sunday,202602,2026-02-01
2026-02-02,2026,2,Februari,Feb,2026-02,Q1,2026 Q1,1,Monday,202602,2026-02-01
2026-02-03,2026,2,Februari,Feb,2026-02,Q1,2026 Q1,2,Tuesday,202602,2026-02-01
2026-02-04,2026,2,Februari,Feb,2026-02,Q1,2026 Q1,3,Wednesday,202602,2026-02-01
2026-02-05,2026,2,Februari,Feb,2026-02,Q1,2026 Q1,4,Thursday,202602,2026-02-01
2026-02-06,2026,2,Februari,Feb,2026-02,Q1,2026 Q1,5,Friday,202602,2026-02-01
2026-02-07,2026,2,Februari,Feb,2026-02,Q1,2026 Q1,6,Saturday,202602,2026-02-01
2026-02-08,2026,2,Februari,Feb,2026-02,Q1,2026 Q1,7,Sunday,202602,2026-02-01
2026-02-09,2026,2,Februari,Feb,2026-02,Q1,2026 Q1,1,Monday,202602,2026-02-01
2026-02-10,2026,2,Februari,Feb,2026-02,Q1,2026 Q1,2,Tuesday,202602,2026-02-01
2026-02-11,2026,2,Februari,Feb,2026-02,Q1,2026 Q1,3,Wednesday,202602,2026-02-01
2026-02-12,2026,2,Februari,Feb,2026-02,Q1,2026 Q1,4,Thursday,202602,2026-02-01
2026-02-13,2026,2,Februari,Feb,2026-02,Q1,2026 Q1,5,Friday,202602,2026-02-01
2026-02-14,2026,2,Februari,Feb,2026-02,Q1,2026 Q1,6,Saturday,202602,2026-02-01
2026-02-15,2026,2,Februari,Feb,2026-02,Q1,2026 Q1,7,Sunday,202602,2026-02-01
2026-02-16,2026,2,Februari,Feb,2026-02,Q1,2026 Q1,1,Monday,202602,2026-02-01
2026-02-17,2026,2,Februari,Feb,2026-02,Q1,2026 Q1,2,Tuesday,202602,2026-02-01
2026-02-18,2026,2,Februari,Feb,2026-02,Q1,2026 Q1,3,Wednesday,202602,2026-02-01
2026-02-19,2026,2,Februari,Feb,2026-02,Q1,2026 Q1,4,Thursday,202602,2026-02-01
2026-02-20,2026,2,Februari,Feb,2026-02,Q1,2026 Q1,5,Friday,202602,2026-02-01
2026-02-21,2026,2,Februari,Feb,2026-02,Q1,2026 Q1,6,Saturday,202602,2026-02-01
2026-02-22,2026,2,Februari,Feb,2026-02,Q1,2026 Q1,7,Sunday,202602,2026-02-01
2026-02-23,2026,2,Februari,Feb,2026-02,Q1,2026 Q1,1,Monday,202602,2026-02-01
2026-02-24,2026,2,Februari,Feb,2026-02,Q1,2026 Q1,2,Tuesday,202602,2026-02-01
2026-02-25,2026,2,Februari,Feb,2026-02,Q1,2026 Q1,3,Wednesday,202602,2026-02-01
2026-02-26,2026,2,Februari,Feb,2026-02,Q1,2026 Q1,4,Thursday,202602,2026-02-01
2026-02-27,2026,2,Februari,Feb,2026-02,Q1,2026 Q1,5,Friday,202602,2026-02-01
2026-02-28,2026,2,Februari,Feb,2026-02,Q1,2026 Q1,6,Saturday,202602,2026-02-01
2026-03-01,2026,3,Maret,Mar,2026-03,Q1,2026 Q1,7,Sunday,202603,2026-03-01
2026-03-02,2026,3,Maret,Mar,2026-03,Q1,2026 Q1,1,Monday,202603,2026-03-01
2026-03-03,2026,3,Maret,Mar,2026-03,Q1,2026 Q1,2,Tuesday,202603,2026-03-01
2026-03-04,2026,3,Maret,Mar,2026-03,Q1,2026 Q1,3,Wednesday,202603,2026-03-01
2026-03-05,2026,3,Maret,Mar,2026-03,Q1,2026 Q1,4,Thursday,202603,2026-03-01
2026-03-06,2026,3,Maret,Mar,2026-03,Q1,2026 Q1,5,Friday,202603,2026-03-01
2026-03-07,2026,3,Maret,Mar,2026-03,Q1,2026 Q1,6,Saturday,202603,2026-03-01
2026-03-08,2026,3,Maret,Mar,2026-03,Q1,2026 Q1,7,Sunday,202603,2026-03-01
2026-03-09,2026,3,Maret,Mar,2026-03,Q1,2026 Q1,1,Monday,202603,2026-03-01
2026-03-10,2026,3,Maret,Mar,2026-03,Q1,2026 Q1,2,Tuesday,202603,2026-03-01
2026-03-11,2026,3,Maret,Mar,2026-03,Q1,2026 Q1,3,Wednesday,202603,2026-03-01
2026-03-12,2026,3,Maret,Mar,2026-03,Q1,2026 Q1,4,Thursday,202603,2026-03-01
2026-03-13,2026,3,Maret,Mar,2026-03,Q1,2026 Q1,5,Friday,202603,2026-03-01
2026-03-14,2026,3,Maret,Mar,2026-03,Q1,2026 Q1,6,Saturday,202603,2026-03-01
2026-03-15,2026,3,Maret,Mar,2026-03,Q1,2026 Q1,7,Sunday,202603,2026-03-01
2026-03-16,2026,3,Maret,Mar,2026-03,Q1,2026 Q1,1,Monday,202603,2026-03-01
2026-03-17,2026,3,Maret,Mar,2026-03,Q1,2026 Q1,2,Tuesday,202603,2026-03-01
2026-03-18,2026,3,Maret,Mar,2026-03,Q1,2026 Q1,3,Wednesday,202603,2026-03-01
2026-03-19,2026,3,Maret,Mar,2026-03,Q1,2026 Q1,4,Thursday,202603,2026-03-01
2026-03-20,2026,3,Maret,Mar,2026-03,Q1,2026 Q1,5,Friday,202603,2026-03-01
2026-03-21,2026,3,Maret,Mar,2026-03,Q1,2026 Q1,6,Saturday,202603,2026-03-01
2026-03-22,2026,3,Maret,Mar,2026-03,Q1,2026 Q1,7,Sunday,202603,2026-03-01
2026-03-23,2026,3,Maret,Mar,2026-03,Q1,2026 Q1,1,Monday,202603,2026-03-01
2026-03-24,2026,3,Maret,Mar,2026-03,Q1,2026 Q1,2,Tuesday,202603,2026-03-01
2026-03-25,2026,3,Maret,Mar,2026-03,Q1,2026 Q1,3,Wednesday,202603,2026-03-01
2026-03-26,2026,3,Maret,Mar,2026-03,Q1,2026 Q1,4,Thursday,202603,2026-03-01
2026-03-27,2026,3,Maret,Mar,2026-03,Q1,2026 Q1,5,Friday,202603,2026-03-01
2026-03-28,2026,3,Maret,Mar,2026-03,Q1,2026 Q1,6,Saturday,202603,2026-03-01
2026-03-29,2026,3,Maret,Mar,2026-03,Q1,2026 Q1,7,Sunday,202603,2026-03-01
2026-03-30,2026,3,Maret,Mar,2026-03,Q1,2026 Q1,1,Monday,202603,2026-03-01
2026-03-31,2026,3,Maret,Mar,2026-03,Q1,2026 Q1,2,Tuesday,202603,2026-03-01
2026-04-01,2026,4,April,Apr,2026-04,Q2,2026 Q2,3,Wednesday,202604,2026-04-01
2026-04-02,2026,4,April,Apr,2026-04,Q2,2026 Q2,4,Thursday,202604,2026-04-01
2026-04-03,2026,4,April,Apr,2026-04,Q2,2026 Q2,5,Friday,202604,2026-04-01
2026-04-04,2026,4,April,Apr,2026-04,Q2,2026 Q2,6,Saturday,202604,2026-04-01
2026-04-05,2026,4,April,Apr,2026-04,Q2,2026 Q2,7,Sunday,202604,2026-04-01
2026-04-06,2026,4,April,Apr,2026-04,Q2,2026 Q2,1,Monday,202604,2026-04-01
2026-04-07,2026,4,April,Apr,2026-04,Q2,2026 Q2,2,Tuesday,202604,2026-04-01
2026-04-08,2026,4,April,Apr,2026-04,Q2,2026 Q2,3,Wednesday,202604,2026-04-01
2026-04-09,2026,4,April,Apr,2026-04,Q2,2026 Q2,4,Thursday,202604,2026-04-01
2026-04-10,2026,4,April,Apr,2026-04,Q2,2026 Q2,5,Friday,202604,2026-04-01
2026-04-11,2026,4,April,Apr,2026-04,Q2,2026 Q2,6,Saturday,202604,2026-04-01
2026-04-12,2026,4,April,Apr,2026-04,Q2,2026 Q2,7,Sunday,202604,2026-04-01
2026-04-13,2026,4,April,Apr,2026-04,Q2,2026 Q2,1,Monday,202604,2026-04-01
2026-04-14,2026,4,April,Apr,2026-04,Q2,2026 Q2,2,Tuesday,202604,2026-04-01
2026-04-15,2026,4,April,Apr,2026-04,Q2,2026 Q2,3,Wednesday,202604,2026-04-01
2026-04-16,2026,4,April,Apr,2026-04,Q2,2026 Q2,4,Thursday,202604,2026-04-01
2026-04-17,2026,4,April,Apr,2026-04,Q2,2026 Q2,5,Friday,202604,2026-04-01
2026-04-18,2026,4,April,Apr,2026-04,Q2,2026 Q2,6,Saturday,202604,2026-04-01
2026-04-19,2026,4,April,Apr,2026-04,Q2,2026 Q2,7,Sunday,202604,2026-04-01
2026-04-20,2026,4,April,Apr,2026-04,Q2,2026 Q2,1,Monday,202604,2026-04-01
2026-04-21,2026,4,April,Apr,2026-04,Q2,2026 Q2,2,Tuesday,202604,2026-04-01
2026-04-22,2026,4,April,Apr,2026-04,Q2,2026 Q2,3,Wednesday,202604,2026-04-01
2026-04-23,2026,4,April,Apr,2026-04,Q2,2026 Q2,4,Thursday,202604,2026-04-01
2026-04-24,2026,4,April,Apr,2026-04,Q2,2026 Q2,5,Friday,202604,2026-04-01
2026-04-25,2026,4,April,Apr,2026-04,Q2,2026 Q2,6,Saturday,202604,2026-04-01
2026-04-26,2026,4,April,Apr,2026-04,Q2,2026 Q2,7,Sunday,202604,2026-04-01
2026-04-27,2026,4,April,Apr,2026-04,Q2,2026 Q2,1,Monday,202604,2026-04-01
2026-04-28,2026,4,April,Apr,2026-04,Q2,2026 Q2,2,Tuesday,202604,2026-04-01
2026-04-29,2026,4,April,Apr,2026-04,Q2,2026 Q2,3,Wednesday,202604,2026-04-01
2026-04-30,2026,4,April,Apr,2026-04,Q2,2026 Q2,4,Thursday,202604,2026-04-01
2026-05-01,2026,5,Mei,Mei,2026-05,Q2,2026 Q2,5,Friday,202605,2026-05-01
2026-05-02,2026,5,Mei,Mei,2026-05,Q2,2026 Q2,6,Saturday,202605,2026-05-01
2026-05-03,2026,5,Mei,Mei,2026-05,Q2,2026 Q2,7,Sunday,202605,2026-05-01
2026-05-04,2026,5,Mei,Mei,2026-05,Q2,2026 Q2,1,Monday,202605,2026-05-01
2026-05-05,2026,5,Mei,Mei,2026-05,Q2,2026 Q2,2,Tuesday,202605,2026-05-01
2026-05-06,2026,5,Mei,Mei,2026-05,Q2,2026 Q2,3,Wednesday,202605,2026-05-01
2026-05-07,2026,5,Mei,Mei,2026-05,Q2,2026 Q2,4,Thursday,202605,2026-05-01
2026-05-08,2026,5,Mei,Mei,2026-05,Q2,2026 Q2,5,Friday,202605,2026-05-01
2026-05-09,2026,5,Mei,Mei,2026-05,Q2,2026 Q2,6,Saturday,202605,2026-05-01
2026-05-10,2026,5,Mei,Mei,2026-05,Q2,2026 Q2,7,Sunday,202605,2026-05-01
2026-05-11,2026,5,Mei,Mei,2026-05,Q2,2026 Q2,1,Monday,202605,2026-05-01
2026-05-12,2026,5,Mei,Mei,2026-05,Q2,2026 Q2,2,Tuesday,202605,2026-05-01
2026-05-13,2026,5,Mei,Mei,2026-05,Q2,2026 Q2,3,Wednesday,202605,2026-05-01
2026-05-14,2026,5,Mei,Mei,2026-05,Q2,2026 Q2,4,Thursday,202605,2026-05-01
2026-05-15,2026,5,Mei,Mei,2026-05,Q2,2026 Q2,5,Friday,202605,2026-05-01
2026-05-16,2026,5,Mei,Mei,2026-05,Q2,2026 Q2,6,Saturday,202605,2026-05-01
2026-05-17,2026,5,Mei,Mei,2026-05,Q2,2026 Q2,7,Sunday,202605,2026-05-01
2026-05-18,2026,5,Mei,Mei,2026-05,Q2,2026 Q2,1,Monday,202605,2026-05-01
2026-05-19,2026,5,Mei,Mei,2026-05,Q2,2026 Q2,2,Tuesday,202605,2026-05-01
2026-05-20,2026,5,Mei,Mei,2026-05,Q2,2026 Q2,3,Wednesday,202605,2026-05-01
2026-05-21,2026,5,Mei,Mei,2026-05,Q2,2026 Q2,4,Thursday,202605,2026-05-01
2026-05-22,2026,5,Mei,Mei,2026-05,Q2,2026 Q2,5,Friday,202605,2026-05-01
2026-05-23,2026,5,Mei,Mei,2026-05,Q2,2026 Q2,6,Saturday,202605,2026-05-01
2026-05-24,2026,5,Mei,Mei,2026-05,Q2,2026 Q2,7,Sunday,202605,2026-05-01
2026-05-25,2026,5,Mei,Mei,2026-05,Q2,2026 Q2,1,Monday,202605,2026-05-01
2026-05-26,2026,5,Mei,Mei,2026-05,Q2,2026 Q2,2,Tuesday,202605,2026-05-01
2026-05-27,2026,5,Mei,Mei,2026-05,Q2,2026 Q2,3,Wednesday,202605,2026-05-01
2026-05-28,2026,5,Mei,Mei,2026-05,Q2,2026 Q2,4,Thursday,202605,2026-05-01
2026-05-29,2026,5,Mei,Mei,2026-05,Q2,2026 Q2,5,Friday,202605,2026-05-01
2026-05-30,2026,5,Mei,Mei,2026-05,Q2,2026 Q2,6,Saturday,202605,2026-05-01
2026-05-31,2026,5,Mei,Mei,2026-05,Q2,2026 Q2,7,Sunday,202605,2026-05-01
2026-06-01,2026,6,Juni,Jun,2026-06,Q2,2026 Q2,1,Monday,202606,2026-06-01
2026-06-02,2026,6,Juni,Jun,2026-06,Q2,2026 Q2,2,Tuesday,202606,2026-06-01
2026-06-03,2026,6,Juni,Jun,2026-06,Q2,2026 Q2,3,Wednesday,202606,2026-06-01
2026-06-04,2026,6,Juni,Jun,2026-06,Q2,2026 Q2,4,Thursday,202606,2026-06-01
2026-06-05,2026,6,Juni,Jun,2026-06,Q2,2026 Q2,5,Friday,202606,2026-06-01
2026-06-06,2026,6,Juni,Jun,2026-06,Q2,2026 Q2,6,Saturday,202606,2026-06-01
2026-06-07,2026,6,Juni,Jun,2026-06,Q2,2026 Q2,7,Sunday,202606,2026-06-01
2026-06-08,2026,6,Juni,Jun,2026-06,Q2,2026 Q2,1,Monday,202606,2026-06-01
2026-06-09,2026,6,Juni,Jun,2026-06,Q2,2026 Q2,2,Tuesday,202606,2026-06-01
2026-06-10,2026,6,Juni,Jun,2026-06,Q2,2026 Q2,3,Wednesday,202606,2026-06-01
2026-06-11,2026,6,Juni,Jun,2026-06,Q2,2026 Q2,4,Thursday,202606,2026-06-01
2026-06-12,2026,6,Juni,Jun,2026-06,Q2,2026 Q2,5,Friday,202606,2026-06-01
2026-06-13,2026,6,Juni,Jun,2026-06,Q2,2026 Q2,6,Saturday,202606,2026-06-01
2026-06-14,2026,6,Juni,Jun,2026-06,Q2,2026 Q2,7,Sunday,202606,2026-06-01
2026-06-15,2026,6,Juni,Jun,2026-06,Q2,2026 Q2,1,Monday,202606,2026-06-01
2026-06-16,2026,6,Juni,Jun,2026-06,Q2,2026 Q2,2,Tuesday,202606,2026-06-01
2026-06-17,2026,6,Juni,Jun,2026-06,Q2,2026 Q2,3,Wednesday,202606,2026-06-01
2026-06-18,2026,6,Juni,Jun,2026-06,Q2,2026 Q2,4,Thursday,202606,2026-06-01
2026-06-19,2026,6,Juni,Jun,2026-06,Q2,2026 Q2,5,Friday,202606,2026-06-01
2026-06-20,2026,6,Juni,Jun,2026-06,Q2,2026 Q2,6,Saturday,202606,2026-06-01
2026-06-21,2026,6,Juni,Jun,2026-06,Q2,2026 Q2,7,Sunday,202606,2026-06-01
2026-06-22,2026,6,Juni,Jun,2026-06,Q2,2026 Q2,1,Monday,202606,2026-06-01
2026-06-23,2026,6,Juni,Jun,2026-06,Q2,2026 Q2,2,Tuesday,202606,2026-06-01
2026-06-24,2026,6,Juni,Jun,2026-06,Q2,2026 Q2,3,Wednesday,202606,2026-06-01
2026-06-25,2026,6,Juni,Jun,2026-06,Q2,2026 Q2,4,Thursday,202606,2026-06-01
2026-06-26,2026,6,Juni,Jun,2026-06,Q2,2026 Q2,5,Friday,202606,2026-06-01
2026-06-27,2026,6,Juni,Jun,2026-06,Q2,2026 Q2,6,Saturday,202606,2026-06-01
2026-06-28,2026,6,Juni,Jun,2026-06,Q2,2026 Q2,7,Sunday,202606,2026-06-01
2026-06-29,2026,6,Juni,Jun,2026-06,Q2,2026 Q2,1,Monday,202606,2026-06-01
2026-06-30,2026,6,Juni,Jun,2026-06,Q2,2026 Q2,2,Tuesday,202606,2026-06-01
2026-07-01,2026,7,Juli,Jul,2026-07,Q3,2026 Q3,3,Wednesday,202607,2026-07-01
2026-07-02,2026,7,Juli,Jul,2026-07,Q3,2026 Q3,4,Thursday,202607,2026-07-01
2026-07-03,2026,7,Juli,Jul,2026-07,Q3,2026 Q3,5,Friday,202607,2026-07-01
2026-07-04,2026,7,Juli,Jul,2026-07,Q3,2026 Q3,6,Saturday,202607,2026-07-01
2026-07-05,2026,7,Juli,Jul,2026-07,Q3,2026 Q3,7,Sunday,202607,2026-07-01
2026-07-06,2026,7,Juli,Jul,2026-07,Q3,2026 Q3,1,Monday,202607,2026-07-01
2026-07-07,2026,7,Juli,Jul,2026-07,Q3,2026 Q3,2,Tuesday,202607,2026-07-01
2026-07-08,2026,7,Juli,Jul,2026-07,Q3,2026 Q3,3,Wednesday,202607,2026-07-01
2026-07-09,2026,7,Juli,Jul,2026-07,Q3,2026 Q3,4,Thursday,202607,2026-07-01
2026-07-10,2026,7,Juli,Jul,2026-07,Q3,2026 Q3,5,Friday,202607,2026-07-01
2026-07-11,2026,7,Juli,Jul,2026-07,Q3,2026 Q3,6,Saturday,202607,2026-07-01
2026-07-12,2026,7,Juli,Jul,2026-07,Q3,2026 Q3,7,Sunday,202607,2026-07-01
2026-07-13,2026,7,Juli,Jul,2026-07,Q3,2026 Q3,1,Monday,202607,2026-07-01
2026-07-14,2026,7,Juli,Jul,2026-07,Q3,2026 Q3,2,Tuesday,202607,2026-07-01
2026-07-15,2026,7,Juli,Jul,2026-07,Q3,2026 Q3,3,Wednesday,202607,2026-07-01
2026-07-16,2026,7,Juli,Jul,2026-07,Q3,2026 Q3,4,Thursday,202607,2026-07-01
2026-07-17,2026,7,Juli,Jul,2026-07,Q3,2026 Q3,5,Friday,202607,2026-07-01
2026-07-18,2026,7,Juli,Jul,2026-07,Q3,2026 Q3,6,Saturday,202607,2026-07-01
2026-07-19,2026,7,Juli,Jul,2026-07,Q3,2026 Q3,7,Sunday,202607,2026-07-01
2026-07-20,2026,7,Juli,Jul,2026-07,Q3,2026 Q3,1,Monday,202607,2026-07-01
2026-07-21,2026,7,Juli,Jul,2026-07,Q3,2026 Q3,2,Tuesday,202607,2026-07-01
2026-07-22,2026,7,Juli,Jul,2026-07,Q3,2026 Q3,3,Wednesday,202607,2026-07-01
2026-07-23,2026,7,Juli,Jul,2026-07,Q3,2026 Q3,4,Thursday,202607,2026-07-01
2026-07-24,2026,7,Juli,Jul,2026-07,Q3,2026 Q3,5,Friday,202607,2026-07-01
2026-07-25,2026,7,Juli,Jul,2026-07,Q3,2026 Q3,6,Saturday,202607,2026-07-01
2026-07-26,2026,7,Juli,Jul,2026-07,Q3,2026 Q3,7,Sunday,202607,2026-07-01
2026-07-27,2026,7,Juli,Jul,2026-07,Q3,2026 Q3,1,Monday,202607,2026-07-01
2026-07-28,2026,7,Juli,Jul,2026-07,Q3,2026 Q3,2,Tuesday,202607,2026-07-01
2026-07-29,2026,7,Juli,Jul,2026-07,Q3,2026 Q3,3,Wednesday,202607,2026-07-01
2026-07-30,2026,7,Juli,Jul,2026-07,Q3,2026 Q3,4,Thursday,202607,2026-07-01
2026-07-31,2026,7,Juli,Jul,2026-07,Q3,2026 Q3,5,Friday,202607,2026-07-01
2026-08-01,2026,8,Agustus,Agu,2026-08,Q3,2026 Q3,6,Saturday,202608,2026-08-01
2026-08-02,2026,8,Agustus,Agu,2026-08,Q3,2026 Q3,7,Sunday,202608,2026-08-01
2026-08-03,2026,8,Agustus,Agu,2026-08,Q3,2026 Q3,1,Monday,202608,2026-08-01
2026-08-04,2026,8,Agustus,Agu,2026-08,Q3,2026 Q3,2,Tuesday,202608,2026-08-01
2026-08-05,2026,8,Agustus,Agu,2026-08,Q3,2026 Q3,3,Wednesday,202608,2026-08-01
2026-08-06,2026,8,Agustus,Agu,2026-08,Q3,2026 Q3,4,Thursday,202608,2026-08-01
2026-08-07,2026,8,Agustus,Agu,2026-08,Q3,2026 Q3,5,Friday,202608,2026-08-01
2026-08-08,2026,8,Agustus,Agu,2026-08,Q3,2026 Q3,6,Saturday,202608,2026-08-01
2026-08-09,2026,8,Agustus,Agu,2026-08,Q3,2026 Q3,7,Sunday,202608,2026-08-01
2026-08-10,2026,8,Agustus,Agu,2026-08,Q3,2026 Q3,1,Monday,202608,2026-08-01
2026-08-11,2026,8,Agustus,Agu,2026-08,Q3,2026 Q3,2,Tuesday,202608,2026-08-01
2026-08-12,2026,8,Agustus,Agu,2026-08,Q3,2026 Q3,3,Wednesday,202608,2026-08-01
2026-08-13,2026,8,Agustus,Agu,2026-08,Q3,2026 Q3,4,Thursday,202608,2026-08-01
2026-08-14,2026,8,Agustus,Agu,2026-08,Q3,2026 Q3,5,Friday,202608,2026-08-01
2026-08-15,2026,8,Agustus,Agu,2026-08,Q3,2026 Q3,6,Saturday,202608,2026-08-01
2026-08-16,2026,8,Agustus,Agu,2026-08,Q3,2026 Q3,7,Sunday,202608,2026-08-01
2026-08-17,2026,8,Agustus,Agu,2026-08,Q3,2026 Q3,1,Monday,202608,2026-08-01
2026-08-18,2026,8,Agustus,Agu,2026-08,Q3,2026 Q3,2,Tuesday,202608,2026-08-01
2026-08-19,2026,8,Agustus,Agu,2026-08,Q3,2026 Q3,3,Wednesday,202608,2026-08-01
2026-08-20,2026,8,Agustus,Agu,2026-08,Q3,2026 Q3,4,Thursday,202608,2026-08-01
2026-08-21,2026,8,Agustus,Agu,2026-08,Q3,2026 Q3,5,Friday,202608,2026-08-01
2026-08-22,2026,8,Agustus,Agu,2026-08,Q3,2026 Q3,6,Saturday,202608,2026-08-01
2026-08-23,2026,8,Agustus,Agu,2026-08,Q3,2026 Q3,7,Sunday,202608,2026-08-01
2026-08-24,2026,8,Agustus,Agu,2026-08,Q3,2026 Q3,1,Monday,202608,2026-08-01
2026-08-25,2026,8,Agustus,Agu,2026-08,Q3,2026 Q3,2,Tuesday,202608,2026-08-01
2026-08-26,2026,8,Agustus,Agu,2026-08,Q3,2026 Q3,3,Wednesday,202608,2026-08-01
2026-08-27,2026,8,Agustus,Agu,2026-08,Q3,2026 Q3,4,Thursday,202608,2026-08-01
2026-08-28,2026,8,Agustus,Agu,2026-08,Q3,2026 Q3,5,Friday,202608,2026-08-01
2026-08-29,2026,8,Agustus,Agu,2026-08,Q3,2026 Q3,6,Saturday,202608,2026-08-01
2026-08-30,2026,8,Agustus,Agu,2026-08,Q3,2026 Q3,7,Sunday,202608,2026-08-01
2026-08-31,2026,8,Agustus,Agu,2026-08,Q3,2026 Q3,1,Monday,202608,2026-08-01
2026-09-01,2026,9,September,Sep,2026-09,Q3,2026 Q3,2,Tuesday,202609,2026-09-01
2026-09-02,2026,9,September,Sep,2026-09,Q3,2026 Q3,3,Wednesday,202609,2026-09-01
2026-09-03,2026,9,September,Sep,2026-09,Q3,2026 Q3,4,Thursday,202609,2026-09-01
2026-09-04,2026,9,September,Sep,2026-09,Q3,2026 Q3,5,Friday,202609,2026-09-01
2026-09-05,2026,9,September,Sep,2026-09,Q3,2026 Q3,6,Saturday,202609,2026-09-01
2026-09-06,2026,9,September,Sep,2026-09,Q3,2026 Q3,7,Sunday,202609,2026-09-01
2026-09-07,2026,9,September,Sep,2026-09,Q3,2026 Q3,1,Monday,202609,2026-09-01
2026-09-08,2026,9,September,Sep,2026-09,Q3,2026 Q3,2,Tuesday,202609,2026-09-01
2026-09-09,2026,9,September,Sep,2026-09,Q3,2026 Q3,3,Wednesday,202609,2026-09-01
2026-09-10,2026,9,September,Sep,2026-09,Q3,2026 Q3,4,Thursday,202609,2026-09-01
2026-09-11,2026,9,September,Sep,2026-09,Q3,2026 Q3,5,Friday,202609,2026-09-01
2026-09-12,2026,9,September,Sep,2026-09,Q3,2026 Q3,6,Saturday,202609,2026-09-01
2026-09-13,2026,9,September,Sep,2026-09,Q3,2026 Q3,7,Sunday,202609,2026-09-01
2026-09-14,2026,9,September,Sep,2026-09,Q3,2026 Q3,1,Monday,202609,2026-09-01
2026-09-15,2026,9,September,Sep,2026-09,Q3,2026 Q3,2,Tuesday,202609,2026-09-01
2026-09-16,2026,9,September,Sep,2026-09,Q3,2026 Q3,3,Wednesday,202609,2026-09-01
2026-09-17,2026,9,September,Sep,2026-09,Q3,2026 Q3,4,Thursday,202609,2026-09-01
2026-09-18,2026,9,September,Sep,2026-09,Q3,2026 Q3,5,Friday,202609,2026-09-01
2026-09-19,2026,9,September,Sep,2026-09,Q3,2026 Q3,6,Saturday,202609,2026-09-01
2026-09-20,2026,9,September,Sep,2026-09,Q3,2026 Q3,7,Sunday,202609,2026-09-01
2026-09-21,2026,9,September,Sep,2026-09,Q3,2026 Q3,1,Monday,202609,2026-09-01
2026-09-22,2026,9,September,Sep,2026-09,Q3,2026 Q3,2,Tuesday,202609,2026-09-01
2026-09-23,2026,9,September,Sep,2026-09,Q3,2026 Q3,3,Wednesday,202609,2026-09-01
2026-09-24,2026,9,September,Sep,2026-09,Q3,2026 Q3,4,Thursday,202609,2026-09-01
2026-09-25,2026,9,September,Sep,2026-09,Q3,2026 Q3,5,Friday,202609,2026-09-01
2026-09-26,2026,9,September,Sep,2026-09,Q3,2026 Q3,6,Saturday,202609,2026-09-01
2026-09-27,2026,9,September,Sep,2026-09,Q3,2026 Q3,7,Sunday,202609,2026-09-01
2026-09-28,2026,9,September,Sep,2026-09,Q3,2026 Q3,1,Monday,202609,2026-09-01
2026-09-29,2026,9,September,Sep,2026-09,Q3,2026 Q3,2,Tuesday,202609,2026-09-01
2026-09-30,2026,9,September,Sep,2026-09,Q3,2026 Q3,3,Wednesday,202609,2026-09-01
2026-10-01,2026,10,Oktober,Okt,2026-10,Q4,2026 Q4,4,Thursday,202610,2026-10-01
2026-10-02,2026,10,Oktober,Okt,2026-10,Q4,2026 Q4,5,Friday,202610,2026-10-01
2026-10-03,2026,10,Oktober,Okt,2026-10,Q4,2026 Q4,6,Saturday,202610,2026-10-01
2026-10-04,2026,10,Oktober,Okt,2026-10,Q4,2026 Q4,7,Sunday,202610,2026-10-01
2026-10-05,2026,10,Oktober,Okt,2026-10,Q4,2026 Q4,1,Monday,202610,2026-10-01
2026-10-06,2026,10,Oktober,Okt,2026-10,Q4,2026 Q4,2,Tuesday,202610,2026-10-01
2026-10-07,2026,10,Oktober,Okt,2026-10,Q4,2026 Q4,3,Wednesday,202610,2026-10-01
2026-10-08,2026,10,Oktober,Okt,2026-10,Q4,2026 Q4,4,Thursday,202610,2026-10-01
2026-10-09,2026,10,Oktober,Okt,2026-10,Q4,2026 Q4,5,Friday,202610,2026-10-01
2026-10-10,2026,10,Oktober,Okt,2026-10,Q4,2026 Q4,6,Saturday,202610,2026-10-01
2026-10-11,2026,10,Oktober,Okt,2026-10,Q4,2026 Q4,7,Sunday,202610,2026-10-01
2026-10-12,2026,10,Oktober,Okt,2026-10,Q4,2026 Q4,1,Monday,202610,2026-10-01
2026-10-13,2026,10,Oktober,Okt,2026-10,Q4,2026 Q4,2,Tuesday,202610,2026-10-01
2026-10-14,2026,10,Oktober,Okt,2026-10,Q4,2026 Q4,3,Wednesday,202610,2026-10-01
2026-10-15,2026,10,Oktober,Okt,2026-10,Q4,2026 Q4,4,Thursday,202610,2026-10-01
2026-10-16,2026,10,Oktober,Okt,2026-10,Q4,2026 Q4,5,Friday,202610,2026-10-01
2026-10-17,2026,10,Oktober,Okt,2026-10,Q4,2026 Q4,6,Saturday,202610,2026-10-01
2026-10-18,2026,10,Oktober,Okt,2026-10,Q4,2026 Q4,7,Sunday,202610,2026-10-01
2026-10-19,2026,10,Oktober,Okt,2026-10,Q4,2026 Q4,1,Monday,202610,2026-10-01
2026-10-20,2026,10,Oktober,Okt,2026-10,Q4,2026 Q4,2,Tuesday,202610,2026-10-01
2026-10-21,2026,10,Oktober,Okt,2026-10,Q4,2026 Q4,3,Wednesday,202610,2026-10-01
2026-10-22,2026,10,Oktober,Okt,2026-10,Q4,2026 Q4,4,Thursday,202610,2026-10-01
2026-10-23,2026,10,Oktober,Okt,2026-10,Q4,2026 Q4,5,Friday,202610,2026-10-01
2026-10-24,2026,10,Oktober,Okt,2026-10,Q4,2026 Q4,6,Saturday,202610,2026-10-01
2026-10-25,2026,10,Oktober,Okt,2026-10,Q4,2026 Q4,7,Sunday,202610,2026-10-01
2026-10-26,2026,10,Oktober,Okt,2026-10,Q4,2026 Q4,1,Monday,202610,2026-10-01
2026-10-27,2026,10,Oktober,Okt,2026-10,Q4,2026 Q4,2,Tuesday,202610,2026-10-01
2026-10-28,2026,10,Oktober,Okt,2026-10,Q4,2026 Q4,3,Wednesday,202610,2026-10-01
2026-10-29,2026,10,Oktober,Okt,2026-10,Q4,2026 Q4,4,Thursday,202610,2026-10-01
2026-10-30,2026,10,Oktober,Okt,2026-10,Q4,2026 Q4,5,Friday,202610,2026-10-01
2026-10-31,2026,10,Oktober,Okt,2026-10,Q4,2026 Q4,6,Saturday,202610,2026-10-01
2026-11-01,2026,11,November,Nov,2026-11,Q4,2026 Q4,7,Sunday,202611,2026-11-01
2026-11-02,2026,11,November,Nov,2026-11,Q4,2026 Q4,1,Monday,202611,2026-11-01
2026-11-03,2026,11,November,Nov,2026-11,Q4,2026 Q4,2,Tuesday,202611,2026-11-01
2026-11-04,2026,11,November,Nov,2026-11,Q4,2026 Q4,3,Wednesday,202611,2026-11-01
2026-11-05,2026,11,November,Nov,2026-11,Q4,2026 Q4,4,Thursday,202611,2026-11-01
2026-11-06,2026,11,November,Nov,2026-11,Q4,2026 Q4,5,Friday,202611,2026-11-01
2026-11-07,2026,11,November,Nov,2026-11,Q4,2026 Q4,6,Saturday,202611,2026-11-01
2026-11-08,2026,11,November,Nov,2026-11,Q4,2026 Q4,7,Sunday,202611,2026-11-01
2026-11-09,2026,11,November,Nov,2026-11,Q4,2026 Q4,1,Monday,202611,2026-11-01
2026-11-10,2026,11,November,Nov,2026-11,Q4,2026 Q4,2,Tuesday,202611,2026-11-01
2026-11-11,2026,11,November,Nov,2026-11,Q4,2026 Q4,3,Wednesday,202611,2026-11-01
2026-11-12,2026,11,November,Nov,2026-11,Q4,2026 Q4,4,Thursday,202611,2026-11-01
2026-11-13,2026,11,November,Nov,2026-11,Q4,2026 Q4,5,Friday,202611,2026-11-01
2026-11-14,2026,11,November,Nov,2026-11,Q4,2026 Q4,6,Saturday,202611,2026-11-01
2026-11-15,2026,11,November,Nov,2026-11,Q4,2026 Q4,7,Sunday,202611,2026-11-01
2026-11-16,2026,11,November,Nov,2026-11,Q4,2026 Q4,1,Monday,202611,2026-11-01
2026-11-17,2026,11,November,Nov,2026-11,Q4,2026 Q4,2,Tuesday,202611,2026-11-01
2026-11-18,2026,11,November,Nov,2026-11,Q4,2026 Q4,3,Wednesday,202611,2026-11-01
2026-11-19,2026,11,November,Nov,2026-11,Q4,2026 Q4,4,Thursday,202611,2026-11-01
2026-11-20,2026,11,November,Nov,2026-11,Q4,2026 Q4,5,Friday,202611,2026-11-01
2026-11-21,2026,11,November,Nov,2026-11,Q4,2026 Q4,6,Saturday,202611,2026-11-01
2026-11-22,2026,11,November,Nov,2026-11,Q4,2026 Q4,7,Sunday,202611,2026-11-01
2026-11-23,2026,11,November,Nov,2026-11,Q4,2026 Q4,1,Monday,202611,2026-11-01
2026-11-24,2026,11,November,Nov,2026-11,Q4,2026 Q4,2,Tuesday,202611,2026-11-01
2026-11-25,2026,11,November,Nov,2026-11,Q4,2026 Q4,3,Wednesday,202611,2026-11-01
2026-11-26,2026,11,November,Nov,2026-11,Q4,2026 Q4,4,Thursday,202611,2026-11-01
2026-11-27,2026,11,November,Nov,2026-11,Q4,2026 Q4,5,Friday,202611,2026-11-01
2026-11-28,2026,11,November,Nov,2026-11,Q4,2026 Q4,6,Saturday,202611,2026-11-01
2026-11-29,2026,11,November,Nov,2026-11,Q4,2026 Q4,7,Sunday,202611,2026-11-01
2026-11-30,2026,11,November,Nov,2026-11,Q4,2026 Q4,1,Monday,202611,2026-11-01
2026-12-01,2026,12,Desember,Des,2026-12,Q4,2026 Q4,2,Tuesday,202612,2026-12-01
2026-12-02,2026,12,Desember,Des,2026-12,Q4,2026 Q4,3,Wednesday,202612,2026-12-01
2026-12-03,2026,12,Desember,Des,2026-12,Q4,2026 Q4,4,Thursday,202612,2026-12-01
2026-12-04,2026,12,Desember,Des,2026-12,Q4,2026 Q4,5,Friday,202612,2026-12-01
2026-12-05,2026,12,Desember,Des,2026-12,Q4,2026 Q4,6,Saturday,202612,2026-12-01
2026-12-06,2026,12,Desember,Des,2026-12,Q4,2026 Q4,7,Sunday,202612,2026-12-01
2026-12-07,2026,12,Desember,Des,2026-12,Q4,2026 Q4,1,Monday,202612,2026-12-01
2026-12-08,2026,12,Desember,Des,2026-12,Q4,2026 Q4,2,Tuesday,202612,2026-12-01
2026-12-09,2026,12,Desember,Des,2026-12,Q4,2026 Q4,3,Wednesday,202612,2026-12-01
2026-12-10,2026,12,Desember,Des,2026-12,Q4,2026 Q4,4,Thursday,202612,2026-12-01
2026-12-11,2026,12,Desember,Des,2026-12,Q4,2026 Q4,5,Friday,202612,2026-12-01
2026-12-12,2026,12,Desember,Des,2026-12,Q4,2026 Q4,6,Saturday,202612,2026-12-01
2026-12-13,2026,12,Desember,Des,2026-12,Q4,2026 Q4,7,Sunday,202612,2026-12-01
2026-12-14,2026,12,Desember,Des,2026-12,Q4,2026 Q4,1,Monday,202612,2026-12-01
2026-12-15,2026,12,Desember,Des,2026-12,Q4,2026 Q4,2,Tuesday,202612,2026-12-01
2026-12-16,2026,12,Desember,Des,2026-12,Q4,2026 Q4,3,Wednesday,202612,2026-12-01
2026-12-17,2026,12,Desember,Des,2026-12,Q4,2026 Q4,4,Thursday,202612,2026-12-01
2026-12-18,2026,12,Desember,Des,2026-12,Q4,2026 Q4,5,Friday,202612,2026-12-01
2026-12-19,2026,12,Desember,Des,2026-12,Q4,2026 Q4,6,Saturday,202612,2026-12-01
2026-12-20,2026,12,Desember,Des,2026-12,Q4,2026 Q4,7,Sunday,202612,2026-12-01
2026-12-21,2026,12,Desember,Des,2026-12,Q4,2026 Q4,1,Monday,202612,2026-12-01
2026-12-22,2026,12,Desember,Des,2026-12,Q4,2026 Q4,2,Tuesday,202612,2026-12-01
2026-12-23,2026,12,Desember,Des,2026-12,Q4,2026 Q4,3,Wednesday,202612,2026-12-01
2026-12-24,2026,12,Desember,Des,2026-12,Q4,2026 Q4,4,Thursday,202612,2026-12-01
2026-12-25,2026,12,Desember,Des,2026-12,Q4,2026 Q4,5,Friday,202612,2026-12-01
2026-12-26,2026,12,Desember,Des,2026-12,Q4,2026 Q4,6,Saturday,202612,2026-12-01
2026-12-27,2026,12,Desember,Des,2026-12,Q4,2026 Q4,7,Sunday,202612,2026-12-01
2026-12-28,2026,12,Desember,Des,2026-12,Q4,2026 Q4,1,Monday,202612,2026-12-01
2026-12-29,2026,12,Desember,Des,2026-12,Q4,2026 Q4,2,Tuesday,202612,2026-12-01
2026-12-30,2026,12,Desember,Des,2026-12,Q4,2026 Q4,3,Wednesday,202612,2026-12-01
2026-12-31,2026,12,Desember,Des,2026-12,Q4,2026 Q4,4,Thursday,202612,2026-12-01
