id_badan_usaha,nama_badan_usaha,bentuk_badan_hukum,kode_kbli,sektor_industri,skala_usaha,provinsi,kantor_cabang_bpjs,scenario_profile_synthetic,baseline_tenaga_kerja_synthetic,baseline_upah_synthetic_rp,synthetic_assumption_version
BU-0001,Koperasi Bina Tekstil,Koperasi,I,Penyediaan Akomodasi dan F&B,Menengah,Jawa Timur,KC Surabaya,NORMAL,107,5670528,SYN-2026-10-08-v3
BU-0002,PT Mitra Tekstil,PT,G,Perdagangan Besar dan Eceran,Menengah,Riau,KC Pekanbaru,WAGE_REPORTING_GAP,137,6830953,SYN-2026-10-08-v3
BU-0003,PT Mega Plastindo,PT,N,Jasa Penunjang Usaha / Outsourcing / Security,Menengah,Sumatera Utara,KC Medan,WAGE_REPORTING_GAP,64,6421394,SYN-2026-10-08-v3
BU-0004,CV Surya Tekstil,CV,F,Konstruksi & Infrastruktur,Mikro,Sulawesi Selatan,KC Makassar,NORMAL,6,4426799,SYN-2026-10-08-v3
BU-0005,PT Daya Plastindo,PT,C,Industri Pengolahan / Manufaktur,Kecil,Bali,KC Denpasar,MULTI_SIGNAL,30,5549360,SYN-2026-10-08-v3
BU-0006,Yayasan Prima Logistik,Yayasan,A,Pertanian / Perkebunan / Kehutanan,Menengah,Jawa Timur,KC Surabaya,NORMAL,121,8571951,SYN-2026-10-08-v3
BU-0007,Koperasi Bina Tekstil,Koperasi,J,Informasi dan Komunikasi / Teknologi,Menengah,Sumatera Utara,KC Medan,WORKER_REGISTRATION_GAP,77,6585880,SYN-2026-10-08-v3
BU-0008,PT Nusantara Tekstil,PT,K,Jasa Keuangan / Pembiayaan / Asuransi,Menengah,Kalimantan Timur,KC Balikpapan,NORMAL,178,8955408,SYN-2026-10-08-v3
BU-0009,CV Prima Solusindo,CV,N,Jasa Penunjang Usaha / Outsourcing / Security,Besar,Sumatera Utara,KC Medan,CONTRIBUTION_PAYMENT_GAP,444,9956272,SYN-2026-10-08-v3
BU-0010,Koperasi Surya Solusindo,Koperasi,A,Pertanian / Perkebunan / Kehutanan,Kecil,Kalimantan Timur,KC Balikpapan,NORMAL,26,7297256,SYN-2026-10-08-v3
BU-0011,PT Daya Tekstil,PT,H,"Transportasi, Pergudangan & Logistik",Kecil,Bali,KC Denpasar,WAGE_REPORTING_GAP,45,4121150,SYN-2026-10-08-v3
BU-0012,PT Mandiri Tekstil,PT,N,Jasa Penunjang Usaha / Outsourcing / Security,Kecil,Riau,KC Pekanbaru,NORMAL,31,4668545,SYN-2026-10-08-v3
BU-0013,PT Makmur Multi Karya,PT,A,Pertanian / Perkebunan / Kehutanan,Kecil,Jawa Barat,KC Bandung,NORMAL,34,7272796,SYN-2026-10-08-v3
BU-0014,Koperasi Sentosa Plastindo,Koperasi,I,Penyediaan Akomodasi dan F&B,Mikro,Riau,KC Pekanbaru,NORMAL,6,4687789,SYN-2026-10-08-v3
BU-0015,PT Sejahtera Distribusindo,PT,Q,Pelayanan Kesehatan Swasta,Kecil,Jawa Timur,KC Surabaya,WORKER_REGISTRATION_GAP,42,5484686,SYN-2026-10-08-v3
BU-0016,PT Daya Pangan,PT,F,Konstruksi & Infrastruktur,Menengah,Kalimantan Timur,KC Balikpapan,NORMAL,84,8397709,SYN-2026-10-08-v3
BU-0017,PT Mitra Plastindo,PT,Q,Pelayanan Kesehatan Swasta,Menengah,Jawa Timur,KC Surabaya,CONTRIBUTION_PAYMENT_GAP,120,8189918,SYN-2026-10-08-v3
BU-0018,CV Inti Konstruksi,CV,Q,Pelayanan Kesehatan Swasta,Kecil,Banten,KC Tangerang,NORMAL,49,5740276,SYN-2026-10-08-v3
BU-0019,CV Sentosa Logistik,CV,Q,Pelayanan Kesehatan Swasta,Menengah,DKI Jakarta,KC Jakarta Pusat,NORMAL,188,4936925,SYN-2026-10-08-v3
BU-0020,PT Cipta Multi Karya,PT,K,Jasa Keuangan / Pembiayaan / Asuransi,Kecil,Jawa Barat,KC Bandung,NORMAL,20,4804591,SYN-2026-10-08-v3
BU-0021,CV Mitra Tekstil,CV,H,"Transportasi, Pergudangan & Logistik",Menengah,Sulawesi Selatan,KC Makassar,WORKER_REGISTRATION_GAP,159,7608573,SYN-2026-10-08-v3
BU-0022,PT Daya Tekstil,PT,A,Pertanian / Perkebunan / Kehutanan,Kecil,Jawa Timur,KC Surabaya,WORKER_REGISTRATION_GAP,15,4512320,SYN-2026-10-08-v3
BU-0023,PT Bina Pangan,PT,I,Penyediaan Akomodasi dan F&B,Mikro,Jawa Timur,KC Surabaya,NORMAL,6,3752632,SYN-2026-10-08-v3
BU-0024,PT Sentosa Distribusindo,PT,F,Konstruksi & Infrastruktur,Menengah,Jawa Barat,KC Bandung,NORMAL,152,8625069,SYN-2026-10-08-v3
BU-0025,PT Surya Multi Karya,PT,J,Informasi dan Komunikasi / Teknologi,Menengah,Jawa Tengah,KC Semarang,WAGE_REPORTING_GAP,195,9709554,SYN-2026-10-08-v3
BU-0026,Koperasi Makmur Solusindo,Koperasi,A,Pertanian / Perkebunan / Kehutanan,Menengah,Sulawesi Selatan,KC Makassar,NORMAL,176,8172187,SYN-2026-10-08-v3
BU-0027,CV Daya Sarana Jaya,CV,Q,Pelayanan Kesehatan Swasta,Mikro,Jawa Tengah,KC Semarang,NORMAL,5,5455050,SYN-2026-10-08-v3
BU-0028,PT Prima Solusindo,PT,H,"Transportasi, Pergudangan & Logistik",Kecil,Jawa Barat,KC Bandung,NORMAL,35,7127697,SYN-2026-10-08-v3
BU-0029,CV Bina Tekstil,CV,K,Jasa Keuangan / Pembiayaan / Asuransi,Menengah,Jawa Timur,KC Surabaya,NORMAL,90,7106761,SYN-2026-10-08-v3
BU-0030,CV Cipta Hospitality,CV,N,Jasa Penunjang Usaha / Outsourcing / Security,Mikro,Bali,KC Denpasar,NORMAL,8,3572557,SYN-2026-10-08-v3
BU-0031,PT Prima Plastindo,PT,A,Pertanian / Perkebunan / Kehutanan,Kecil,Riau,KC Pekanbaru,WORKER_REGISTRATION_GAP,39,7412665,SYN-2026-10-08-v3
BU-0032,CV Prima Sarana Jaya,CV,Q,Pelayanan Kesehatan Swasta,Menengah,Sulawesi Selatan,KC Makassar,WAGE_REPORTING_GAP,59,9679625,SYN-2026-10-08-v3
BU-0033,PT Mega Hospitality,PT,I,Penyediaan Akomodasi dan F&B,Mikro,Kalimantan Timur,KC Balikpapan,NORMAL,6,3835576,SYN-2026-10-08-v3
BU-0034,Koperasi Sejahtera Solusindo,Koperasi,N,Jasa Penunjang Usaha / Outsourcing / Security,Menengah,Bali,KC Denpasar,NORMAL,140,6337143,SYN-2026-10-08-v3
BU-0035,PT Sentosa Teknologi,PT,J,Informasi dan Komunikasi / Teknologi,Kecil,Banten,KC Tangerang,NORMAL,22,4054318,SYN-2026-10-08-v3
BU-0036,Koperasi Makmur Plastindo,Koperasi,H,"Transportasi, Pergudangan & Logistik",Kecil,Jawa Barat,KC Bandung,WAGE_REPORTING_GAP,35,3558379,SYN-2026-10-08-v3
BU-0037,Yayasan Sejahtera Multi Karya,Yayasan,J,Informasi dan Komunikasi / Teknologi,Kecil,Jawa Tengah,KC Semarang,NORMAL,12,6395246,SYN-2026-10-08-v3
BU-0038,CV Nusantara Tekstil,CV,H,"Transportasi, Pergudangan & Logistik",Kecil,Jawa Timur,KC Surabaya,WORKER_REGISTRATION_GAP,18,6800825,SYN-2026-10-08-v3
BU-0039,Yayasan Surya Sarana Jaya,Yayasan,A,Pertanian / Perkebunan / Kehutanan,Besar,Jawa Tengah,KC Semarang,WAGE_REPORTING_GAP,669,6022621,SYN-2026-10-08-v3
BU-0040,Yayasan Bina Logistik,Yayasan,J,Informasi dan Komunikasi / Teknologi,Kecil,Jawa Barat,KC Bandung,RECURRENCE,33,6904807,SYN-2026-10-08-v3
BU-0041,PT Nusantara Konstruksi,PT,G,Perdagangan Besar dan Eceran,Mikro,Bali,KC Denpasar,MULTI_SIGNAL,9,4681011,SYN-2026-10-08-v3
BU-0042,PT Bina Tekstil,PT,Q,Pelayanan Kesehatan Swasta,Kecil,Riau,KC Pekanbaru,WORKER_REGISTRATION_GAP,21,4041844,SYN-2026-10-08-v3
BU-0043,CV Mandiri Teknologi,CV,H,"Transportasi, Pergudangan & Logistik",Menengah,Banten,KC Tangerang,WAGE_REPORTING_GAP,110,5362386,SYN-2026-10-08-v3
BU-0044,PT Sejahtera Multi Karya,PT,N,Jasa Penunjang Usaha / Outsourcing / Security,Menengah,Sumatera Utara,KC Medan,WORKER_REGISTRATION_GAP,171,8705773,SYN-2026-10-08-v3
BU-0045,Koperasi Bina Solusindo,Koperasi,A,Pertanian / Perkebunan / Kehutanan,Kecil,Riau,KC Pekanbaru,NORMAL,31,6910744,SYN-2026-10-08-v3
BU-0046,PT Surya Logistik,PT,A,Pertanian / Perkebunan / Kehutanan,Mikro,Sulawesi Selatan,KC Makassar,WORKER_REGISTRATION_GAP,9,5208433,SYN-2026-10-08-v3
BU-0047,PT Inti Plastindo,PT,F,Konstruksi & Infrastruktur,Kecil,Jawa Tengah,KC Semarang,MULTI_SIGNAL,15,6700743,SYN-2026-10-08-v3
BU-0048,PT Nusantara Pangan,PT,J,Informasi dan Komunikasi / Teknologi,Menengah,Bali,KC Denpasar,NORMAL,167,5026864,SYN-2026-10-08-v3
BU-0049,PT Daya Plastindo,PT,A,Pertanian / Perkebunan / Kehutanan,Besar,Sulawesi Selatan,KC Makassar,NORMAL,767,5841153,SYN-2026-10-08-v3
BU-0050,PT Daya Teknologi,PT,G,Perdagangan Besar dan Eceran,Menengah,Kalimantan Timur,KC Balikpapan,NORMAL,172,9799384,SYN-2026-10-08-v3
BU-0051,PT Sentosa Teknologi,PT,C,Industri Pengolahan / Manufaktur,Kecil,Sumatera Utara,KC Medan,NORMAL,27,4022086,SYN-2026-10-08-v3
BU-0052,CV Sentosa Teknologi,CV,F,Konstruksi & Infrastruktur,Besar,Jawa Barat,KC Bandung,WORKER_REGISTRATION_GAP,535,10460015,SYN-2026-10-08-v3
BU-0053,CV Prima Sarana Jaya,CV,I,Penyediaan Akomodasi dan F&B,Kecil,Jawa Timur,KC Surabaya,WORKER_REGISTRATION_GAP,17,3608688,SYN-2026-10-08-v3
BU-0054,Yayasan Sejahtera Tekstil,Yayasan,H,"Transportasi, Pergudangan & Logistik",Kecil,Sulawesi Selatan,KC Makassar,NORMAL,46,5047325,SYN-2026-10-08-v3
BU-0055,CV Prima Konstruksi,CV,A,Pertanian / Perkebunan / Kehutanan,Menengah,Bali,KC Denpasar,CONTRIBUTION_PAYMENT_GAP,96,5582406,SYN-2026-10-08-v3
BU-0056,Koperasi Nusantara Distribusindo,Koperasi,A,Pertanian / Perkebunan / Kehutanan,Kecil,Jawa Tengah,KC Semarang,WORKER_REGISTRATION_GAP,29,5525617,SYN-2026-10-08-v3
BU-0057,PT Sejahtera Tekstil,PT,F,Konstruksi & Infrastruktur,Menengah,Riau,KC Pekanbaru,WAGE_REPORTING_GAP,179,8335528,SYN-2026-10-08-v3
BU-0058,PT Cipta Teknologi,PT,Q,Pelayanan Kesehatan Swasta,Menengah,Sulawesi Selatan,KC Makassar,NORMAL,166,5749404,SYN-2026-10-08-v3
BU-0059,PT Mega Logistik,PT,J,Informasi dan Komunikasi / Teknologi,Menengah,Bali,KC Denpasar,CONTRIBUTION_PAYMENT_GAP,128,9778619,SYN-2026-10-08-v3
BU-0060,PT Mega Sarana Jaya,PT,I,Penyediaan Akomodasi dan F&B,Kecil,Bali,KC Denpasar,MULTI_SIGNAL,40,4306414,SYN-2026-10-08-v3
BU-0061,PT Nusantara Logistik,PT,J,Informasi dan Komunikasi / Teknologi,Kecil,Sumatera Utara,KC Medan,NORMAL,40,3921715,SYN-2026-10-08-v3
BU-0062,Koperasi Surya Tekstil,Koperasi,G,Perdagangan Besar dan Eceran,Kecil,Riau,KC Pekanbaru,RECURRENCE,21,7417155,SYN-2026-10-08-v3
BU-0063,PT Nusantara Solusindo,PT,J,Informasi dan Komunikasi / Teknologi,Besar,Jawa Timur,KC Surabaya,WAGE_REPORTING_GAP,657,9979421,SYN-2026-10-08-v3
BU-0064,Yayasan Daya Plastindo,Yayasan,N,Jasa Penunjang Usaha / Outsourcing / Security,Besar,Bali,KC Denpasar,CONTRIBUTION_PAYMENT_GAP,749,8014105,SYN-2026-10-08-v3
BU-0065,CV Makmur Logistik,CV,A,Pertanian / Perkebunan / Kehutanan,Menengah,Banten,KC Tangerang,NORMAL,139,5495167,SYN-2026-10-08-v3
BU-0066,PT Inti Logistik,PT,C,Industri Pengolahan / Manufaktur,Besar,Riau,KC Pekanbaru,NORMAL,829,5762492,SYN-2026-10-08-v3
BU-0067,PT Mandiri Multi Karya,PT,H,"Transportasi, Pergudangan & Logistik",Mikro,Bali,KC Denpasar,CONTRIBUTION_PAYMENT_GAP,8,4344966,SYN-2026-10-08-v3
BU-0068,PT Daya Pangan,PT,C,Industri Pengolahan / Manufaktur,Kecil,Jawa Tengah,KC Semarang,NORMAL,34,6325584,SYN-2026-10-08-v3
BU-0069,PT Inti Multi Karya,PT,N,Jasa Penunjang Usaha / Outsourcing / Security,Menengah,Riau,KC Pekanbaru,CONTRIBUTION_PAYMENT_GAP,111,9131176,SYN-2026-10-08-v3
BU-0070,Koperasi Mitra Teknologi,Koperasi,G,Perdagangan Besar dan Eceran,Menengah,Banten,KC Tangerang,RECURRENCE,189,8596294,SYN-2026-10-08-v3
BU-0071,CV Sentosa Teknologi,CV,I,Penyediaan Akomodasi dan F&B,Menengah,Riau,KC Pekanbaru,WORKER_REGISTRATION_GAP,70,7629383,SYN-2026-10-08-v3
BU-0072,PT Karya Konstruksi,PT,J,Informasi dan Komunikasi / Teknologi,Menengah,Jawa Barat,KC Bandung,WAGE_REPORTING_GAP,126,5862731,SYN-2026-10-08-v3
BU-0073,PT Sentosa Konstruksi,PT,J,Informasi dan Komunikasi / Teknologi,Mikro,Banten,KC Tangerang,NORMAL,9,4634193,SYN-2026-10-08-v3
BU-0074,CV Karya Teknologi,CV,J,Informasi dan Komunikasi / Teknologi,Besar,DKI Jakarta,KC Jakarta Pusat,NORMAL,498,12442580,SYN-2026-10-08-v3
BU-0075,PT Prima Solusindo,PT,N,Jasa Penunjang Usaha / Outsourcing / Security,Kecil,Kalimantan Timur,KC Balikpapan,NORMAL,48,6086496,SYN-2026-10-08-v3
BU-0076,Koperasi Mandiri Distribusindo,Koperasi,H,"Transportasi, Pergudangan & Logistik",Menengah,Banten,KC Tangerang,MULTI_SIGNAL,151,7177120,SYN-2026-10-08-v3
BU-0077,CV Nusantara Teknologi,CV,A,Pertanian / Perkebunan / Kehutanan,Kecil,Bali,KC Denpasar,MULTI_SIGNAL,15,3958728,SYN-2026-10-08-v3
BU-0078,Yayasan Mandiri Plastindo,Yayasan,Q,Pelayanan Kesehatan Swasta,Mikro,Sumatera Utara,KC Medan,WORKER_REGISTRATION_GAP,7,3409460,SYN-2026-10-08-v3
BU-0079,CV Cipta Teknologi,CV,H,"Transportasi, Pergudangan & Logistik",Besar,Jawa Timur,KC Surabaya,CONTRIBUTION_PAYMENT_GAP,668,7411847,SYN-2026-10-08-v3
BU-0080,Yayasan Prima Tekstil,Yayasan,Q,Pelayanan Kesehatan Swasta,Kecil,Banten,KC Tangerang,WAGE_REPORTING_GAP,22,6919263,SYN-2026-10-08-v3
BU-0081,PT Sejahtera Solusindo,PT,H,"Transportasi, Pergudangan & Logistik",Kecil,Jawa Barat,KC Bandung,WORKER_REGISTRATION_GAP,38,7129291,SYN-2026-10-08-v3
BU-0082,CV Mega Solusindo,CV,J,Informasi dan Komunikasi / Teknologi,Menengah,Riau,KC Pekanbaru,CONTRIBUTION_PAYMENT_GAP,165,5133476,SYN-2026-10-08-v3
BU-0083,Yayasan Surya Distribusindo,Yayasan,C,Industri Pengolahan / Manufaktur,Menengah,Jawa Barat,KC Bandung,NORMAL,90,8201774,SYN-2026-10-08-v3
BU-0084,Yayasan Mandiri Hospitality,Yayasan,F,Konstruksi & Infrastruktur,Kecil,Jawa Barat,KC Bandung,NORMAL,10,4395153,SYN-2026-10-08-v3
BU-0085,PT Bina Teknologi,PT,H,"Transportasi, Pergudangan & Logistik",Menengah,Jawa Tengah,KC Semarang,CONTRIBUTION_PAYMENT_GAP,85,7710496,SYN-2026-10-08-v3
BU-0086,Yayasan Mega Solusindo,Yayasan,N,Jasa Penunjang Usaha / Outsourcing / Security,Kecil,Sulawesi Selatan,KC Makassar,WAGE_REPORTING_GAP,48,5637092,SYN-2026-10-08-v3
BU-0087,CV Mandiri Konstruksi,CV,A,Pertanian / Perkebunan / Kehutanan,Mikro,Sumatera Utara,KC Medan,WORKER_REGISTRATION_GAP,7,5459695,SYN-2026-10-08-v3
BU-0088,PT Sentosa Multi Karya,PT,F,Konstruksi & Infrastruktur,Mikro,Kalimantan Timur,KC Balikpapan,CONTRIBUTION_PAYMENT_GAP,7,5142374,SYN-2026-10-08-v3
BU-0089,CV Surya Solusindo,CV,I,Penyediaan Akomodasi dan F&B,Kecil,Sumatera Utara,KC Medan,NORMAL,15,5819833,SYN-2026-10-08-v3
BU-0090,CV Nusantara Pangan,CV,A,Pertanian / Perkebunan / Kehutanan,Mikro,Sumatera Utara,KC Medan,NORMAL,9,3040243,SYN-2026-10-08-v3
BU-0091,PT Sejahtera Logistik,PT,K,Jasa Keuangan / Pembiayaan / Asuransi,Mikro,Jawa Barat,KC Bandung,NORMAL,8,3559997,SYN-2026-10-08-v3
BU-0092,PT Cipta Multi Karya,PT,F,Konstruksi & Infrastruktur,Mikro,Banten,KC Tangerang,WORKER_REGISTRATION_GAP,4,3689438,SYN-2026-10-08-v3
BU-0093,PT Cipta Pangan,PT,J,Informasi dan Komunikasi / Teknologi,Besar,Sumatera Utara,KC Medan,CONTRIBUTION_PAYMENT_GAP,845,6909947,SYN-2026-10-08-v3
BU-0094,Koperasi Mitra Plastindo,Koperasi,N,Jasa Penunjang Usaha / Outsourcing / Security,Mikro,Sulawesi Selatan,KC Makassar,NORMAL,4,4604313,SYN-2026-10-08-v3
BU-0095,PT Mitra Multi Karya,PT,N,Jasa Penunjang Usaha / Outsourcing / Security,Kecil,Banten,KC Tangerang,NORMAL,16,4539587,SYN-2026-10-08-v3
BU-0096,CV Nusantara Teknologi,CV,K,Jasa Keuangan / Pembiayaan / Asuransi,Menengah,Bali,KC Denpasar,NORMAL,86,9223699,SYN-2026-10-08-v3
BU-0097,Yayasan Surya Teknologi,Yayasan,C,Industri Pengolahan / Manufaktur,Besar,DKI Jakarta,KC Jakarta Pusat,NORMAL,351,7876537,SYN-2026-10-08-v3
BU-0098,Koperasi Daya Multi Karya,Koperasi,H,"Transportasi, Pergudangan & Logistik",Menengah,Jawa Timur,KC Surabaya,MULTI_SIGNAL,94,7674115,SYN-2026-10-08-v3
BU-0099,CV Sejahtera Hospitality,CV,H,"Transportasi, Pergudangan & Logistik",Menengah,Sulawesi Selatan,KC Makassar,WORKER_REGISTRATION_GAP,146,5350844,SYN-2026-10-08-v3
BU-0100,Koperasi Sentosa Solusindo,Koperasi,N,Jasa Penunjang Usaha / Outsourcing / Security,Menengah,Jawa Barat,KC Bandung,NORMAL,62,7795902,SYN-2026-10-08-v3
BU-0101,PT Sentosa Hospitality,PT,Q,Pelayanan Kesehatan Swasta,Kecil,Kalimantan Timur,KC Balikpapan,WORKER_REGISTRATION_GAP,26,3882255,SYN-2026-10-08-v3
BU-0102,CV Mitra Multi Karya,CV,K,Jasa Keuangan / Pembiayaan / Asuransi,Kecil,Banten,KC Tangerang,NORMAL,17,7481463,SYN-2026-10-08-v3
BU-0103,CV Daya Hospitality,CV,A,Pertanian / Perkebunan / Kehutanan,Kecil,Sumatera Utara,KC Medan,NORMAL,27,5679730,SYN-2026-10-08-v3
BU-0104,CV Prima Hospitality,CV,I,Penyediaan Akomodasi dan F&B,Kecil,Riau,KC Pekanbaru,NORMAL,41,5899239,SYN-2026-10-08-v3
BU-0105,Yayasan Sentosa Solusindo,Yayasan,I,Penyediaan Akomodasi dan F&B,Kecil,Kalimantan Timur,KC Balikpapan,WAGE_REPORTING_GAP,16,7144430,SYN-2026-10-08-v3
BU-0106,PT Sejahtera Multi Karya,PT,Q,Pelayanan Kesehatan Swasta,Kecil,Banten,KC Tangerang,WORKER_REGISTRATION_GAP,40,5961554,SYN-2026-10-08-v3
BU-0107,PT Mega Plastindo,PT,K,Jasa Keuangan / Pembiayaan / Asuransi,Menengah,Riau,KC Pekanbaru,NORMAL,199,5358256,SYN-2026-10-08-v3
BU-0108,PT Mandiri Konstruksi,PT,A,Pertanian / Perkebunan / Kehutanan,Menengah,Jawa Timur,KC Surabaya,NORMAL,64,9533444,SYN-2026-10-08-v3
BU-0109,CV Mega Distribusindo,CV,H,"Transportasi, Pergudangan & Logistik",Menengah,Sulawesi Selatan,KC Makassar,CONTRIBUTION_PAYMENT_GAP,126,5925951,SYN-2026-10-08-v3
BU-0110,PT Cipta Pangan,PT,H,"Transportasi, Pergudangan & Logistik",Mikro,Riau,KC Pekanbaru,WORKER_REGISTRATION_GAP,8,4919193,SYN-2026-10-08-v3
BU-0111,PT Surya Tekstil,PT,I,Penyediaan Akomodasi dan F&B,Mikro,Jawa Tengah,KC Semarang,MULTI_SIGNAL,7,5182247,SYN-2026-10-08-v3
BU-0112,PT Sentosa Hospitality,PT,F,Konstruksi & Infrastruktur,Besar,Sulawesi Selatan,KC Makassar,NORMAL,476,7801222,SYN-2026-10-08-v3
BU-0113,CV Sejahtera Pangan,CV,Q,Pelayanan Kesehatan Swasta,Menengah,Sumatera Utara,KC Medan,NORMAL,110,4522968,SYN-2026-10-08-v3
BU-0114,PT Surya Tekstil,PT,I,Penyediaan Akomodasi dan F&B,Menengah,Sumatera Utara,KC Medan,NORMAL,130,8073506,SYN-2026-10-08-v3
BU-0115,CV Sejahtera Solusindo,CV,J,Informasi dan Komunikasi / Teknologi,Menengah,Kalimantan Timur,KC Balikpapan,WORKER_REGISTRATION_GAP,157,9942918,SYN-2026-10-08-v3
BU-0116,CV Daya Multi Karya,CV,F,Konstruksi & Infrastruktur,Kecil,Riau,KC Pekanbaru,WORKER_REGISTRATION_GAP,25,5521359,SYN-2026-10-08-v3
BU-0117,Yayasan Karya Multi Karya,Yayasan,I,Penyediaan Akomodasi dan F&B,Menengah,Sulawesi Selatan,KC Makassar,NORMAL,193,6235194,SYN-2026-10-08-v3
BU-0118,PT Nusantara Teknologi,PT,H,"Transportasi, Pergudangan & Logistik",Menengah,Jawa Tengah,KC Semarang,WORKER_REGISTRATION_GAP,190,8878728,SYN-2026-10-08-v3
BU-0119,PT Inti Konstruksi,PT,F,Konstruksi & Infrastruktur,Kecil,Riau,KC Pekanbaru,CONTRIBUTION_PAYMENT_GAP,48,6042422,SYN-2026-10-08-v3
BU-0120,Koperasi Inti Plastindo,Koperasi,I,Penyediaan Akomodasi dan F&B,Menengah,Riau,KC Pekanbaru,NORMAL,53,8884976,SYN-2026-10-08-v3
BU-0121,Yayasan Sejahtera Logistik,Yayasan,K,Jasa Keuangan / Pembiayaan / Asuransi,Kecil,Sulawesi Selatan,KC Makassar,NORMAL,24,6613904,SYN-2026-10-08-v3
BU-0122,CV Surya Distribusindo,CV,N,Jasa Penunjang Usaha / Outsourcing / Security,Kecil,Sumatera Utara,KC Medan,NORMAL,47,5792670,SYN-2026-10-08-v3
BU-0123,PT Nusantara Teknologi,PT,Q,Pelayanan Kesehatan Swasta,Besar,Banten,KC Tangerang,NORMAL,240,8078714,SYN-2026-10-08-v3
BU-0124,CV Daya Plastindo,CV,J,Informasi dan Komunikasi / Teknologi,Kecil,Jawa Barat,KC Bandung,WAGE_REPORTING_GAP,32,4427771,SYN-2026-10-08-v3
BU-0125,PT Mega Logistik,PT,N,Jasa Penunjang Usaha / Outsourcing / Security,Menengah,Jawa Timur,KC Surabaya,NORMAL,158,5371801,SYN-2026-10-08-v3
BU-0126,CV Surya Pangan,CV,I,Penyediaan Akomodasi dan F&B,Kecil,Riau,KC Pekanbaru,RECURRENCE,34,5392158,SYN-2026-10-08-v3
BU-0127,Koperasi Prima Tekstil,Koperasi,A,Pertanian / Perkebunan / Kehutanan,Mikro,Sulawesi Selatan,KC Makassar,CONTRIBUTION_PAYMENT_GAP,5,3516885,SYN-2026-10-08-v3
BU-0128,PT Inti Multi Karya,PT,G,Perdagangan Besar dan Eceran,Menengah,Bali,KC Denpasar,NORMAL,195,7557592,SYN-2026-10-08-v3
BU-0129,CV Daya Logistik,CV,G,Perdagangan Besar dan Eceran,Menengah,Bali,KC Denpasar,WAGE_REPORTING_GAP,70,6853977,SYN-2026-10-08-v3
BU-0130,Koperasi Cipta Plastindo,Koperasi,G,Perdagangan Besar dan Eceran,Kecil,Kalimantan Timur,KC Balikpapan,NORMAL,20,4251389,SYN-2026-10-08-v3
BU-0131,CV Nusantara Tekstil,CV,H,"Transportasi, Pergudangan & Logistik",Kecil,Jawa Barat,KC Bandung,MULTI_SIGNAL,43,6157372,SYN-2026-10-08-v3
BU-0132,CV Mega Distribusindo,CV,Q,Pelayanan Kesehatan Swasta,Besar,Jawa Timur,KC Surabaya,CONTRIBUTION_PAYMENT_GAP,804,8205263,SYN-2026-10-08-v3
BU-0133,PT Sejahtera Multi Karya,PT,K,Jasa Keuangan / Pembiayaan / Asuransi,Kecil,Jawa Barat,KC Bandung,CONTRIBUTION_PAYMENT_GAP,24,5086333,SYN-2026-10-08-v3
BU-0134,PT Sentosa Distribusindo,PT,N,Jasa Penunjang Usaha / Outsourcing / Security,Mikro,Jawa Barat,KC Bandung,RECURRENCE,6,5280573,SYN-2026-10-08-v3
BU-0135,Yayasan Inti Konstruksi,Yayasan,F,Konstruksi & Infrastruktur,Mikro,Jawa Timur,KC Surabaya,CONTRIBUTION_PAYMENT_GAP,8,4680074,SYN-2026-10-08-v3
BU-0136,CV Daya Pangan,CV,K,Jasa Keuangan / Pembiayaan / Asuransi,Kecil,Banten,KC Tangerang,MULTI_SIGNAL,12,5008858,SYN-2026-10-08-v3
BU-0137,Yayasan Mandiri Teknologi,Yayasan,Q,Pelayanan Kesehatan Swasta,Menengah,Kalimantan Timur,KC Balikpapan,NORMAL,57,8543058,SYN-2026-10-08-v3
BU-0138,Koperasi Surya Teknologi,Koperasi,F,Konstruksi & Infrastruktur,Mikro,Sulawesi Selatan,KC Makassar,NORMAL,5,4998818,SYN-2026-10-08-v3
BU-0139,Yayasan Bina Logistik,Yayasan,F,Konstruksi & Infrastruktur,Menengah,Kalimantan Timur,KC Balikpapan,CONTRIBUTION_PAYMENT_GAP,51,9042212,SYN-2026-10-08-v3
BU-0140,PT Makmur Teknologi,PT,H,"Transportasi, Pergudangan & Logistik",Besar,Riau,KC Pekanbaru,WAGE_REPORTING_GAP,486,13061977,SYN-2026-10-08-v3
BU-0141,PT Surya Sarana Jaya,PT,K,Jasa Keuangan / Pembiayaan / Asuransi,Mikro,Jawa Timur,KC Surabaya,NORMAL,8,5415476,SYN-2026-10-08-v3
BU-0142,PT Makmur Sarana Jaya,PT,K,Jasa Keuangan / Pembiayaan / Asuransi,Mikro,Bali,KC Denpasar,NORMAL,7,3299238,SYN-2026-10-08-v3
BU-0143,Yayasan Nusantara Konstruksi,Yayasan,N,Jasa Penunjang Usaha / Outsourcing / Security,Menengah,Jawa Tengah,KC Semarang,WORKER_REGISTRATION_GAP,70,6266401,SYN-2026-10-08-v3
BU-0144,Koperasi Mega Plastindo,Koperasi,I,Penyediaan Akomodasi dan F&B,Menengah,Sumatera Utara,KC Medan,NORMAL,173,9027064,SYN-2026-10-08-v3
BU-0145,PT Nusantara Hospitality,PT,I,Penyediaan Akomodasi dan F&B,Menengah,Bali,KC Denpasar,NORMAL,109,4560548,SYN-2026-10-08-v3
BU-0146,Koperasi Mega Solusindo,Koperasi,I,Penyediaan Akomodasi dan F&B,Kecil,Sulawesi Selatan,KC Makassar,WAGE_REPORTING_GAP,27,5231844,SYN-2026-10-08-v3
BU-0147,Yayasan Nusantara Logistik,Yayasan,N,Jasa Penunjang Usaha / Outsourcing / Security,Menengah,Riau,KC Pekanbaru,NORMAL,163,6573346,SYN-2026-10-08-v3
BU-0148,Koperasi Sentosa Pangan,Koperasi,H,"Transportasi, Pergudangan & Logistik",Mikro,DKI Jakarta,KC Jakarta Pusat,NORMAL,9,3913470,SYN-2026-10-08-v3
BU-0149,PT Cipta Distribusindo,PT,F,Konstruksi & Infrastruktur,Besar,Bali,KC Denpasar,NORMAL,546,6507511,SYN-2026-10-08-v3
BU-0150,PT Sentosa Tekstil,PT,Q,Pelayanan Kesehatan Swasta,Menengah,Kalimantan Timur,KC Balikpapan,WORKER_REGISTRATION_GAP,193,6972245,SYN-2026-10-08-v3
BU-0151,PT Bina Logistik,PT,A,Pertanian / Perkebunan / Kehutanan,Menengah,Jawa Barat,KC Bandung,NORMAL,61,5588625,SYN-2026-10-08-v3
BU-0152,PT Mandiri Sarana Jaya,PT,Q,Pelayanan Kesehatan Swasta,Besar,Jawa Barat,KC Bandung,NORMAL,679,6518380,SYN-2026-10-08-v3
BU-0153,CV Mandiri Pangan,CV,A,Pertanian / Perkebunan / Kehutanan,Menengah,Jawa Timur,KC Surabaya,WAGE_REPORTING_GAP,195,9745606,SYN-2026-10-08-v3
BU-0154,PT Sentosa Tekstil,PT,I,Penyediaan Akomodasi dan F&B,Kecil,Jawa Timur,KC Surabaya,NORMAL,23,7089151,SYN-2026-10-08-v3
BU-0155,PT Bina Multi Karya,PT,J,Informasi dan Komunikasi / Teknologi,Mikro,Bali,KC Denpasar,NORMAL,5,3323806,SYN-2026-10-08-v3
BU-0156,Yayasan Makmur Hospitality,Yayasan,F,Konstruksi & Infrastruktur,Kecil,Jawa Timur,KC Surabaya,NORMAL,48,7395053,SYN-2026-10-08-v3
BU-0157,CV Bina Pangan,CV,J,Informasi dan Komunikasi / Teknologi,Kecil,Jawa Tengah,KC Semarang,WORKER_REGISTRATION_GAP,35,4120809,SYN-2026-10-08-v3
BU-0158,Yayasan Mandiri Pangan,Yayasan,H,"Transportasi, Pergudangan & Logistik",Menengah,Banten,KC Tangerang,NORMAL,71,5442642,SYN-2026-10-08-v3
BU-0159,Yayasan Sentosa Plastindo,Yayasan,Q,Pelayanan Kesehatan Swasta,Kecil,Bali,KC Denpasar,NORMAL,19,6415339,SYN-2026-10-08-v3
BU-0160,Yayasan Mega Teknologi,Yayasan,F,Konstruksi & Infrastruktur,Menengah,DKI Jakarta,KC Jakarta Pusat,NORMAL,124,9947655,SYN-2026-10-08-v3
BU-0161,Koperasi Cipta Tekstil,Koperasi,H,"Transportasi, Pergudangan & Logistik",Mikro,Sumatera Utara,KC Medan,NORMAL,6,4268048,SYN-2026-10-08-v3
BU-0162,Koperasi Mandiri Hospitality,Koperasi,N,Jasa Penunjang Usaha / Outsourcing / Security,Kecil,Bali,KC Denpasar,NORMAL,19,5288723,SYN-2026-10-08-v3
BU-0163,PT Prima Logistik,PT,A,Pertanian / Perkebunan / Kehutanan,Menengah,Sulawesi Selatan,KC Makassar,WORKER_REGISTRATION_GAP,80,6044638,SYN-2026-10-08-v3
BU-0164,PT Makmur Pangan,PT,N,Jasa Penunjang Usaha / Outsourcing / Security,Menengah,Jawa Timur,KC Surabaya,NORMAL,66,5985439,SYN-2026-10-08-v3
BU-0165,Koperasi Inti Tekstil,Koperasi,A,Pertanian / Perkebunan / Kehutanan,Menengah,Jawa Barat,KC Bandung,WORKER_REGISTRATION_GAP,165,8332758,SYN-2026-10-08-v3
BU-0166,CV Bina Solusindo,CV,H,"Transportasi, Pergudangan & Logistik",Kecil,Banten,KC Tangerang,NORMAL,17,3882483,SYN-2026-10-08-v3
BU-0167,PT Cipta Konstruksi,PT,G,Perdagangan Besar dan Eceran,Menengah,DKI Jakarta,KC Jakarta Pusat,CONTRIBUTION_PAYMENT_GAP,157,7084213,SYN-2026-10-08-v3
BU-0168,CV Cipta Konstruksi,CV,I,Penyediaan Akomodasi dan F&B,Kecil,Bali,KC Denpasar,CONTRIBUTION_PAYMENT_GAP,48,5900327,SYN-2026-10-08-v3
BU-0169,CV Karya Multi Karya,CV,H,"Transportasi, Pergudangan & Logistik",Kecil,Banten,KC Tangerang,NORMAL,49,5859859,SYN-2026-10-08-v3
BU-0170,CV Nusantara Teknologi,CV,H,"Transportasi, Pergudangan & Logistik",Mikro,Sulawesi Selatan,KC Makassar,CONTRIBUTION_PAYMENT_GAP,9,3890609,SYN-2026-10-08-v3
BU-0171,Yayasan Prima Logistik,Yayasan,G,Perdagangan Besar dan Eceran,Kecil,Jawa Tengah,KC Semarang,NORMAL,11,4922508,SYN-2026-10-08-v3
BU-0172,CV Surya Solusindo,CV,N,Jasa Penunjang Usaha / Outsourcing / Security,Kecil,Sulawesi Selatan,KC Makassar,WAGE_REPORTING_GAP,29,4234056,SYN-2026-10-08-v3
BU-0173,PT Sentosa Solusindo,PT,A,Pertanian / Perkebunan / Kehutanan,Menengah,Sumatera Utara,KC Medan,NORMAL,162,5486926,SYN-2026-10-08-v3
BU-0174,PT Daya Distribusindo,PT,C,Industri Pengolahan / Manufaktur,Kecil,Banten,KC Tangerang,WORKER_REGISTRATION_GAP,11,5474408,SYN-2026-10-08-v3
BU-0175,Koperasi Mega Teknologi,Koperasi,H,"Transportasi, Pergudangan & Logistik",Mikro,Kalimantan Timur,KC Balikpapan,NORMAL,7,3126936,SYN-2026-10-08-v3
BU-0176,PT Daya Distribusindo,PT,J,Informasi dan Komunikasi / Teknologi,Besar,Bali,KC Denpasar,RECURRENCE,623,9502629,SYN-2026-10-08-v3
BU-0177,CV Mitra Sarana Jaya,CV,C,Industri Pengolahan / Manufaktur,Menengah,Banten,KC Tangerang,NORMAL,88,8299824,SYN-2026-10-08-v3
BU-0178,PT Surya Solusindo,PT,C,Industri Pengolahan / Manufaktur,Menengah,Sumatera Utara,KC Medan,WAGE_REPORTING_GAP,190,4945664,SYN-2026-10-08-v3
BU-0179,CV Surya Distribusindo,CV,J,Informasi dan Komunikasi / Teknologi,Kecil,Sumatera Utara,KC Medan,CONTRIBUTION_PAYMENT_GAP,24,4279264,SYN-2026-10-08-v3
BU-0180,CV Sejahtera Multi Karya,CV,H,"Transportasi, Pergudangan & Logistik",Besar,Riau,KC Pekanbaru,WORKER_REGISTRATION_GAP,561,10442868,SYN-2026-10-08-v3
BU-0181,PT Karya Konstruksi,PT,Q,Pelayanan Kesehatan Swasta,Kecil,Riau,KC Pekanbaru,NORMAL,34,4498023,SYN-2026-10-08-v3
BU-0182,PT Makmur Sarana Jaya,PT,J,Informasi dan Komunikasi / Teknologi,Menengah,Kalimantan Timur,KC Balikpapan,NORMAL,117,5717605,SYN-2026-10-08-v3
BU-0183,PT Mitra Logistik,PT,I,Penyediaan Akomodasi dan F&B,Kecil,Bali,KC Denpasar,NORMAL,35,5434029,SYN-2026-10-08-v3
BU-0184,PT Mega Distribusindo,PT,H,"Transportasi, Pergudangan & Logistik",Kecil,Jawa Timur,KC Surabaya,MULTI_SIGNAL,28,4556528,SYN-2026-10-08-v3
BU-0185,PT Cipta Distribusindo,PT,F,Konstruksi & Infrastruktur,Kecil,Kalimantan Timur,KC Balikpapan,NORMAL,22,6059791,SYN-2026-10-08-v3
BU-0186,PT Sejahtera Konstruksi,PT,C,Industri Pengolahan / Manufaktur,Menengah,DKI Jakarta,KC Jakarta Pusat,NORMAL,149,6735031,SYN-2026-10-08-v3
BU-0187,CV Bina Multi Karya,CV,A,Pertanian / Perkebunan / Kehutanan,Mikro,Sumatera Utara,KC Medan,NORMAL,6,4270153,SYN-2026-10-08-v3
BU-0188,PT Mega Teknologi,PT,Q,Pelayanan Kesehatan Swasta,Menengah,Jawa Barat,KC Bandung,WORKER_REGISTRATION_GAP,162,6089343,SYN-2026-10-08-v3
BU-0189,Yayasan Mitra Logistik,Yayasan,Q,Pelayanan Kesehatan Swasta,Kecil,Bali,KC Denpasar,WAGE_REPORTING_GAP,20,7003720,SYN-2026-10-08-v3
BU-0190,PT Nusantara Distribusindo,PT,F,Konstruksi & Infrastruktur,Menengah,DKI Jakarta,KC Jakarta Pusat,NORMAL,51,6005024,SYN-2026-10-08-v3
BU-0191,PT Inti Distribusindo,PT,K,Jasa Keuangan / Pembiayaan / Asuransi,Besar,Jawa Barat,KC Bandung,WORKER_REGISTRATION_GAP,842,10553293,SYN-2026-10-08-v3
BU-0192,PT Inti Distribusindo,PT,K,Jasa Keuangan / Pembiayaan / Asuransi,Mikro,Bali,KC Denpasar,NORMAL,6,4757691,SYN-2026-10-08-v3
BU-0193,CV Cipta Hospitality,CV,H,"Transportasi, Pergudangan & Logistik",Besar,Banten,KC Tangerang,WORKER_REGISTRATION_GAP,668,8757379,SYN-2026-10-08-v3
BU-0194,CV Cipta Multi Karya,CV,C,Industri Pengolahan / Manufaktur,Kecil,Riau,KC Pekanbaru,NORMAL,12,3668018,SYN-2026-10-08-v3
BU-0195,PT Sentosa Pangan,PT,F,Konstruksi & Infrastruktur,Besar,DKI Jakarta,KC Jakarta Pusat,NORMAL,691,10614309,SYN-2026-10-08-v3
BU-0196,PT Makmur Teknologi,PT,A,Pertanian / Perkebunan / Kehutanan,Kecil,DKI Jakarta,KC Jakarta Pusat,WORKER_REGISTRATION_GAP,28,5286363,SYN-2026-10-08-v3
BU-0197,PT Prima Solusindo,PT,A,Pertanian / Perkebunan / Kehutanan,Menengah,Riau,KC Pekanbaru,WORKER_REGISTRATION_GAP,120,4956843,SYN-2026-10-08-v3
BU-0198,Yayasan Daya Sarana Jaya,Yayasan,H,"Transportasi, Pergudangan & Logistik",Kecil,Riau,KC Pekanbaru,WAGE_REPORTING_GAP,47,4937775,SYN-2026-10-08-v3
BU-0199,PT Mandiri Plastindo,PT,C,Industri Pengolahan / Manufaktur,Besar,Sumatera Utara,KC Medan,WAGE_REPORTING_GAP,552,7982092,SYN-2026-10-08-v3
BU-0200,PT Mitra Solusindo,PT,N,Jasa Penunjang Usaha / Outsourcing / Security,Menengah,DKI Jakarta,KC Jakarta Pusat,NORMAL,71,9016529,SYN-2026-10-08-v3
BU-0201,PT Prima Teknologi,PT,I,Penyediaan Akomodasi dan F&B,Menengah,Kalimantan Timur,KC Balikpapan,WORKER_REGISTRATION_GAP,193,5234830,SYN-2026-10-08-v3
BU-0202,CV Mandiri Tekstil,CV,C,Industri Pengolahan / Manufaktur,Besar,Banten,KC Tangerang,RECURRENCE,468,10536006,SYN-2026-10-08-v3
BU-0203,PT Nusantara Solusindo,PT,I,Penyediaan Akomodasi dan F&B,Menengah,Sulawesi Selatan,KC Makassar,NORMAL,69,8810624,SYN-2026-10-08-v3
BU-0204,PT Surya Konstruksi,PT,C,Industri Pengolahan / Manufaktur,Mikro,Banten,KC Tangerang,NORMAL,8,4180351,SYN-2026-10-08-v3
BU-0205,Yayasan Bina Hospitality,Yayasan,Q,Pelayanan Kesehatan Swasta,Menengah,Jawa Barat,KC Bandung,NORMAL,79,5600855,SYN-2026-10-08-v3
BU-0206,PT Sentosa Konstruksi,PT,N,Jasa Penunjang Usaha / Outsourcing / Security,Besar,Banten,KC Tangerang,NORMAL,280,12627046,SYN-2026-10-08-v3
BU-0207,PT Mitra Logistik,PT,F,Konstruksi & Infrastruktur,Besar,Bali,KC Denpasar,NORMAL,410,8855853,SYN-2026-10-08-v3
BU-0208,PT Daya Pangan,PT,N,Jasa Penunjang Usaha / Outsourcing / Security,Menengah,Jawa Tengah,KC Semarang,NORMAL,93,9005743,SYN-2026-10-08-v3
BU-0209,Yayasan Prima Logistik,Yayasan,Q,Pelayanan Kesehatan Swasta,Menengah,Jawa Barat,KC Bandung,CONTRIBUTION_PAYMENT_GAP,183,5640115,SYN-2026-10-08-v3
BU-0210,CV Surya Hospitality,CV,F,Konstruksi & Infrastruktur,Mikro,Jawa Timur,KC Surabaya,NORMAL,7,5093419,SYN-2026-10-08-v3
BU-0211,CV Sejahtera Pangan,CV,G,Perdagangan Besar dan Eceran,Mikro,DKI Jakarta,KC Jakarta Pusat,NORMAL,4,3221679,SYN-2026-10-08-v3
BU-0212,Koperasi Sejahtera Distribusindo,Koperasi,A,Pertanian / Perkebunan / Kehutanan,Menengah,Jawa Tengah,KC Semarang,WAGE_REPORTING_GAP,188,7382456,SYN-2026-10-08-v3
BU-0213,PT Mitra Solusindo,PT,H,"Transportasi, Pergudangan & Logistik",Menengah,DKI Jakarta,KC Jakarta Pusat,CONTRIBUTION_PAYMENT_GAP,57,9453166,SYN-2026-10-08-v3
BU-0214,Yayasan Mitra Sarana Jaya,Yayasan,H,"Transportasi, Pergudangan & Logistik",Mikro,Banten,KC Tangerang,NORMAL,8,4256281,SYN-2026-10-08-v3
BU-0215,PT Karya Teknologi,PT,I,Penyediaan Akomodasi dan F&B,Menengah,Jawa Barat,KC Bandung,CONTRIBUTION_PAYMENT_GAP,195,8954884,SYN-2026-10-08-v3
BU-0216,Yayasan Sentosa Hospitality,Yayasan,J,Informasi dan Komunikasi / Teknologi,Mikro,Sumatera Utara,KC Medan,NORMAL,4,3853784,SYN-2026-10-08-v3
BU-0217,Koperasi Nusantara Pangan,Koperasi,G,Perdagangan Besar dan Eceran,Menengah,Jawa Tengah,KC Semarang,NORMAL,84,4744459,SYN-2026-10-08-v3
BU-0218,PT Makmur Konstruksi,PT,N,Jasa Penunjang Usaha / Outsourcing / Security,Kecil,Jawa Barat,KC Bandung,CONTRIBUTION_PAYMENT_GAP,46,6580634,SYN-2026-10-08-v3
BU-0219,PT Mega Multi Karya,PT,C,Industri Pengolahan / Manufaktur,Menengah,DKI Jakarta,KC Jakarta Pusat,NORMAL,111,6622174,SYN-2026-10-08-v3
BU-0220,PT Sejahtera Sarana Jaya,PT,H,"Transportasi, Pergudangan & Logistik",Menengah,Riau,KC Pekanbaru,NORMAL,58,6798784,SYN-2026-10-08-v3
BU-0221,Koperasi Prima Distribusindo,Koperasi,C,Industri Pengolahan / Manufaktur,Menengah,DKI Jakarta,KC Jakarta Pusat,NORMAL,97,9786134,SYN-2026-10-08-v3
BU-0222,Yayasan Prima Distribusindo,Yayasan,Q,Pelayanan Kesehatan Swasta,Menengah,Banten,KC Tangerang,NORMAL,116,5955247,SYN-2026-10-08-v3
BU-0223,PT Sentosa Konstruksi,PT,C,Industri Pengolahan / Manufaktur,Kecil,Riau,KC Pekanbaru,CONTRIBUTION_PAYMENT_GAP,49,5298951,SYN-2026-10-08-v3
BU-0224,Yayasan Prima Hospitality,Yayasan,N,Jasa Penunjang Usaha / Outsourcing / Security,Menengah,Riau,KC Pekanbaru,RECURRENCE,158,9509642,SYN-2026-10-08-v3
BU-0225,PT Sentosa Multi Karya,PT,I,Penyediaan Akomodasi dan F&B,Menengah,Sulawesi Selatan,KC Makassar,NORMAL,130,8155548,SYN-2026-10-08-v3
BU-0226,CV Nusantara Distribusindo,CV,H,"Transportasi, Pergudangan & Logistik",Besar,Sulawesi Selatan,KC Makassar,NORMAL,696,13179933,SYN-2026-10-08-v3
BU-0227,Yayasan Karya Konstruksi,Yayasan,J,Informasi dan Komunikasi / Teknologi,Mikro,Jawa Barat,KC Bandung,NORMAL,5,5089228,SYN-2026-10-08-v3
BU-0228,Koperasi Nusantara Teknologi,Koperasi,C,Industri Pengolahan / Manufaktur,Mikro,Bali,KC Denpasar,NORMAL,7,4362794,SYN-2026-10-08-v3
BU-0229,CV Bina Tekstil,CV,N,Jasa Penunjang Usaha / Outsourcing / Security,Mikro,Banten,KC Tangerang,NORMAL,7,4687772,SYN-2026-10-08-v3
BU-0230,CV Sejahtera Solusindo,CV,K,Jasa Keuangan / Pembiayaan / Asuransi,Menengah,Bali,KC Denpasar,NORMAL,158,5256839,SYN-2026-10-08-v3
BU-0231,PT Sentosa Distribusindo,PT,J,Informasi dan Komunikasi / Teknologi,Kecil,Jawa Barat,KC Bandung,MULTI_SIGNAL,40,4759940,SYN-2026-10-08-v3
BU-0232,PT Surya Sarana Jaya,PT,F,Konstruksi & Infrastruktur,Menengah,Riau,KC Pekanbaru,WORKER_REGISTRATION_GAP,186,4650283,SYN-2026-10-08-v3
BU-0233,CV Nusantara Distribusindo,CV,K,Jasa Keuangan / Pembiayaan / Asuransi,Kecil,Jawa Timur,KC Surabaya,NORMAL,22,4736612,SYN-2026-10-08-v3
BU-0234,CV Inti Multi Karya,CV,Q,Pelayanan Kesehatan Swasta,Besar,Jawa Timur,KC Surabaya,WORKER_REGISTRATION_GAP,262,14363551,SYN-2026-10-08-v3
BU-0235,PT Cipta Multi Karya,PT,Q,Pelayanan Kesehatan Swasta,Menengah,Jawa Barat,KC Bandung,WORKER_REGISTRATION_GAP,156,8641666,SYN-2026-10-08-v3
BU-0236,PT Daya Logistik,PT,G,Perdagangan Besar dan Eceran,Kecil,Jawa Barat,KC Bandung,NORMAL,23,7320951,SYN-2026-10-08-v3
BU-0237,PT Surya Distribusindo,PT,H,"Transportasi, Pergudangan & Logistik",Kecil,Jawa Tengah,KC Semarang,CONTRIBUTION_PAYMENT_GAP,42,4218324,SYN-2026-10-08-v3
BU-0238,Koperasi Inti Plastindo,Koperasi,I,Penyediaan Akomodasi dan F&B,Menengah,Sumatera Utara,KC Medan,WAGE_REPORTING_GAP,138,4566288,SYN-2026-10-08-v3
BU-0239,Yayasan Sentosa Hospitality,Yayasan,A,Pertanian / Perkebunan / Kehutanan,Besar,Jawa Barat,KC Bandung,WORKER_REGISTRATION_GAP,261,11757547,SYN-2026-10-08-v3
BU-0240,CV Bina Teknologi,CV,A,Pertanian / Perkebunan / Kehutanan,Menengah,Riau,KC Pekanbaru,MULTI_SIGNAL,193,8853226,SYN-2026-10-08-v3
BU-0241,CV Nusantara Konstruksi,CV,G,Perdagangan Besar dan Eceran,Menengah,Bali,KC Denpasar,NORMAL,157,4908114,SYN-2026-10-08-v3
BU-0242,Yayasan Karya Konstruksi,Yayasan,G,Perdagangan Besar dan Eceran,Menengah,Sulawesi Selatan,KC Makassar,NORMAL,167,8274281,SYN-2026-10-08-v3
BU-0243,PT Inti Tekstil,PT,K,Jasa Keuangan / Pembiayaan / Asuransi,Menengah,Jawa Tengah,KC Semarang,MULTI_SIGNAL,193,9911991,SYN-2026-10-08-v3
BU-0244,CV Mega Konstruksi,CV,C,Industri Pengolahan / Manufaktur,Kecil,Bali,KC Denpasar,NORMAL,30,4261089,SYN-2026-10-08-v3
BU-0245,CV Bina Solusindo,CV,C,Industri Pengolahan / Manufaktur,Kecil,Sumatera Utara,KC Medan,NORMAL,39,5819957,SYN-2026-10-08-v3
BU-0246,CV Mandiri Konstruksi,CV,H,"Transportasi, Pergudangan & Logistik",Kecil,Sulawesi Selatan,KC Makassar,NORMAL,20,6780044,SYN-2026-10-08-v3
BU-0247,Koperasi Mandiri Multi Karya,Koperasi,A,Pertanian / Perkebunan / Kehutanan,Mikro,Jawa Tengah,KC Semarang,NORMAL,4,3677029,SYN-2026-10-08-v3
BU-0248,Koperasi Sejahtera Solusindo,Koperasi,N,Jasa Penunjang Usaha / Outsourcing / Security,Mikro,Sumatera Utara,KC Medan,WAGE_REPORTING_GAP,6,3883420,SYN-2026-10-08-v3
BU-0249,Koperasi Prima Pangan,Koperasi,F,Konstruksi & Infrastruktur,Kecil,Bali,KC Denpasar,NORMAL,29,6890736,SYN-2026-10-08-v3
BU-0250,PT Mega Multi Karya,PT,K,Jasa Keuangan / Pembiayaan / Asuransi,Kecil,Bali,KC Denpasar,NORMAL,21,3774142,SYN-2026-10-08-v3
BU-0251,CV Mega Sarana Jaya,CV,C,Industri Pengolahan / Manufaktur,Mikro,Sumatera Utara,KC Medan,NORMAL,7,4706561,SYN-2026-10-08-v3
BU-0252,PT Inti Pangan,PT,J,Informasi dan Komunikasi / Teknologi,Menengah,Jawa Barat,KC Bandung,NORMAL,113,6151522,SYN-2026-10-08-v3
BU-0253,PT Daya Pangan,PT,F,Konstruksi & Infrastruktur,Kecil,Bali,KC Denpasar,NORMAL,49,5339325,SYN-2026-10-08-v3
BU-0254,Koperasi Nusantara Plastindo,Koperasi,C,Industri Pengolahan / Manufaktur,Kecil,Jawa Tengah,KC Semarang,NORMAL,34,5184780,SYN-2026-10-08-v3
BU-0255,PT Karya Pangan,PT,F,Konstruksi & Infrastruktur,Menengah,Jawa Barat,KC Bandung,CONTRIBUTION_PAYMENT_GAP,53,9492690,SYN-2026-10-08-v3
BU-0256,PT Mandiri Sarana Jaya,PT,N,Jasa Penunjang Usaha / Outsourcing / Security,Kecil,Jawa Barat,KC Bandung,NORMAL,31,4294214,SYN-2026-10-08-v3
BU-0257,Koperasi Mandiri Distribusindo,Koperasi,K,Jasa Keuangan / Pembiayaan / Asuransi,Menengah,Jawa Timur,KC Surabaya,NORMAL,111,8532791,SYN-2026-10-08-v3
BU-0258,PT Nusantara Tekstil,PT,N,Jasa Penunjang Usaha / Outsourcing / Security,Kecil,Jawa Timur,KC Surabaya,MULTI_SIGNAL,28,4230423,SYN-2026-10-08-v3
BU-0259,CV Sentosa Konstruksi,CV,H,"Transportasi, Pergudangan & Logistik",Mikro,Jawa Timur,KC Surabaya,NORMAL,4,4174712,SYN-2026-10-08-v3
BU-0260,PT Prima Teknologi,PT,A,Pertanian / Perkebunan / Kehutanan,Menengah,Kalimantan Timur,KC Balikpapan,NORMAL,176,8474171,SYN-2026-10-08-v3
BU-0261,PT Mitra Logistik,PT,I,Penyediaan Akomodasi dan F&B,Mikro,Kalimantan Timur,KC Balikpapan,NORMAL,8,4474612,SYN-2026-10-08-v3
BU-0262,PT Sentosa Plastindo,PT,A,Pertanian / Perkebunan / Kehutanan,Besar,Sulawesi Selatan,KC Makassar,NORMAL,280,10137641,SYN-2026-10-08-v3
BU-0263,Koperasi Inti Plastindo,Koperasi,I,Penyediaan Akomodasi dan F&B,Kecil,DKI Jakarta,KC Jakarta Pusat,NORMAL,29,4682144,SYN-2026-10-08-v3
BU-0264,CV Mitra Plastindo,CV,Q,Pelayanan Kesehatan Swasta,Mikro,Kalimantan Timur,KC Balikpapan,WORKER_REGISTRATION_GAP,6,3360189,SYN-2026-10-08-v3
BU-0265,PT Sejahtera Logistik,PT,H,"Transportasi, Pergudangan & Logistik",Menengah,Bali,KC Denpasar,CONTRIBUTION_PAYMENT_GAP,165,9860348,SYN-2026-10-08-v3
BU-0266,CV Sentosa Pangan,CV,C,Industri Pengolahan / Manufaktur,Kecil,Banten,KC Tangerang,WORKER_REGISTRATION_GAP,38,3768309,SYN-2026-10-08-v3
BU-0267,Koperasi Bina Pangan,Koperasi,Q,Pelayanan Kesehatan Swasta,Besar,Riau,KC Pekanbaru,NORMAL,766,7533912,SYN-2026-10-08-v3
BU-0268,CV Surya Pangan,CV,J,Informasi dan Komunikasi / Teknologi,Menengah,DKI Jakarta,KC Jakarta Pusat,NORMAL,52,6602233,SYN-2026-10-08-v3
BU-0269,PT Cipta Solusindo,PT,F,Konstruksi & Infrastruktur,Menengah,Sulawesi Selatan,KC Makassar,WORKER_REGISTRATION_GAP,150,5913089,SYN-2026-10-08-v3
BU-0270,CV Daya Logistik,CV,H,"Transportasi, Pergudangan & Logistik",Mikro,Sumatera Utara,KC Medan,NORMAL,8,3795019,SYN-2026-10-08-v3
BU-0271,CV Prima Tekstil,CV,F,Konstruksi & Infrastruktur,Menengah,Jawa Timur,KC Surabaya,WAGE_REPORTING_GAP,155,7029452,SYN-2026-10-08-v3
BU-0272,Koperasi Makmur Pangan,Koperasi,K,Jasa Keuangan / Pembiayaan / Asuransi,Menengah,Jawa Barat,KC Bandung,NORMAL,65,5653899,SYN-2026-10-08-v3
BU-0273,Koperasi Surya Solusindo,Koperasi,C,Industri Pengolahan / Manufaktur,Besar,Jawa Timur,KC Surabaya,WORKER_REGISTRATION_GAP,539,11250028,SYN-2026-10-08-v3
BU-0274,PT Makmur Hospitality,PT,G,Perdagangan Besar dan Eceran,Kecil,Kalimantan Timur,KC Balikpapan,RECURRENCE,38,5272920,SYN-2026-10-08-v3
BU-0275,PT Bina Hospitality,PT,K,Jasa Keuangan / Pembiayaan / Asuransi,Besar,Banten,KC Tangerang,WORKER_REGISTRATION_GAP,398,12819864,SYN-2026-10-08-v3
BU-0276,PT Inti Solusindo,PT,A,Pertanian / Perkebunan / Kehutanan,Menengah,Sulawesi Selatan,KC Makassar,NORMAL,147,9416393,SYN-2026-10-08-v3
BU-0277,PT Bina Logistik,PT,J,Informasi dan Komunikasi / Teknologi,Mikro,Sulawesi Selatan,KC Makassar,WORKER_REGISTRATION_GAP,7,4209386,SYN-2026-10-08-v3
BU-0278,Yayasan Nusantara Logistik,Yayasan,N,Jasa Penunjang Usaha / Outsourcing / Security,Kecil,Sulawesi Selatan,KC Makassar,WORKER_REGISTRATION_GAP,10,5075656,SYN-2026-10-08-v3
BU-0279,Koperasi Surya Teknologi,Koperasi,C,Industri Pengolahan / Manufaktur,Menengah,Sumatera Utara,KC Medan,NORMAL,61,7230703,SYN-2026-10-08-v3
BU-0280,CV Karya Plastindo,CV,C,Industri Pengolahan / Manufaktur,Besar,Banten,KC Tangerang,NORMAL,709,6961125,SYN-2026-10-08-v3
BU-0281,CV Mitra Solusindo,CV,N,Jasa Penunjang Usaha / Outsourcing / Security,Menengah,Jawa Tengah,KC Semarang,WORKER_REGISTRATION_GAP,171,5532621,SYN-2026-10-08-v3
BU-0282,CV Daya Pangan,CV,J,Informasi dan Komunikasi / Teknologi,Kecil,Riau,KC Pekanbaru,WORKER_REGISTRATION_GAP,30,6734986,SYN-2026-10-08-v3
BU-0283,Koperasi Mitra Pangan,Koperasi,C,Industri Pengolahan / Manufaktur,Menengah,Banten,KC Tangerang,RECURRENCE,174,7786722,SYN-2026-10-08-v3
BU-0284,Yayasan Cipta Hospitality,Yayasan,J,Informasi dan Komunikasi / Teknologi,Mikro,Banten,KC Tangerang,WAGE_REPORTING_GAP,4,3402853,SYN-2026-10-08-v3
BU-0285,Yayasan Karya Konstruksi,Yayasan,J,Informasi dan Komunikasi / Teknologi,Mikro,Kalimantan Timur,KC Balikpapan,CONTRIBUTION_PAYMENT_GAP,9,4818887,SYN-2026-10-08-v3
BU-0286,PT Daya Konstruksi,PT,J,Informasi dan Komunikasi / Teknologi,Kecil,DKI Jakarta,KC Jakarta Pusat,NORMAL,25,4760807,SYN-2026-10-08-v3
BU-0287,PT Mandiri Konstruksi,PT,I,Penyediaan Akomodasi dan F&B,Menengah,Jawa Timur,KC Surabaya,MULTI_SIGNAL,84,9551153,SYN-2026-10-08-v3
BU-0288,Koperasi Daya Hospitality,Koperasi,F,Konstruksi & Infrastruktur,Kecil,Sumatera Utara,KC Medan,NORMAL,15,5021775,SYN-2026-10-08-v3
BU-0289,CV Prima Multi Karya,CV,I,Penyediaan Akomodasi dan F&B,Menengah,Sulawesi Selatan,KC Makassar,CONTRIBUTION_PAYMENT_GAP,119,9595802,SYN-2026-10-08-v3
BU-0290,PT Makmur Teknologi,PT,F,Konstruksi & Infrastruktur,Kecil,Jawa Barat,KC Bandung,NORMAL,14,6561644,SYN-2026-10-08-v3
BU-0291,Koperasi Bina Hospitality,Koperasi,C,Industri Pengolahan / Manufaktur,Menengah,Bali,KC Denpasar,WAGE_REPORTING_GAP,98,4561155,SYN-2026-10-08-v3
BU-0292,CV Mandiri Solusindo,CV,A,Pertanian / Perkebunan / Kehutanan,Menengah,DKI Jakarta,KC Jakarta Pusat,WORKER_REGISTRATION_GAP,168,9682051,SYN-2026-10-08-v3
BU-0293,PT Surya Pangan,PT,F,Konstruksi & Infrastruktur,Menengah,Jawa Timur,KC Surabaya,WAGE_REPORTING_GAP,122,4837694,SYN-2026-10-08-v3
BU-0294,CV Cipta Pangan,CV,I,Penyediaan Akomodasi dan F&B,Besar,Jawa Barat,KC Bandung,NORMAL,469,9649917,SYN-2026-10-08-v3
BU-0295,PT Cipta Hospitality,PT,C,Industri Pengolahan / Manufaktur,Menengah,Bali,KC Denpasar,CONTRIBUTION_PAYMENT_GAP,101,5262821,SYN-2026-10-08-v3
BU-0296,PT Prima Teknologi,PT,H,"Transportasi, Pergudangan & Logistik",Kecil,Bali,KC Denpasar,WORKER_REGISTRATION_GAP,43,6036353,SYN-2026-10-08-v3
BU-0297,PT Karya Solusindo,PT,G,Perdagangan Besar dan Eceran,Kecil,Jawa Tengah,KC Semarang,NORMAL,12,5874709,SYN-2026-10-08-v3
BU-0298,PT Cipta Multi Karya,PT,N,Jasa Penunjang Usaha / Outsourcing / Security,Kecil,Bali,KC Denpasar,NORMAL,10,7187443,SYN-2026-10-08-v3
BU-0299,PT Sentosa Tekstil,PT,N,Jasa Penunjang Usaha / Outsourcing / Security,Kecil,Jawa Timur,KC Surabaya,WAGE_REPORTING_GAP,44,3987314,SYN-2026-10-08-v3
BU-0300,Koperasi Makmur Teknologi,Koperasi,G,Perdagangan Besar dan Eceran,Kecil,Kalimantan Timur,KC Balikpapan,MULTI_SIGNAL,15,5580211,SYN-2026-10-08-v3
BU-0301,PT Daya Teknologi,PT,F,Konstruksi & Infrastruktur,Kecil,Jawa Timur,KC Surabaya,NORMAL,18,5515050,SYN-2026-10-08-v3
BU-0302,CV Cipta Tekstil,CV,N,Jasa Penunjang Usaha / Outsourcing / Security,Mikro,DKI Jakarta,KC Jakarta Pusat,NORMAL,5,4791535,SYN-2026-10-08-v3
BU-0303,PT Karya Konstruksi,PT,G,Perdagangan Besar dan Eceran,Besar,Riau,KC Pekanbaru,WORKER_REGISTRATION_GAP,743,11117751,SYN-2026-10-08-v3
BU-0304,Koperasi Makmur Multi Karya,Koperasi,H,"Transportasi, Pergudangan & Logistik",Kecil,Banten,KC Tangerang,NORMAL,25,5107195,SYN-2026-10-08-v3
BU-0305,PT Mandiri Tekstil,PT,H,"Transportasi, Pergudangan & Logistik",Kecil,Sulawesi Selatan,KC Makassar,NORMAL,40,4060328,SYN-2026-10-08-v3
BU-0306,Koperasi Cipta Hospitality,Koperasi,C,Industri Pengolahan / Manufaktur,Menengah,Riau,KC Pekanbaru,CONTRIBUTION_PAYMENT_GAP,145,4953683,SYN-2026-10-08-v3
BU-0307,Yayasan Sentosa Multi Karya,Yayasan,A,Pertanian / Perkebunan / Kehutanan,Mikro,Jawa Tengah,KC Semarang,NORMAL,9,3953427,SYN-2026-10-08-v3
BU-0308,Koperasi Mega Hospitality,Koperasi,J,Informasi dan Komunikasi / Teknologi,Kecil,Banten,KC Tangerang,WORKER_REGISTRATION_GAP,13,6869449,SYN-2026-10-08-v3
BU-0309,Koperasi Daya Logistik,Koperasi,A,Pertanian / Perkebunan / Kehutanan,Kecil,Banten,KC Tangerang,NORMAL,11,5962792,SYN-2026-10-08-v3
BU-0310,CV Daya Multi Karya,CV,A,Pertanian / Perkebunan / Kehutanan,Kecil,Sumatera Utara,KC Medan,CONTRIBUTION_PAYMENT_GAP,38,6794004,SYN-2026-10-08-v3
BU-0311,CV Nusantara Teknologi,CV,I,Penyediaan Akomodasi dan F&B,Kecil,Riau,KC Pekanbaru,NORMAL,36,7094522,SYN-2026-10-08-v3
BU-0312,CV Nusantara Konstruksi,CV,F,Konstruksi & Infrastruktur,Kecil,Jawa Tengah,KC Semarang,WAGE_REPORTING_GAP,34,4163563,SYN-2026-10-08-v3
BU-0313,CV Sejahtera Pangan,CV,C,Industri Pengolahan / Manufaktur,Menengah,Jawa Timur,KC Surabaya,NORMAL,55,8047713,SYN-2026-10-08-v3
BU-0314,Yayasan Sentosa Konstruksi,Yayasan,N,Jasa Penunjang Usaha / Outsourcing / Security,Besar,Sumatera Utara,KC Medan,NORMAL,629,13580330,SYN-2026-10-08-v3
BU-0315,Koperasi Inti Teknologi,Koperasi,C,Industri Pengolahan / Manufaktur,Besar,Banten,KC Tangerang,NORMAL,669,7974414,SYN-2026-10-08-v3
BU-0316,CV Mitra Konstruksi,CV,K,Jasa Keuangan / Pembiayaan / Asuransi,Kecil,Riau,KC Pekanbaru,CONTRIBUTION_PAYMENT_GAP,23,4959976,SYN-2026-10-08-v3
BU-0317,Koperasi Mitra Multi Karya,Koperasi,A,Pertanian / Perkebunan / Kehutanan,Kecil,Jawa Barat,KC Bandung,NORMAL,38,5611251,SYN-2026-10-08-v3
BU-0318,Koperasi Makmur Tekstil,Koperasi,H,"Transportasi, Pergudangan & Logistik",Menengah,Jawa Timur,KC Surabaya,CONTRIBUTION_PAYMENT_GAP,179,6879046,SYN-2026-10-08-v3
BU-0319,Yayasan Mitra Sarana Jaya,Yayasan,I,Penyediaan Akomodasi dan F&B,Kecil,Sulawesi Selatan,KC Makassar,NORMAL,20,7479137,SYN-2026-10-08-v3
BU-0320,PT Cipta Pangan,PT,N,Jasa Penunjang Usaha / Outsourcing / Security,Kecil,Jawa Tengah,KC Semarang,NORMAL,22,5745702,SYN-2026-10-08-v3
BU-0321,PT Sentosa Solusindo,PT,G,Perdagangan Besar dan Eceran,Besar,Jawa Barat,KC Bandung,CONTRIBUTION_PAYMENT_GAP,279,13792055,SYN-2026-10-08-v3
BU-0322,PT Mandiri Teknologi,PT,F,Konstruksi & Infrastruktur,Menengah,Jawa Timur,KC Surabaya,NORMAL,57,7247602,SYN-2026-10-08-v3
BU-0323,PT Mega Solusindo,PT,J,Informasi dan Komunikasi / Teknologi,Kecil,Jawa Barat,KC Bandung,WORKER_REGISTRATION_GAP,47,6826725,SYN-2026-10-08-v3
BU-0324,Koperasi Prima Teknologi,Koperasi,G,Perdagangan Besar dan Eceran,Kecil,Sumatera Utara,KC Medan,NORMAL,17,3540403,SYN-2026-10-08-v3
BU-0325,Koperasi Bina Multi Karya,Koperasi,J,Informasi dan Komunikasi / Teknologi,Mikro,Riau,KC Pekanbaru,NORMAL,6,4342686,SYN-2026-10-08-v3
BU-0326,PT Sejahtera Solusindo,PT,G,Perdagangan Besar dan Eceran,Besar,Riau,KC Pekanbaru,NORMAL,237,14450091,SYN-2026-10-08-v3
BU-0327,PT Inti Distribusindo,PT,Q,Pelayanan Kesehatan Swasta,Besar,Jawa Barat,KC Bandung,NORMAL,582,7223751,SYN-2026-10-08-v3
BU-0328,Yayasan Nusantara Logistik,Yayasan,C,Industri Pengolahan / Manufaktur,Menengah,Jawa Tengah,KC Semarang,NORMAL,69,6712303,SYN-2026-10-08-v3
BU-0329,CV Mandiri Multi Karya,CV,Q,Pelayanan Kesehatan Swasta,Kecil,Kalimantan Timur,KC Balikpapan,NORMAL,27,4850194,SYN-2026-10-08-v3
BU-0330,PT Mega Pangan,PT,Q,Pelayanan Kesehatan Swasta,Mikro,Riau,KC Pekanbaru,MULTI_SIGNAL,5,5045333,SYN-2026-10-08-v3
BU-0331,CV Daya Hospitality,CV,A,Pertanian / Perkebunan / Kehutanan,Kecil,Sumatera Utara,KC Medan,NORMAL,13,5351116,SYN-2026-10-08-v3
BU-0332,PT Bina Tekstil,PT,C,Industri Pengolahan / Manufaktur,Kecil,Bali,KC Denpasar,NORMAL,27,4501461,SYN-2026-10-08-v3
BU-0333,CV Sentosa Tekstil,CV,F,Konstruksi & Infrastruktur,Besar,Banten,KC Tangerang,CONTRIBUTION_PAYMENT_GAP,715,13498677,SYN-2026-10-08-v3
BU-0334,Koperasi Prima Distribusindo,Koperasi,Q,Pelayanan Kesehatan Swasta,Kecil,Sumatera Utara,KC Medan,NORMAL,44,4579360,SYN-2026-10-08-v3
BU-0335,PT Makmur Pangan,PT,G,Perdagangan Besar dan Eceran,Kecil,Sumatera Utara,KC Medan,WAGE_REPORTING_GAP,41,3629623,SYN-2026-10-08-v3
BU-0336,Koperasi Cipta Solusindo,Koperasi,Q,Pelayanan Kesehatan Swasta,Menengah,Jawa Tengah,KC Semarang,NORMAL,66,6972347,SYN-2026-10-08-v3
BU-0337,Yayasan Daya Konstruksi,Yayasan,F,Konstruksi & Infrastruktur,Besar,Jawa Tengah,KC Semarang,NORMAL,346,8800538,SYN-2026-10-08-v3
BU-0338,CV Cipta Sarana Jaya,CV,N,Jasa Penunjang Usaha / Outsourcing / Security,Menengah,Jawa Tengah,KC Semarang,NORMAL,84,7992280,SYN-2026-10-08-v3
BU-0339,CV Prima Hospitality,CV,Q,Pelayanan Kesehatan Swasta,Besar,Riau,KC Pekanbaru,NORMAL,620,13239061,SYN-2026-10-08-v3
BU-0340,Koperasi Nusantara Distribusindo,Koperasi,A,Pertanian / Perkebunan / Kehutanan,Mikro,Kalimantan Timur,KC Balikpapan,NORMAL,4,3355085,SYN-2026-10-08-v3
BU-0341,CV Cipta Plastindo,CV,Q,Pelayanan Kesehatan Swasta,Mikro,Banten,KC Tangerang,NORMAL,5,3649175,SYN-2026-10-08-v3
BU-0342,CV Nusantara Logistik,CV,I,Penyediaan Akomodasi dan F&B,Menengah,Riau,KC Pekanbaru,NORMAL,173,6043872,SYN-2026-10-08-v3
BU-0343,Koperasi Inti Plastindo,Koperasi,N,Jasa Penunjang Usaha / Outsourcing / Security,Besar,Kalimantan Timur,KC Balikpapan,NORMAL,691,10365999,SYN-2026-10-08-v3
BU-0344,PT Nusantara Sarana Jaya,PT,K,Jasa Keuangan / Pembiayaan / Asuransi,Menengah,Kalimantan Timur,KC Balikpapan,NORMAL,60,7475664,SYN-2026-10-08-v3
BU-0345,CV Prima Distribusindo,CV,G,Perdagangan Besar dan Eceran,Menengah,Jawa Tengah,KC Semarang,WORKER_REGISTRATION_GAP,127,7804513,SYN-2026-10-08-v3
BU-0346,Yayasan Prima Multi Karya,Yayasan,C,Industri Pengolahan / Manufaktur,Menengah,Banten,KC Tangerang,CONTRIBUTION_PAYMENT_GAP,132,5403125,SYN-2026-10-08-v3
BU-0347,CV Surya Konstruksi,CV,F,Konstruksi & Infrastruktur,Besar,Kalimantan Timur,KC Balikpapan,WAGE_REPORTING_GAP,637,11810216,SYN-2026-10-08-v3
BU-0348,Yayasan Nusantara Konstruksi,Yayasan,N,Jasa Penunjang Usaha / Outsourcing / Security,Menengah,Sulawesi Selatan,KC Makassar,NORMAL,134,5022849,SYN-2026-10-08-v3
BU-0349,PT Sejahtera Plastindo,PT,N,Jasa Penunjang Usaha / Outsourcing / Security,Besar,Sumatera Utara,KC Medan,NORMAL,641,13512674,SYN-2026-10-08-v3
BU-0350,PT Makmur Hospitality,PT,A,Pertanian / Perkebunan / Kehutanan,Menengah,Banten,KC Tangerang,NORMAL,79,8173814,SYN-2026-10-08-v3
BU-0351,PT Surya Tekstil,PT,F,Konstruksi & Infrastruktur,Menengah,DKI Jakarta,KC Jakarta Pusat,WAGE_REPORTING_GAP,82,8178873,SYN-2026-10-08-v3
BU-0352,PT Prima Konstruksi,PT,C,Industri Pengolahan / Manufaktur,Kecil,Jawa Timur,KC Surabaya,MULTI_SIGNAL,38,6225912,SYN-2026-10-08-v3
BU-0353,CV Makmur Hospitality,CV,C,Industri Pengolahan / Manufaktur,Kecil,Jawa Barat,KC Bandung,WORKER_REGISTRATION_GAP,45,5127853,SYN-2026-10-08-v3
BU-0354,PT Sejahtera Tekstil,PT,H,"Transportasi, Pergudangan & Logistik",Menengah,Kalimantan Timur,KC Balikpapan,WORKER_REGISTRATION_GAP,192,6327395,SYN-2026-10-08-v3
BU-0355,CV Bina Pangan,CV,N,Jasa Penunjang Usaha / Outsourcing / Security,Menengah,Sumatera Utara,KC Medan,NORMAL,196,7615188,SYN-2026-10-08-v3
BU-0356,PT Karya Tekstil,PT,F,Konstruksi & Infrastruktur,Menengah,Bali,KC Denpasar,NORMAL,104,7126521,SYN-2026-10-08-v3
BU-0357,Koperasi Daya Hospitality,Koperasi,A,Pertanian / Perkebunan / Kehutanan,Kecil,Jawa Barat,KC Bandung,NORMAL,43,6847916,SYN-2026-10-08-v3
BU-0358,PT Sejahtera Hospitality,PT,H,"Transportasi, Pergudangan & Logistik",Kecil,Jawa Barat,KC Bandung,WORKER_REGISTRATION_GAP,32,5850727,SYN-2026-10-08-v3
BU-0359,Koperasi Cipta Logistik,Koperasi,G,Perdagangan Besar dan Eceran,Kecil,Sulawesi Selatan,KC Makassar,WAGE_REPORTING_GAP,43,7352984,SYN-2026-10-08-v3
BU-0360,Yayasan Bina Pangan,Yayasan,I,Penyediaan Akomodasi dan F&B,Besar,Kalimantan Timur,KC Balikpapan,WORKER_REGISTRATION_GAP,549,6310137,SYN-2026-10-08-v3
BU-0361,CV Daya Pangan,CV,C,Industri Pengolahan / Manufaktur,Kecil,Kalimantan Timur,KC Balikpapan,RECURRENCE,11,5049965,SYN-2026-10-08-v3
BU-0362,Koperasi Mega Tekstil,Koperasi,N,Jasa Penunjang Usaha / Outsourcing / Security,Mikro,Banten,KC Tangerang,NORMAL,8,4577935,SYN-2026-10-08-v3
BU-0363,CV Karya Pangan,CV,G,Perdagangan Besar dan Eceran,Besar,DKI Jakarta,KC Jakarta Pusat,WORKER_REGISTRATION_GAP,628,9913646,SYN-2026-10-08-v3
BU-0364,CV Mega Pangan,CV,C,Industri Pengolahan / Manufaktur,Kecil,Jawa Tengah,KC Semarang,MULTI_SIGNAL,27,5628556,SYN-2026-10-08-v3
BU-0365,CV Mandiri Konstruksi,CV,A,Pertanian / Perkebunan / Kehutanan,Menengah,Riau,KC Pekanbaru,NORMAL,108,6934269,SYN-2026-10-08-v3
BU-0366,PT Mega Pangan,PT,C,Industri Pengolahan / Manufaktur,Kecil,Jawa Tengah,KC Semarang,NORMAL,17,6909951,SYN-2026-10-08-v3
BU-0367,Koperasi Karya Hospitality,Koperasi,N,Jasa Penunjang Usaha / Outsourcing / Security,Menengah,Bali,KC Denpasar,NORMAL,129,7215616,SYN-2026-10-08-v3
BU-0368,PT Makmur Tekstil,PT,Q,Pelayanan Kesehatan Swasta,Kecil,Riau,KC Pekanbaru,MULTI_SIGNAL,33,6698997,SYN-2026-10-08-v3
BU-0369,Koperasi Mandiri Plastindo,Koperasi,Q,Pelayanan Kesehatan Swasta,Besar,Sulawesi Selatan,KC Makassar,WAGE_REPORTING_GAP,711,10751539,SYN-2026-10-08-v3
BU-0370,PT Karya Sarana Jaya,PT,G,Perdagangan Besar dan Eceran,Kecil,Banten,KC Tangerang,NORMAL,28,5694674,SYN-2026-10-08-v3
BU-0371,PT Cipta Distribusindo,PT,F,Konstruksi & Infrastruktur,Menengah,DKI Jakarta,KC Jakarta Pusat,NORMAL,129,6074327,SYN-2026-10-08-v3
BU-0372,CV Inti Solusindo,CV,H,"Transportasi, Pergudangan & Logistik",Kecil,Bali,KC Denpasar,CONTRIBUTION_PAYMENT_GAP,35,7418771,SYN-2026-10-08-v3
BU-0373,PT Daya Logistik,PT,N,Jasa Penunjang Usaha / Outsourcing / Security,Mikro,Sulawesi Selatan,KC Makassar,NORMAL,7,4582550,SYN-2026-10-08-v3
BU-0374,Koperasi Mitra Solusindo,Koperasi,F,Konstruksi & Infrastruktur,Menengah,Sulawesi Selatan,KC Makassar,CONTRIBUTION_PAYMENT_GAP,161,9970145,SYN-2026-10-08-v3
BU-0375,PT Sejahtera Sarana Jaya,PT,A,Pertanian / Perkebunan / Kehutanan,Mikro,Jawa Barat,KC Bandung,WAGE_REPORTING_GAP,4,4549937,SYN-2026-10-08-v3
BU-0376,CV Cipta Sarana Jaya,CV,C,Industri Pengolahan / Manufaktur,Besar,Jawa Tengah,KC Semarang,NORMAL,480,14904625,SYN-2026-10-08-v3
BU-0377,Koperasi Prima Distribusindo,Koperasi,F,Konstruksi & Infrastruktur,Kecil,Jawa Timur,KC Surabaya,NORMAL,29,7011925,SYN-2026-10-08-v3
BU-0378,PT Inti Distribusindo,PT,I,Penyediaan Akomodasi dan F&B,Menengah,Jawa Barat,KC Bandung,MULTI_SIGNAL,175,7479240,SYN-2026-10-08-v3
BU-0379,PT Prima Logistik,PT,H,"Transportasi, Pergudangan & Logistik",Besar,DKI Jakarta,KC Jakarta Pusat,NORMAL,362,12570049,SYN-2026-10-08-v3
BU-0380,PT Sentosa Teknologi,PT,K,Jasa Keuangan / Pembiayaan / Asuransi,Mikro,Sumatera Utara,KC Medan,WAGE_REPORTING_GAP,7,4682558,SYN-2026-10-08-v3
BU-0381,Yayasan Mitra Teknologi,Yayasan,C,Industri Pengolahan / Manufaktur,Menengah,Kalimantan Timur,KC Balikpapan,NORMAL,90,7391652,SYN-2026-10-08-v3
BU-0382,Koperasi Inti Hospitality,Koperasi,K,Jasa Keuangan / Pembiayaan / Asuransi,Menengah,Riau,KC Pekanbaru,NORMAL,186,5101100,SYN-2026-10-08-v3
BU-0383,PT Nusantara Pangan,PT,I,Penyediaan Akomodasi dan F&B,Kecil,Riau,KC Pekanbaru,WORKER_REGISTRATION_GAP,15,4924329,SYN-2026-10-08-v3
BU-0384,Yayasan Sejahtera Teknologi,Yayasan,A,Pertanian / Perkebunan / Kehutanan,Menengah,Sumatera Utara,KC Medan,RECURRENCE,78,6000214,SYN-2026-10-08-v3
BU-0385,PT Cipta Logistik,PT,A,Pertanian / Perkebunan / Kehutanan,Mikro,Jawa Barat,KC Bandung,WAGE_REPORTING_GAP,5,3606682,SYN-2026-10-08-v3
BU-0386,PT Karya Plastindo,PT,A,Pertanian / Perkebunan / Kehutanan,Kecil,Jawa Timur,KC Surabaya,NORMAL,13,5069661,SYN-2026-10-08-v3
BU-0387,Koperasi Cipta Solusindo,Koperasi,I,Penyediaan Akomodasi dan F&B,Mikro,Kalimantan Timur,KC Balikpapan,WORKER_REGISTRATION_GAP,8,4334457,SYN-2026-10-08-v3
BU-0388,CV Cipta Multi Karya,CV,H,"Transportasi, Pergudangan & Logistik",Kecil,Bali,KC Denpasar,NORMAL,37,5242284,SYN-2026-10-08-v3
BU-0389,Yayasan Mitra Hospitality,Yayasan,A,Pertanian / Perkebunan / Kehutanan,Menengah,Riau,KC Pekanbaru,CONTRIBUTION_PAYMENT_GAP,140,6326641,SYN-2026-10-08-v3
BU-0390,Koperasi Makmur Tekstil,Koperasi,H,"Transportasi, Pergudangan & Logistik",Mikro,Bali,KC Denpasar,CONTRIBUTION_PAYMENT_GAP,5,3698179,SYN-2026-10-08-v3
BU-0391,PT Inti Tekstil,PT,J,Informasi dan Komunikasi / Teknologi,Mikro,Sulawesi Selatan,KC Makassar,NORMAL,7,4616130,SYN-2026-10-08-v3
BU-0392,PT Prima Hospitality,PT,A,Pertanian / Perkebunan / Kehutanan,Kecil,Kalimantan Timur,KC Balikpapan,NORMAL,37,6802693,SYN-2026-10-08-v3
BU-0393,Koperasi Bina Distribusindo,Koperasi,Q,Pelayanan Kesehatan Swasta,Mikro,Jawa Timur,KC Surabaya,NORMAL,6,4436309,SYN-2026-10-08-v3
BU-0394,PT Karya Sarana Jaya,PT,I,Penyediaan Akomodasi dan F&B,Kecil,Kalimantan Timur,KC Balikpapan,WAGE_REPORTING_GAP,38,6323935,SYN-2026-10-08-v3
BU-0395,PT Sentosa Multi Karya,PT,F,Konstruksi & Infrastruktur,Menengah,Jawa Timur,KC Surabaya,NORMAL,141,8684155,SYN-2026-10-08-v3
BU-0396,Yayasan Inti Plastindo,Yayasan,F,Konstruksi & Infrastruktur,Mikro,DKI Jakarta,KC Jakarta Pusat,CONTRIBUTION_PAYMENT_GAP,7,5376921,SYN-2026-10-08-v3
BU-0397,CV Sentosa Multi Karya,CV,C,Industri Pengolahan / Manufaktur,Kecil,Bali,KC Denpasar,WAGE_REPORTING_GAP,37,7111879,SYN-2026-10-08-v3
BU-0398,Yayasan Bina Pangan,Yayasan,N,Jasa Penunjang Usaha / Outsourcing / Security,Kecil,Jawa Tengah,KC Semarang,WAGE_REPORTING_GAP,42,4780872,SYN-2026-10-08-v3
BU-0399,Yayasan Cipta Distribusindo,Yayasan,I,Penyediaan Akomodasi dan F&B,Kecil,DKI Jakarta,KC Jakarta Pusat,NORMAL,22,4374969,SYN-2026-10-08-v3
BU-0400,PT Prima Distribusindo,PT,K,Jasa Keuangan / Pembiayaan / Asuransi,Menengah,Kalimantan Timur,KC Balikpapan,NORMAL,61,7772085,SYN-2026-10-08-v3
BU-0401,CV Surya Konstruksi,CV,G,Perdagangan Besar dan Eceran,Mikro,Bali,KC Denpasar,NORMAL,6,5407900,SYN-2026-10-08-v3
BU-0402,PT Surya Teknologi,PT,Q,Pelayanan Kesehatan Swasta,Kecil,Jawa Timur,KC Surabaya,CONTRIBUTION_PAYMENT_GAP,21,4847492,SYN-2026-10-08-v3
BU-0403,CV Karya Sarana Jaya,CV,N,Jasa Penunjang Usaha / Outsourcing / Security,Kecil,Jawa Barat,KC Bandung,RECURRENCE,37,6929916,SYN-2026-10-08-v3
BU-0404,Yayasan Nusantara Konstruksi,Yayasan,A,Pertanian / Perkebunan / Kehutanan,Kecil,Sumatera Utara,KC Medan,NORMAL,14,4873471,SYN-2026-10-08-v3
BU-0405,PT Makmur Tekstil,PT,Q,Pelayanan Kesehatan Swasta,Besar,Kalimantan Timur,KC Balikpapan,RECURRENCE,608,8832588,SYN-2026-10-08-v3
BU-0406,PT Inti Sarana Jaya,PT,H,"Transportasi, Pergudangan & Logistik",Kecil,DKI Jakarta,KC Jakarta Pusat,WAGE_REPORTING_GAP,19,7054315,SYN-2026-10-08-v3
BU-0407,CV Mitra Multi Karya,CV,A,Pertanian / Perkebunan / Kehutanan,Kecil,Banten,KC Tangerang,NORMAL,20,3919913,SYN-2026-10-08-v3
BU-0408,CV Prima Multi Karya,CV,F,Konstruksi & Infrastruktur,Menengah,Kalimantan Timur,KC Balikpapan,CONTRIBUTION_PAYMENT_GAP,176,9291904,SYN-2026-10-08-v3
BU-0409,CV Sejahtera Distribusindo,CV,H,"Transportasi, Pergudangan & Logistik",Menengah,Jawa Timur,KC Surabaya,NORMAL,197,7902896,SYN-2026-10-08-v3
BU-0410,PT Mega Teknologi,PT,A,Pertanian / Perkebunan / Kehutanan,Mikro,Jawa Tengah,KC Semarang,NORMAL,4,4532691,SYN-2026-10-08-v3
BU-0411,Yayasan Daya Pangan,Yayasan,G,Perdagangan Besar dan Eceran,Besar,Jawa Timur,KC Surabaya,WORKER_REGISTRATION_GAP,217,8833248,SYN-2026-10-08-v3
BU-0412,PT Inti Plastindo,PT,I,Penyediaan Akomodasi dan F&B,Kecil,Jawa Timur,KC Surabaya,NORMAL,49,5991353,SYN-2026-10-08-v3
BU-0413,PT Makmur Logistik,PT,K,Jasa Keuangan / Pembiayaan / Asuransi,Besar,Banten,KC Tangerang,NORMAL,410,12938704,SYN-2026-10-08-v3
BU-0414,PT Bina Teknologi,PT,I,Penyediaan Akomodasi dan F&B,Kecil,DKI Jakarta,KC Jakarta Pusat,WORKER_REGISTRATION_GAP,34,7014732,SYN-2026-10-08-v3
BU-0415,CV Mega Solusindo,CV,F,Konstruksi & Infrastruktur,Kecil,Kalimantan Timur,KC Balikpapan,WORKER_REGISTRATION_GAP,45,6044435,SYN-2026-10-08-v3
BU-0416,PT Bina Solusindo,PT,J,Informasi dan Komunikasi / Teknologi,Kecil,DKI Jakarta,KC Jakarta Pusat,NORMAL,39,7062767,SYN-2026-10-08-v3
BU-0417,PT Inti Hospitality,PT,H,"Transportasi, Pergudangan & Logistik",Menengah,Banten,KC Tangerang,NORMAL,177,5245491,SYN-2026-10-08-v3
BU-0418,Koperasi Sejahtera Teknologi,Koperasi,H,"Transportasi, Pergudangan & Logistik",Kecil,Kalimantan Timur,KC Balikpapan,NORMAL,33,6665738,SYN-2026-10-08-v3
BU-0419,Koperasi Makmur Solusindo,Koperasi,G,Perdagangan Besar dan Eceran,Kecil,Sumatera Utara,KC Medan,NORMAL,44,4983943,SYN-2026-10-08-v3
BU-0420,Yayasan Inti Pangan,Yayasan,N,Jasa Penunjang Usaha / Outsourcing / Security,Menengah,Jawa Timur,KC Surabaya,NORMAL,162,9934937,SYN-2026-10-08-v3
BU-0421,Koperasi Sentosa Teknologi,Koperasi,I,Penyediaan Akomodasi dan F&B,Besar,Riau,KC Pekanbaru,MULTI_SIGNAL,579,11615538,SYN-2026-10-08-v3
BU-0422,PT Bina Solusindo,PT,K,Jasa Keuangan / Pembiayaan / Asuransi,Mikro,Jawa Tengah,KC Semarang,WORKER_REGISTRATION_GAP,9,3115666,SYN-2026-10-08-v3
BU-0423,CV Inti Logistik,CV,H,"Transportasi, Pergudangan & Logistik",Mikro,Jawa Barat,KC Bandung,CONTRIBUTION_PAYMENT_GAP,4,4692633,SYN-2026-10-08-v3
BU-0424,Yayasan Bina Konstruksi,Yayasan,N,Jasa Penunjang Usaha / Outsourcing / Security,Mikro,Bali,KC Denpasar,NORMAL,7,3762468,SYN-2026-10-08-v3
BU-0425,Yayasan Bina Solusindo,Yayasan,I,Penyediaan Akomodasi dan F&B,Kecil,Jawa Barat,KC Bandung,MULTI_SIGNAL,32,6364844,SYN-2026-10-08-v3
BU-0426,Yayasan Mandiri Solusindo,Yayasan,J,Informasi dan Komunikasi / Teknologi,Menengah,Riau,KC Pekanbaru,CONTRIBUTION_PAYMENT_GAP,161,7663066,SYN-2026-10-08-v3
BU-0427,Koperasi Prima Logistik,Koperasi,N,Jasa Penunjang Usaha / Outsourcing / Security,Besar,Kalimantan Timur,KC Balikpapan,NORMAL,411,5761602,SYN-2026-10-08-v3
BU-0428,Koperasi Sentosa Hospitality,Koperasi,K,Jasa Keuangan / Pembiayaan / Asuransi,Kecil,Jawa Tengah,KC Semarang,WORKER_REGISTRATION_GAP,23,7443789,SYN-2026-10-08-v3
BU-0429,Yayasan Bina Hospitality,Yayasan,N,Jasa Penunjang Usaha / Outsourcing / Security,Mikro,Jawa Barat,KC Bandung,NORMAL,8,5088625,SYN-2026-10-08-v3
BU-0430,CV Mitra Tekstil,CV,A,Pertanian / Perkebunan / Kehutanan,Kecil,Jawa Timur,KC Surabaya,NORMAL,23,6540493,SYN-2026-10-08-v3
BU-0431,Koperasi Sejahtera Tekstil,Koperasi,Q,Pelayanan Kesehatan Swasta,Menengah,Jawa Barat,KC Bandung,WORKER_REGISTRATION_GAP,112,9547090,SYN-2026-10-08-v3
BU-0432,CV Sentosa Teknologi,CV,Q,Pelayanan Kesehatan Swasta,Besar,Kalimantan Timur,KC Balikpapan,MULTI_SIGNAL,356,13120600,SYN-2026-10-08-v3
BU-0433,Yayasan Inti Sarana Jaya,Yayasan,K,Jasa Keuangan / Pembiayaan / Asuransi,Kecil,Sumatera Utara,KC Medan,NORMAL,39,5799340,SYN-2026-10-08-v3
BU-0434,PT Mega Hospitality,PT,A,Pertanian / Perkebunan / Kehutanan,Kecil,Riau,KC Pekanbaru,WORKER_REGISTRATION_GAP,21,7456064,SYN-2026-10-08-v3
BU-0435,PT Karya Teknologi,PT,K,Jasa Keuangan / Pembiayaan / Asuransi,Menengah,Kalimantan Timur,KC Balikpapan,NORMAL,171,7340556,SYN-2026-10-08-v3
BU-0436,PT Mega Konstruksi,PT,Q,Pelayanan Kesehatan Swasta,Kecil,Jawa Barat,KC Bandung,NORMAL,12,4068742,SYN-2026-10-08-v3
BU-0437,PT Karya Solusindo,PT,J,Informasi dan Komunikasi / Teknologi,Mikro,Banten,KC Tangerang,NORMAL,4,3826830,SYN-2026-10-08-v3
BU-0438,PT Cipta Tekstil,PT,N,Jasa Penunjang Usaha / Outsourcing / Security,Menengah,Jawa Tengah,KC Semarang,NORMAL,117,8265906,SYN-2026-10-08-v3
BU-0439,PT Inti Sarana Jaya,PT,I,Penyediaan Akomodasi dan F&B,Kecil,Riau,KC Pekanbaru,WORKER_REGISTRATION_GAP,31,5038445,SYN-2026-10-08-v3
BU-0440,CV Mega Distribusindo,CV,H,"Transportasi, Pergudangan & Logistik",Menengah,Jawa Barat,KC Bandung,WORKER_REGISTRATION_GAP,81,4971158,SYN-2026-10-08-v3
BU-0441,PT Mitra Pangan,PT,G,Perdagangan Besar dan Eceran,Menengah,Riau,KC Pekanbaru,NORMAL,125,9546200,SYN-2026-10-08-v3
BU-0442,PT Karya Hospitality,PT,F,Konstruksi & Infrastruktur,Mikro,Kalimantan Timur,KC Balikpapan,WAGE_REPORTING_GAP,4,3370070,SYN-2026-10-08-v3
BU-0443,CV Mitra Sarana Jaya,CV,G,Perdagangan Besar dan Eceran,Menengah,Banten,KC Tangerang,NORMAL,97,6320275,SYN-2026-10-08-v3
BU-0444,Yayasan Cipta Distribusindo,Yayasan,C,Industri Pengolahan / Manufaktur,Menengah,Sumatera Utara,KC Medan,CONTRIBUTION_PAYMENT_GAP,77,5061248,SYN-2026-10-08-v3
BU-0445,PT Cipta Teknologi,PT,K,Jasa Keuangan / Pembiayaan / Asuransi,Mikro,Jawa Timur,KC Surabaya,WAGE_REPORTING_GAP,9,5486529,SYN-2026-10-08-v3
BU-0446,PT Surya Sarana Jaya,PT,N,Jasa Penunjang Usaha / Outsourcing / Security,Kecil,Bali,KC Denpasar,WORKER_REGISTRATION_GAP,48,4004836,SYN-2026-10-08-v3
BU-0447,PT Surya Hospitality,PT,A,Pertanian / Perkebunan / Kehutanan,Kecil,DKI Jakarta,KC Jakarta Pusat,NORMAL,37,6210897,SYN-2026-10-08-v3
BU-0448,PT Daya Konstruksi,PT,N,Jasa Penunjang Usaha / Outsourcing / Security,Menengah,Jawa Barat,KC Bandung,NORMAL,142,7495412,SYN-2026-10-08-v3
BU-0449,Yayasan Sentosa Pangan,Yayasan,N,Jasa Penunjang Usaha / Outsourcing / Security,Kecil,DKI Jakarta,KC Jakarta Pusat,RECURRENCE,45,3601607,SYN-2026-10-08-v3
BU-0450,Yayasan Mandiri Multi Karya,Yayasan,I,Penyediaan Akomodasi dan F&B,Mikro,Sumatera Utara,KC Medan,CONTRIBUTION_PAYMENT_GAP,5,4371781,SYN-2026-10-08-v3
BU-0451,CV Karya Konstruksi,CV,Q,Pelayanan Kesehatan Swasta,Menengah,Kalimantan Timur,KC Balikpapan,CONTRIBUTION_PAYMENT_GAP,193,9505821,SYN-2026-10-08-v3
BU-0452,PT Sejahtera Multi Karya,PT,A,Pertanian / Perkebunan / Kehutanan,Kecil,Jawa Tengah,KC Semarang,NORMAL,27,3594619,SYN-2026-10-08-v3
BU-0453,PT Inti Solusindo,PT,Q,Pelayanan Kesehatan Swasta,Menengah,Jawa Timur,KC Surabaya,NORMAL,118,4704790,SYN-2026-10-08-v3
BU-0454,PT Bina Multi Karya,PT,H,"Transportasi, Pergudangan & Logistik",Menengah,Kalimantan Timur,KC Balikpapan,NORMAL,170,9068358,SYN-2026-10-08-v3
BU-0455,Koperasi Daya Hospitality,Koperasi,H,"Transportasi, Pergudangan & Logistik",Menengah,Riau,KC Pekanbaru,NORMAL,72,9551216,SYN-2026-10-08-v3
BU-0456,Yayasan Karya Konstruksi,Yayasan,N,Jasa Penunjang Usaha / Outsourcing / Security,Kecil,Riau,KC Pekanbaru,WORKER_REGISTRATION_GAP,15,6953771,SYN-2026-10-08-v3
BU-0457,Koperasi Sentosa Pangan,Koperasi,J,Informasi dan Komunikasi / Teknologi,Kecil,Jawa Tengah,KC Semarang,NORMAL,23,5773173,SYN-2026-10-08-v3
BU-0458,PT Prima Hospitality,PT,H,"Transportasi, Pergudangan & Logistik",Kecil,Jawa Timur,KC Surabaya,NORMAL,29,5297359,SYN-2026-10-08-v3
BU-0459,CV Karya Teknologi,CV,Q,Pelayanan Kesehatan Swasta,Mikro,DKI Jakarta,KC Jakarta Pusat,MULTI_SIGNAL,7,3162200,SYN-2026-10-08-v3
BU-0460,PT Sejahtera Solusindo,PT,G,Perdagangan Besar dan Eceran,Besar,DKI Jakarta,KC Jakarta Pusat,NORMAL,497,11060231,SYN-2026-10-08-v3
BU-0461,CV Surya Distribusindo,CV,N,Jasa Penunjang Usaha / Outsourcing / Security,Menengah,Kalimantan Timur,KC Balikpapan,CONTRIBUTION_PAYMENT_GAP,79,5351760,SYN-2026-10-08-v3
BU-0462,PT Cipta Solusindo,PT,G,Perdagangan Besar dan Eceran,Kecil,Riau,KC Pekanbaru,RECURRENCE,10,5059687,SYN-2026-10-08-v3
BU-0463,PT Mega Teknologi,PT,J,Informasi dan Komunikasi / Teknologi,Menengah,Kalimantan Timur,KC Balikpapan,NORMAL,107,5568090,SYN-2026-10-08-v3
BU-0464,PT Mitra Sarana Jaya,PT,C,Industri Pengolahan / Manufaktur,Besar,Sumatera Utara,KC Medan,NORMAL,484,12097931,SYN-2026-10-08-v3
BU-0465,Koperasi Mitra Multi Karya,Koperasi,G,Perdagangan Besar dan Eceran,Besar,Kalimantan Timur,KC Balikpapan,CONTRIBUTION_PAYMENT_GAP,545,7026520,SYN-2026-10-08-v3
BU-0466,CV Cipta Logistik,CV,I,Penyediaan Akomodasi dan F&B,Mikro,Jawa Timur,KC Surabaya,NORMAL,5,4415041,SYN-2026-10-08-v3
BU-0467,PT Mitra Solusindo,PT,Q,Pelayanan Kesehatan Swasta,Menengah,Kalimantan Timur,KC Balikpapan,NORMAL,190,9395454,SYN-2026-10-08-v3
BU-0468,Yayasan Bina Solusindo,Yayasan,F,Konstruksi & Infrastruktur,Kecil,Sulawesi Selatan,KC Makassar,MULTI_SIGNAL,44,4625811,SYN-2026-10-08-v3
BU-0469,PT Cipta Pangan,PT,I,Penyediaan Akomodasi dan F&B,Besar,Jawa Barat,KC Bandung,NORMAL,203,9505908,SYN-2026-10-08-v3
BU-0470,CV Mitra Solusindo,CV,N,Jasa Penunjang Usaha / Outsourcing / Security,Kecil,Kalimantan Timur,KC Balikpapan,NORMAL,37,6811771,SYN-2026-10-08-v3
BU-0471,PT Prima Hospitality,PT,I,Penyediaan Akomodasi dan F&B,Besar,Jawa Timur,KC Surabaya,NORMAL,497,9373783,SYN-2026-10-08-v3
BU-0472,CV Sentosa Teknologi,CV,N,Jasa Penunjang Usaha / Outsourcing / Security,Menengah,Jawa Tengah,KC Semarang,WAGE_REPORTING_GAP,143,6679856,SYN-2026-10-08-v3
BU-0473,CV Makmur Konstruksi,CV,N,Jasa Penunjang Usaha / Outsourcing / Security,Menengah,DKI Jakarta,KC Jakarta Pusat,MULTI_SIGNAL,100,9555263,SYN-2026-10-08-v3
BU-0474,CV Mitra Tekstil,CV,F,Konstruksi & Infrastruktur,Kecil,Riau,KC Pekanbaru,WORKER_REGISTRATION_GAP,18,3502404,SYN-2026-10-08-v3
BU-0475,Yayasan Inti Konstruksi,Yayasan,I,Penyediaan Akomodasi dan F&B,Menengah,Riau,KC Pekanbaru,NORMAL,112,5693827,SYN-2026-10-08-v3
BU-0476,Koperasi Surya Hospitality,Koperasi,F,Konstruksi & Infrastruktur,Kecil,Bali,KC Denpasar,NORMAL,28,4988031,SYN-2026-10-08-v3
BU-0477,PT Mega Plastindo,PT,H,"Transportasi, Pergudangan & Logistik",Kecil,DKI Jakarta,KC Jakarta Pusat,NORMAL,38,5192032,SYN-2026-10-08-v3
BU-0478,Koperasi Karya Plastindo,Koperasi,F,Konstruksi & Infrastruktur,Mikro,Banten,KC Tangerang,NORMAL,7,4384758,SYN-2026-10-08-v3
BU-0479,CV Mitra Konstruksi,CV,J,Informasi dan Komunikasi / Teknologi,Menengah,Sulawesi Selatan,KC Makassar,NORMAL,195,6640335,SYN-2026-10-08-v3
BU-0480,PT Surya Distribusindo,PT,I,Penyediaan Akomodasi dan F&B,Besar,Bali,KC Denpasar,WORKER_REGISTRATION_GAP,771,14692662,SYN-2026-10-08-v3
BU-0481,PT Makmur Hospitality,PT,J,Informasi dan Komunikasi / Teknologi,Mikro,Bali,KC Denpasar,NORMAL,6,4254451,SYN-2026-10-08-v3
BU-0482,CV Mandiri Hospitality,CV,J,Informasi dan Komunikasi / Teknologi,Kecil,Jawa Timur,KC Surabaya,RECURRENCE,28,4520205,SYN-2026-10-08-v3
BU-0483,PT Mitra Konstruksi,PT,J,Informasi dan Komunikasi / Teknologi,Kecil,Kalimantan Timur,KC Balikpapan,NORMAL,16,4621264,SYN-2026-10-08-v3
BU-0484,PT Makmur Teknologi,PT,G,Perdagangan Besar dan Eceran,Kecil,Kalimantan Timur,KC Balikpapan,WORKER_REGISTRATION_GAP,38,5004714,SYN-2026-10-08-v3
BU-0485,Koperasi Nusantara Teknologi,Koperasi,G,Perdagangan Besar dan Eceran,Menengah,Riau,KC Pekanbaru,NORMAL,99,7394788,SYN-2026-10-08-v3
BU-0486,Koperasi Prima Multi Karya,Koperasi,G,Perdagangan Besar dan Eceran,Menengah,DKI Jakarta,KC Jakarta Pusat,WORKER_REGISTRATION_GAP,92,6602188,SYN-2026-10-08-v3
BU-0487,CV Daya Solusindo,CV,A,Pertanian / Perkebunan / Kehutanan,Menengah,Kalimantan Timur,KC Balikpapan,MULTI_SIGNAL,61,6886438,SYN-2026-10-08-v3
BU-0488,Yayasan Karya Sarana Jaya,Yayasan,C,Industri Pengolahan / Manufaktur,Kecil,Kalimantan Timur,KC Balikpapan,NORMAL,47,4395125,SYN-2026-10-08-v3
BU-0489,PT Inti Solusindo,PT,G,Perdagangan Besar dan Eceran,Besar,Jawa Tengah,KC Semarang,NORMAL,463,12472202,SYN-2026-10-08-v3
BU-0490,Yayasan Sentosa Konstruksi,Yayasan,F,Konstruksi & Infrastruktur,Menengah,Kalimantan Timur,KC Balikpapan,WORKER_REGISTRATION_GAP,136,5518704,SYN-2026-10-08-v3
BU-0491,CV Mandiri Konstruksi,CV,N,Jasa Penunjang Usaha / Outsourcing / Security,Kecil,Bali,KC Denpasar,NORMAL,40,6744140,SYN-2026-10-08-v3
BU-0492,Koperasi Prima Sarana Jaya,Koperasi,H,"Transportasi, Pergudangan & Logistik",Menengah,Riau,KC Pekanbaru,WORKER_REGISTRATION_GAP,51,7143839,SYN-2026-10-08-v3
BU-0493,PT Bina Distribusindo,PT,I,Penyediaan Akomodasi dan F&B,Menengah,Jawa Tengah,KC Semarang,NORMAL,154,4690691,SYN-2026-10-08-v3
BU-0494,PT Mandiri Tekstil,PT,I,Penyediaan Akomodasi dan F&B,Besar,Jawa Tengah,KC Semarang,NORMAL,763,14581613,SYN-2026-10-08-v3
BU-0495,PT Bina Logistik,PT,K,Jasa Keuangan / Pembiayaan / Asuransi,Mikro,DKI Jakarta,KC Jakarta Pusat,NORMAL,4,5000586,SYN-2026-10-08-v3
BU-0496,PT Inti Konstruksi,PT,G,Perdagangan Besar dan Eceran,Kecil,Sulawesi Selatan,KC Makassar,NORMAL,25,5210900,SYN-2026-10-08-v3
BU-0497,CV Makmur Multi Karya,CV,I,Penyediaan Akomodasi dan F&B,Kecil,Jawa Tengah,KC Semarang,RECURRENCE,25,6085305,SYN-2026-10-08-v3
BU-0498,PT Inti Sarana Jaya,PT,F,Konstruksi & Infrastruktur,Menengah,Sumatera Utara,KC Medan,NORMAL,133,7948781,SYN-2026-10-08-v3
BU-0499,PT Makmur Distribusindo,PT,G,Perdagangan Besar dan Eceran,Menengah,DKI Jakarta,KC Jakarta Pusat,NORMAL,65,8348253,SYN-2026-10-08-v3
BU-0500,Koperasi Surya Solusindo,Koperasi,Q,Pelayanan Kesehatan Swasta,Besar,Riau,KC Pekanbaru,NORMAL,476,8192043,SYN-2026-10-08-v3
