id_badan_usaha,nama_badan_usaha,bentuk_badan_hukum,kode_kbli,sektor_industri,skala_usaha,provinsi,kantor_cabang_bpjs,kode_kantor_cabang,ump_provinsi_2026,tanggal_registrasi_bpjs,nomor_va_bpjs,nama_pic_hrd,profil_kepatuhan_dasar,baseline_tenaga_kerja,baseline_upah_riil
BU-0001,PT Daya Katering Prima,PT,F,Konstruksi & Infrastruktur,Menengah,Jawa Barat,KC Bandung,0201,2317601,2015-11-24,888889963334018,Doni Kusuma,Nakal_Kombinasi,107,2972000.0
BU-0002,PT Makmur Katering Prima,PT,C,Industri Pengolahan / Manufaktur,Kecil,Jawa Timur,KC Surabaya,0301,2446880,2022-04-23,888887635473142,Ratna Handayani,Patuh_Konsisten,42,3110000.0
BU-0003,PT Nusantara Teknologi,PT,K,"Jasa Keuangan, Pembiayaan dan Asuransi",Menengah,DKI Jakarta,KC Jakarta Pusat,0101,5729876,2016-04-25,888882445662585,Lina Handayani,Rentan_Tunggakan,158,8441000.0
BU-0004,PT Inti Lintas Samudera,PT,F,Konstruksi & Infrastruktur,Besar,Jawa Tengah,KC Semarang,0305,2327386,2021-09-04,888882625792787,Reza Saputra,Patuh_Konsisten,470,5843000.0
BU-0005,Koperasi Inti Duta Abadi,Koperasi,K,"Jasa Keuangan, Pembiayaan dan Asuransi",Kecil,Riau,KC Pekanbaru,0403,3780495,2014-11-08,888888615270538,Lina Utami,Patuh_Konsisten,22,4979000.0
BU-0006,Koperasi Mandiri Hospitality,Koperasi,N,Jasa Penunjang Usaha (Alih Daya / Outsourcing / Security),Kecil,DKI Jakarta,KC Jakarta Pusat,0101,5729876,2019-03-12,888882525876051,Yusuf Kurniawan,Patuh_Konsisten,27,6899000.0
BU-0007,CV Harapan Teknologi,CV,F,Konstruksi & Infrastruktur,Menengah,Banten,KC Tangerang,0205,3100881,2016-08-13,888881240251661,Bambang Utami,Patuh_Konsisten,186,5714000.0
BU-0008,CV Daya Konstruksi,CV,H,"Transportasi, Pergudangan & Logistik",Kecil,DKI Jakarta,KC Jakarta Pusat,0101,5729876,2023-12-11,888887439149233,Maya Pratama,Patuh_Konsisten,23,8084000.0
BU-0009,PT Sejahtera Sarana Jaya,PT,I,Penyediaan Akomodasi dan F&B (Restoran & Hotel),Kecil,Banten,KC Tangerang,0205,3100881,2023-07-19,888887010379415,Ratna Pratama,Rentan_PDS_Upah,44,3468000.0
BU-0010,CV Cipta Logistik,CV,A,"Pertanian, Perkebunan Kelapa Sawit & Kehutanan",Mikro,Banten,KC Tangerang,0205,3100881,2016-11-14,888883561557300,Doni Handayani,Rentan_PDS_TK,4,3314000.0
BU-0011,CV Tri Ritel Modern,CV,K,"Jasa Keuangan, Pembiayaan dan Asuransi",Mikro,Jawa Timur,KC Surabaya,0301,2446880,2014-11-24,888888519962896,Fitri Kusuma,Patuh_Konsisten,8,3395000.0
BU-0012,CV Prima Agro Makmur,CV,I,Penyediaan Akomodasi dan F&B (Restoran & Hotel),Menengah,Sulawesi Selatan,KC Makassar,0601,3921088,2018-09-25,888884919706735,Yusuf Utami,Residivis_Kambuhan,50,8062000.0
BU-0013,CV Makmur Solusindo,CV,A,"Pertanian, Perkebunan Kelapa Sawit & Kehutanan",Menengah,Jawa Barat,KC Bandung,0201,2317601,2022-09-01,888887867414708,Maya Kusuma,Patuh_Konsisten,145,4344000.0
BU-0014,PT Karya Katering Prima,PT,F,Konstruksi & Infrastruktur,Kecil,Banten,KC Tangerang,0205,3100881,2023-02-03,888888438486479,Lina Utami,Patuh_Konsisten,13,3437000.0
BU-0015,Koperasi Sentosa Solusindo,Koperasi,A,"Pertanian, Perkebunan Kelapa Sawit & Kehutanan",Kecil,DKI Jakarta,KC Jakarta Pusat,0101,5729876,2016-05-17,888886633778586,Fitri Handayani,Nakal_Kombinasi,40,8171000.0
BU-0016,CV Mandiri Katering Prima,CV,A,"Pertanian, Perkebunan Kelapa Sawit & Kehutanan",Kecil,Jawa Tengah,KC Semarang,0305,2327386,2014-10-18,888881945826486,Lina Kurniawan,Patuh_Konsisten,24,2394000.0
BU-0017,PT Cipta Logistik,PT,C,Industri Pengolahan / Manufaktur,Besar,Jawa Timur,KC Surabaya,0301,2446880,2017-05-22,888883084839399,Reza Pratama,Patuh_Konsisten,538,3441000.0
BU-0018,CV Wijaya Katering Prima,CV,K,"Jasa Keuangan, Pembiayaan dan Asuransi",Besar,Sumatera Utara,KC Medan,0401,3228949,2017-02-04,888888125276666,Fitri Handayani,Nakal_Kombinasi,684,8109000.0
BU-0019,CV Bina Pangan,CV,J,Informasi dan Komunikasi / Teknologi,Mikro,Jawa Timur,KC Surabaya,0301,2446880,2019-02-08,888881822873088,Reza Handayani,Nakal_Kombinasi,4,2890000.0
BU-0020,CV Prima Ritel Modern,CV,G,Perdagangan Besar dan Eceran,Kecil,DKI Jakarta,KC Jakarta Pusat,0101,5729876,2015-08-26,888883363629219,Bambang Kurniawan,Patuh_Konsisten,39,6374000.0
BU-0021,Koperasi Nusantara Konstruksi,Koperasi,A,"Pertanian, Perkebunan Kelapa Sawit & Kehutanan",Menengah,Jawa Barat,KC Bandung,0201,2317601,2021-08-07,888889008612465,Bambang Pratama,Patuh_Konsisten,110,3031000.0
BU-0022,PT Mitra Ritel Modern,PT,J,Informasi dan Komunikasi / Teknologi,Kecil,Jawa Barat,KC Bandung,0201,2317601,2022-11-23,888883090237817,Ratna Saputra,Patuh_Konsisten,39,2615000.0
BU-0023,PT Sumber Sarana Jaya,PT,N,Jasa Penunjang Usaha (Alih Daya / Outsourcing / Security),Mikro,DKI Jakarta,KC Jakarta Pusat,0101,5729876,2014-01-19,888883281169403,Bambang Hidayat,Rentan_Tunggakan,4,7658000.0
BU-0024,Koperasi Prima Konstruksi,Koperasi,F,Konstruksi & Infrastruktur,Kecil,Bali,KC Denpasar,0701,3207459,2017-07-04,888883446737272,Mega Hidayat,Rentan_PDS_Upah,48,3306000.0
BU-0025,CV Cipta Oto Perkasa,CV,C,Industri Pengolahan / Manufaktur,Menengah,DKI Jakarta,KC Jakarta Pusat,0101,5729876,2019-05-07,888882349409434,Yusuf Handayani,Rentan_Tunggakan,199,9666000.0
BU-0026,Yayasan Harapan Perkasa,Yayasan,G,Perdagangan Besar dan Eceran,Mikro,Jawa Tengah,KC Semarang,0305,2327386,2015-01-15,888881429416213,Reza Pratama,Rentan_PDS_Upah,7,2659000.0
BU-0027,PT Sentosa Farmasi Medika,PT,A,"Pertanian, Perkebunan Kelapa Sawit & Kehutanan",Menengah,Jawa Barat,KC Bandung,0201,2317601,2019-05-06,888883271782991,Reza Saputra,Patuh_Konsisten,67,4601000.0
BU-0028,PT Daya Pangan,PT,F,Konstruksi & Infrastruktur,Mikro,Jawa Timur,KC Surabaya,0301,2446880,2016-05-10,888883597724331,Fitri Pratama,Patuh_Konsisten,4,3264000.0
BU-0029,CV Wijaya Ritel Modern,CV,I,Penyediaan Akomodasi dan F&B (Restoran & Hotel),Menengah,Jawa Barat,KC Bandung,0201,2317601,2020-05-02,888885310195918,Hendra Kurniawan,Patuh_Konsisten,63,2868000.0
BU-0030,PT Adhi Sarana Jaya,PT,I,Penyediaan Akomodasi dan F&B (Restoran & Hotel),Kecil,Jawa Timur,KC Surabaya,0301,2446880,2015-02-23,888884882343658,Reza Kusuma,Rentan_Tunggakan,37,3064000.0
BU-0031,CV Garuda Solusindo,CV,H,"Transportasi, Pergudangan & Logistik",Menengah,DKI Jakarta,KC Jakarta Pusat,0101,5729876,2018-06-26,888882536778950,Ratna Kurniawan,Rentan_PDS_Upah,160,7283000.0
BU-0032,PT Garuda Oto Perkasa,PT,F,Konstruksi & Infrastruktur,Kecil,Jawa Timur,KC Surabaya,0301,2446880,2017-03-26,888884482238042,Doni Kusuma,Rentan_PDS_Upah,49,3272000.0
BU-0033,Yayasan Mega Oto Perkasa,Yayasan,G,Perdagangan Besar dan Eceran,Mikro,Jawa Timur,KC Surabaya,0301,2446880,2017-05-06,888885759234471,Bambang Utami,Patuh_Konsisten,9,3398000.0
BU-0034,PT Makmur Agro Makmur,PT,Q,Aktivitas Pelayanan Kesehatan & Rumah Sakit Swasta,Menengah,DKI Jakarta,KC Jakarta Pusat,0101,5729876,2017-04-01,888883834820954,Doni Saputra,Patuh_Konsisten,139,8251000.0
BU-0035,Koperasi Cipta Ritel Modern,Koperasi,I,Penyediaan Akomodasi dan F&B (Restoran & Hotel),Besar,Jawa Barat,KC Bandung,0201,2317601,2020-11-27,888887597996327,Bambang Kusuma,Patuh_Konsisten,559,5243000.0
BU-0036,PT Sumber Ritel Modern,PT,I,Penyediaan Akomodasi dan F&B (Restoran & Hotel),Menengah,Jawa Barat,KC Bandung,0201,2317601,2020-06-24,888888672650595,Doni Hidayat,Patuh_Konsisten,59,2904000.0
BU-0037,PT Mitra Duta Abadi,PT,A,"Pertanian, Perkebunan Kelapa Sawit & Kehutanan",Kecil,Jawa Barat,KC Bandung,0201,2317601,2020-01-17,888883880327491,Fitri Handayani,Patuh_Konsisten,22,2583000.0
BU-0038,Yayasan Mega Lintas Samudera,Yayasan,F,Konstruksi & Infrastruktur,Menengah,DKI Jakarta,KC Jakarta Pusat,0101,5729876,2015-12-10,888887473041886,Doni Saputra,Nakal_Kombinasi,130,10200000.0
BU-0039,Yayasan Karya Sarana Jaya,Yayasan,J,Informasi dan Komunikasi / Teknologi,Menengah,Jawa Timur,KC Surabaya,0301,2446880,2024-07-22,888887739255769,Doni Hidayat,Rentan_Tunggakan,82,3260000.0
BU-0040,PT Karya Garda Utama,PT,C,Industri Pengolahan / Manufaktur,Kecil,DKI Jakarta,KC Jakarta Pusat,0101,5729876,2023-11-11,888887292076361,Maya Kurniawan,Rentan_Tunggakan,37,7756000.0
BU-0041,CV Wijaya Teknologi,CV,N,Jasa Penunjang Usaha (Alih Daya / Outsourcing / Security),Kecil,Sumatera Utara,KC Medan,0401,3228949,2024-11-20,888882439622619,Ratna Kurniawan,Rentan_Tunggakan,15,3641000.0
BU-0042,PT Makmur Solusindo,PT,I,Penyediaan Akomodasi dan F&B (Restoran & Hotel),Kecil,DKI Jakarta,KC Jakarta Pusat,0101,5729876,2021-10-28,888884300636585,Maya Handayani,Patuh_Konsisten,11,5849000.0
BU-0043,PT Mitra Distribusindo,PT,K,"Jasa Keuangan, Pembiayaan dan Asuransi",Mikro,Sumatera Utara,KC Medan,0401,3228949,2024-12-01,888884803044105,Doni Pratama,Rentan_Tunggakan,7,3583000.0
BU-0044,Koperasi Tri Agro Makmur,Koperasi,G,Perdagangan Besar dan Eceran,Kecil,Banten,KC Tangerang,0205,3100881,2015-08-05,888888737025391,Reza Hidayat,Patuh_Konsisten,13,3879000.0
BU-0045,PT Adhi Lintas Samudera,PT,K,"Jasa Keuangan, Pembiayaan dan Asuransi",Besar,DKI Jakarta,KC Jakarta Pusat,0101,5729876,2022-08-06,888887333678472,Yusuf Utami,Patuh_Konsisten,716,11117000.0
BU-0046,Koperasi Harapan Ritel Modern,Koperasi,N,Jasa Penunjang Usaha (Alih Daya / Outsourcing / Security),Menengah,Jawa Barat,KC Bandung,0201,2317601,2017-05-15,888889922723063,Yusuf Pratama,Patuh_Konsisten,183,3732000.0
BU-0047,PT Mega Sarana Jaya,PT,I,Penyediaan Akomodasi dan F&B (Restoran & Hotel),Besar,Jawa Barat,KC Bandung,0201,2317601,2017-07-23,888881918920620,Doni Handayani,Residivis_Kambuhan,282,3494000.0
BU-0048,CV Adhi Oto Perkasa,CV,H,"Transportasi, Pergudangan & Logistik",Kecil,Jawa Barat,KC Bandung,0201,2317601,2020-07-25,888883987248494,Mega Handayani,Patuh_Konsisten,13,2533000.0
BU-0049,PT Inti Perkasa,PT,Q,Aktivitas Pelayanan Kesehatan & Rumah Sakit Swasta,Menengah,Jawa Barat,KC Bandung,0201,2317601,2020-09-24,888884856070374,Maya Pratama,Patuh_Konsisten,149,4544000.0
BU-0050,CV Wijaya Tekstil,CV,I,Penyediaan Akomodasi dan F&B (Restoran & Hotel),Kecil,Banten,KC Tangerang,0205,3100881,2024-07-24,888881116402431,Doni Pratama,Patuh_Konsisten,34,3570000.0
BU-0051,PT Bina Ritel Modern,PT,Q,Aktivitas Pelayanan Kesehatan & Rumah Sakit Swasta,Mikro,Kalimantan Timur,KC Balikpapan,0501,3762431,2021-06-11,888886923301988,Doni Saputra,Patuh_Konsisten,7,4317000.0
BU-0052,CV Nusantara Sarana Jaya,CV,F,Konstruksi & Infrastruktur,Kecil,Banten,KC Tangerang,0205,3100881,2019-04-21,888882062073697,Bambang Hidayat,Residivis_Kambuhan,13,4496000.0
BU-0053,PT Sentosa Distribusindo,PT,G,Perdagangan Besar dan Eceran,Kecil,Jawa Tengah,KC Semarang,0305,2327386,2017-08-23,888882584392711,Mega Hidayat,Rentan_PDS_Upah,17,2918000.0
BU-0054,Koperasi Prima Perkasa,Koperasi,F,Konstruksi & Infrastruktur,Menengah,Jawa Tengah,KC Semarang,0305,2327386,2018-10-22,888886906898409,Ratna Kusuma,Patuh_Konsisten,77,3956000.0
BU-0055,Yayasan Harapan Katering Prima,Yayasan,K,"Jasa Keuangan, Pembiayaan dan Asuransi",Mikro,Jawa Timur,KC Surabaya,0301,2446880,2018-11-20,888884459716271,Mega Utami,Rentan_PDS_TK,4,3215000.0
BU-0056,PT Garuda Oto Perkasa,PT,C,Industri Pengolahan / Manufaktur,Kecil,Riau,KC Pekanbaru,0403,3780495,2024-06-01,888888943866829,Maya Kusuma,Patuh_Konsisten,33,3898000.0
BU-0057,PT Harapan Agro Makmur,PT,J,Informasi dan Komunikasi / Teknologi,Menengah,DKI Jakarta,KC Jakarta Pusat,0101,5729876,2022-11-09,888888622026979,Maya Handayani,Rentan_PDS_TK,89,8960000.0
BU-0058,PT Mega Katering Prima,PT,K,"Jasa Keuangan, Pembiayaan dan Asuransi",Kecil,DKI Jakarta,KC Jakarta Pusat,0101,5729876,2021-04-25,888886922713963,Bambang Handayani,Patuh_Konsisten,15,6449000.0
BU-0059,PT Wijaya Garda Utama,PT,H,"Transportasi, Pergudangan & Logistik",Menengah,Jawa Timur,KC Surabaya,0301,2446880,2019-05-20,888889633533290,Ratna Kusuma,Patuh_Konsisten,140,4669000.0
BU-0060,Yayasan Surya Distribusindo,Yayasan,N,Jasa Penunjang Usaha (Alih Daya / Outsourcing / Security),Mikro,Jawa Barat,KC Bandung,0201,2317601,2021-11-23,888887403028869,Bambang Kusuma,Nakal_Kombinasi,8,3108000.0
BU-0061,PT Mitra Katering Prima,PT,I,Penyediaan Akomodasi dan F&B (Restoran & Hotel),Besar,Jawa Barat,KC Bandung,0201,2317601,2019-08-18,888887575259637,Doni Kurniawan,Patuh_Konsisten,513,5321000.0
BU-0062,PT Inti Agro Makmur,PT,A,"Pertanian, Perkebunan Kelapa Sawit & Kehutanan",Menengah,Riau,KC Pekanbaru,0403,3780495,2017-02-24,888886122110529,Lina Kurniawan,Patuh_Konsisten,119,5449000.0
BU-0063,Koperasi Prima Garda Utama,Koperasi,A,"Pertanian, Perkebunan Kelapa Sawit & Kehutanan",Kecil,Sumatera Utara,KC Medan,0401,3228949,2018-12-19,888886128695961,Ratna Saputra,Rentan_PDS_TK,23,4302000.0
BU-0064,PT Nusantara Sarana Jaya,PT,G,Perdagangan Besar dan Eceran,Besar,Jawa Barat,KC Bandung,0201,2317601,2014-09-10,888883108307952,Bambang Hidayat,Patuh_Konsisten,329,3966000.0
BU-0065,CV Wijaya Agro Makmur,CV,I,Penyediaan Akomodasi dan F&B (Restoran & Hotel),Kecil,Kalimantan Timur,KC Balikpapan,0501,3762431,2014-05-28,888883051831252,Lina Handayani,Rentan_PDS_TK,31,4075000.0
BU-0066,PT Sumber Logistik,PT,Q,Aktivitas Pelayanan Kesehatan & Rumah Sakit Swasta,Besar,Jawa Barat,KC Bandung,0201,2317601,2023-05-03,888885268845844,Lina Hidayat,Rentan_PDS_Upah,355,3532000.0
BU-0067,CV Sinar Lintas Samudera,CV,J,Informasi dan Komunikasi / Teknologi,Menengah,Kalimantan Timur,KC Balikpapan,0501,3762431,2020-08-15,888887136777415,Mega Hidayat,Rentan_PDS_Upah,107,7099000.0
BU-0068,CV Mandiri Garda Utama,CV,C,Industri Pengolahan / Manufaktur,Besar,DKI Jakarta,KC Jakarta Pusat,0101,5729876,2024-02-06,888882030213097,Reza Kusuma,Patuh_Konsisten,840,9263000.0
BU-0069,PT Surya Agro Makmur,PT,G,Perdagangan Besar dan Eceran,Mikro,Jawa Timur,KC Surabaya,0301,2446880,2018-01-08,888888986950095,Lina Kurniawan,Patuh_Konsisten,9,3101000.0
BU-0070,PT Harapan Duta Abadi,PT,N,Jasa Penunjang Usaha (Alih Daya / Outsourcing / Security),Kecil,Jawa Tengah,KC Semarang,0305,2327386,2022-04-21,888881610900200,Bambang Pratama,Patuh_Konsisten,22,2773000.0
BU-0071,CV Sumber Perkasa,CV,I,Penyediaan Akomodasi dan F&B (Restoran & Hotel),Menengah,Jawa Timur,KC Surabaya,0301,2446880,2018-12-13,888889343730920,Reza Hidayat,Rentan_PDS_Upah,162,3103000.0
BU-0072,CV Cipta Lintas Samudera,CV,Q,Aktivitas Pelayanan Kesehatan & Rumah Sakit Swasta,Kecil,Jawa Barat,KC Bandung,0201,2317601,2019-10-09,888881111088881,Ratna Kurniawan,Rentan_PDS_Upah,12,3245000.0
BU-0073,CV Nusantara Ritel Modern,CV,K,"Jasa Keuangan, Pembiayaan dan Asuransi",Menengah,Jawa Barat,KC Bandung,0201,2317601,2016-08-17,888888093179263,Yusuf Pratama,Rentan_PDS_Upah,197,2754000.0
BU-0074,CV Harapan Distribusindo,CV,K,"Jasa Keuangan, Pembiayaan dan Asuransi",Menengah,Riau,KC Pekanbaru,0403,3780495,2020-06-11,888883878201524,Hendra Saputra,Rentan_PDS_TK,73,6036000.0
BU-0075,Yayasan Wijaya Perkasa,Yayasan,J,Informasi dan Komunikasi / Teknologi,Kecil,DKI Jakarta,KC Jakarta Pusat,0101,5729876,2022-01-15,888885673181221,Yusuf Saputra,Patuh_Konsisten,35,7828000.0
BU-0076,Koperasi Mitra Multi Karya,Koperasi,F,Konstruksi & Infrastruktur,Kecil,Jawa Barat,KC Bandung,0201,2317601,2022-08-14,888881232804774,Reza Saputra,Residivis_Kambuhan,10,3003000.0
BU-0077,Koperasi Wijaya Agro Makmur,Koperasi,K,"Jasa Keuangan, Pembiayaan dan Asuransi",Menengah,Kalimantan Timur,KC Balikpapan,0501,3762431,2022-03-10,888888293928340,Lina Kusuma,Rentan_PDS_TK,63,5054000.0
BU-0078,Koperasi Sejahtera Teknologi,Koperasi,K,"Jasa Keuangan, Pembiayaan dan Asuransi",Kecil,Banten,KC Tangerang,0205,3100881,2022-07-03,888885782279101,Lina Kurniawan,Rentan_PDS_TK,29,3870000.0
BU-0079,CV Karya Multi Karya,CV,G,Perdagangan Besar dan Eceran,Kecil,DKI Jakarta,KC Jakarta Pusat,0101,5729876,2021-08-08,888885916199809,Ratna Hidayat,Rentan_PDS_Upah,27,6801000.0
BU-0080,Yayasan Sentosa Konstruksi,Yayasan,A,"Pertanian, Perkebunan Kelapa Sawit & Kehutanan",Kecil,DKI Jakarta,KC Jakarta Pusat,0101,5729876,2020-06-26,888887475684019,Bambang Saputra,Rentan_PDS_TK,27,7722000.0
BU-0081,Koperasi Sumber Duta Abadi,Koperasi,I,Penyediaan Akomodasi dan F&B (Restoran & Hotel),Besar,Sulawesi Selatan,KC Makassar,0601,3921088,2021-09-16,888886777263354,Reza Utami,Nakal_Kombinasi,701,10187000.0
BU-0082,CV Adhi Plastindo,CV,A,"Pertanian, Perkebunan Kelapa Sawit & Kehutanan",Besar,Jawa Barat,KC Bandung,0201,2317601,2017-10-13,888888625905455,Bambang Saputra,Patuh_Konsisten,393,6422000.0
BU-0083,Yayasan Mitra Hospitality,Yayasan,Q,Aktivitas Pelayanan Kesehatan & Rumah Sakit Swasta,Besar,Banten,KC Tangerang,0205,3100881,2014-03-17,888888924383984,Lina Hidayat,Residivis_Kambuhan,355,6335000.0
BU-0084,PT Sentosa Oto Perkasa,PT,Q,Aktivitas Pelayanan Kesehatan & Rumah Sakit Swasta,Kecil,Riau,KC Pekanbaru,0403,3780495,2018-06-20,888888270110908,Lina Utami,Patuh_Konsisten,19,3908000.0
BU-0085,Koperasi Bumi Sarana Jaya,Koperasi,H,"Transportasi, Pergudangan & Logistik",Kecil,Riau,KC Pekanbaru,0403,3780495,2024-12-25,888883323646093,Mega Kusuma,Patuh_Konsisten,34,5404000.0
BU-0086,Yayasan Bumi Perkasa,Yayasan,N,Jasa Penunjang Usaha (Alih Daya / Outsourcing / Security),Menengah,Jawa Timur,KC Surabaya,0301,2446880,2020-02-25,888884747699292,Maya Pratama,Nakal_Kombinasi,108,4550000.0
BU-0087,PT Bina Plastindo,PT,I,Penyediaan Akomodasi dan F&B (Restoran & Hotel),Menengah,Jawa Timur,KC Surabaya,0301,2446880,2019-07-05,888881773338452,Hendra Kusuma,Patuh_Konsisten,64,3496000.0
BU-0088,Koperasi Mitra Lintas Samudera,Koperasi,K,"Jasa Keuangan, Pembiayaan dan Asuransi",Kecil,Bali,KC Denpasar,0701,3207459,2023-03-08,888886385791669,Yusuf Kurniawan,Patuh_Konsisten,25,3926000.0
BU-0089,Koperasi Adhi Perkasa,Koperasi,C,Industri Pengolahan / Manufaktur,Menengah,Riau,KC Pekanbaru,0403,3780495,2021-06-19,888889426850694,Yusuf Handayani,Rentan_PDS_Upah,189,4915000.0
BU-0090,PT Mitra Distribusindo,PT,I,Penyediaan Akomodasi dan F&B (Restoran & Hotel),Kecil,Jawa Tengah,KC Semarang,0305,2327386,2023-06-19,888888298348088,Bambang Utami,Patuh_Konsisten,16,2576000.0
BU-0091,PT Nusantara Duta Abadi,PT,J,Informasi dan Komunikasi / Teknologi,Menengah,Sumatera Utara,KC Medan,0401,3228949,2021-05-25,888884431078106,Mega Utami,Rentan_Tunggakan,62,6507000.0
BU-0092,PT Harapan Garda Utama,PT,H,"Transportasi, Pergudangan & Logistik",Kecil,Kalimantan Timur,KC Balikpapan,0501,3762431,2024-11-27,888885464285982,Maya Kusuma,Patuh_Konsisten,49,4187000.0
BU-0093,PT Sentosa Konstruksi,PT,K,"Jasa Keuangan, Pembiayaan dan Asuransi",Menengah,Sumatera Utara,KC Medan,0401,3228949,2020-03-07,888889467483275,Reza Hidayat,Rentan_PDS_TK,125,4716000.0
BU-0094,Koperasi Prima Ritel Modern,Koperasi,I,Penyediaan Akomodasi dan F&B (Restoran & Hotel),Kecil,Sumatera Utara,KC Medan,0401,3228949,2018-12-28,888885789617427,Lina Pratama,Rentan_Tunggakan,40,4635000.0
BU-0095,Koperasi Bumi Hospitality,Koperasi,N,Jasa Penunjang Usaha (Alih Daya / Outsourcing / Security),Menengah,Jawa Barat,KC Bandung,0201,2317601,2020-01-09,888883304560537,Maya Saputra,Patuh_Konsisten,192,3471000.0
BU-0096,CV Mitra Farmasi Medika,CV,I,Penyediaan Akomodasi dan F&B (Restoran & Hotel),Kecil,DKI Jakarta,KC Jakarta Pusat,0101,5729876,2021-01-20,888887706193636,Mega Pratama,Patuh_Konsisten,16,7470000.0
BU-0097,Yayasan Adhi Perkasa,Yayasan,F,Konstruksi & Infrastruktur,Mikro,Jawa Barat,KC Bandung,0201,2317601,2016-01-02,888883115806625,Lina Pratama,Rentan_PDS_TK,9,2743000.0
BU-0098,PT Mitra Agro Makmur,PT,A,"Pertanian, Perkebunan Kelapa Sawit & Kehutanan",Kecil,DKI Jakarta,KC Jakarta Pusat,0101,5729876,2022-07-19,888889381721143,Bambang Kurniawan,Rentan_Tunggakan,33,7459000.0
BU-0099,PT Adhi Agro Makmur,PT,H,"Transportasi, Pergudangan & Logistik",Menengah,DKI Jakarta,KC Jakarta Pusat,0101,5729876,2015-11-12,888882540492440,Doni Saputra,Rentan_PDS_TK,110,11246000.0
BU-0100,PT Adhi Konstruksi,PT,N,Jasa Penunjang Usaha (Alih Daya / Outsourcing / Security),Mikro,DKI Jakarta,KC Jakarta Pusat,0101,5729876,2024-10-01,888882432410914,Hendra Utami,Rentan_PDS_TK,9,6277000.0
BU-0101,PT Cipta Sarana Jaya,PT,K,"Jasa Keuangan, Pembiayaan dan Asuransi",Kecil,DKI Jakarta,KC Jakarta Pusat,0101,5729876,2017-06-25,888885307145891,Hendra Pratama,Rentan_PDS_TK,23,7242000.0
BU-0102,PT Prima Pangan,PT,A,"Pertanian, Perkebunan Kelapa Sawit & Kehutanan",Besar,Jawa Timur,KC Surabaya,0301,2446880,2019-04-19,888882390587865,Hendra Saputra,Rentan_PDS_Upah,226,3665000.0
BU-0103,PT Surya Multi Karya,PT,C,Industri Pengolahan / Manufaktur,Menengah,Banten,KC Tangerang,0205,3100881,2021-08-25,888883549776132,Maya Hidayat,Patuh_Konsisten,79,5763000.0
BU-0104,CV Bina Multi Karya,CV,N,Jasa Penunjang Usaha (Alih Daya / Outsourcing / Security),Mikro,Jawa Barat,KC Bandung,0201,2317601,2014-01-16,888888934086843,Doni Kurniawan,Patuh_Konsisten,6,2795000.0
BU-0105,CV Adhi Konstruksi,CV,F,Konstruksi & Infrastruktur,Menengah,DKI Jakarta,KC Jakarta Pusat,0101,5729876,2016-02-05,888886691628146,Mega Hidayat,Residivis_Kambuhan,70,8343000.0
BU-0106,CV Tri Lintas Samudera,CV,I,Penyediaan Akomodasi dan F&B (Restoran & Hotel),Kecil,Jawa Tengah,KC Semarang,0305,2327386,2015-11-21,888884717261214,Doni Handayani,Patuh_Konsisten,37,2431000.0
BU-0107,CV Mega Agro Makmur,CV,N,Jasa Penunjang Usaha (Alih Daya / Outsourcing / Security),Kecil,DKI Jakarta,KC Jakarta Pusat,0101,5729876,2015-06-14,888886389710636,Hendra Kurniawan,Patuh_Konsisten,35,6802000.0
BU-0108,PT Cipta Konstruksi,PT,Q,Aktivitas Pelayanan Kesehatan & Rumah Sakit Swasta,Kecil,Jawa Tengah,KC Semarang,0305,2327386,2019-03-18,888889847550931,Reza Hidayat,Rentan_PDS_TK,15,2780000.0
BU-0109,Yayasan Mandiri Oto Perkasa,Yayasan,H,"Transportasi, Pergudangan & Logistik",Menengah,Sulawesi Selatan,KC Makassar,0601,3921088,2020-12-02,888889454207717,Mega Saputra,Rentan_PDS_Upah,140,7763000.0
BU-0110,PT Sumber Multi Karya,PT,H,"Transportasi, Pergudangan & Logistik",Kecil,Jawa Timur,KC Surabaya,0301,2446880,2021-04-28,888885759761714,Reza Saputra,Patuh_Konsisten,23,2617000.0
BU-0111,Koperasi Daya Duta Abadi,Koperasi,F,Konstruksi & Infrastruktur,Mikro,Jawa Barat,KC Bandung,0201,2317601,2022-10-20,888883391179068,Mega Kurniawan,Rentan_PDS_Upah,5,3159000.0
BU-0112,PT Prima Ritel Modern,PT,I,Penyediaan Akomodasi dan F&B (Restoran & Hotel),Mikro,DKI Jakarta,KC Jakarta Pusat,0101,5729876,2019-06-01,888888118240999,Lina Pratama,Patuh_Konsisten,9,7696000.0
BU-0113,PT Tri Garda Utama,PT,C,Industri Pengolahan / Manufaktur,Kecil,Riau,KC Pekanbaru,0403,3780495,2019-03-12,888883560761628,Bambang Pratama,Rentan_PDS_Upah,34,4495000.0
BU-0114,Koperasi Sinar Logistik,Koperasi,G,Perdagangan Besar dan Eceran,Kecil,DKI Jakarta,KC Jakarta Pusat,0101,5729876,2024-07-16,888887902338893,Doni Saputra,Patuh_Konsisten,15,6431000.0
BU-0115,Koperasi Tri Pangan,Koperasi,N,Jasa Penunjang Usaha (Alih Daya / Outsourcing / Security),Kecil,DKI Jakarta,KC Jakarta Pusat,0101,5729876,2018-11-22,888887842459488,Reza Kurniawan,Patuh_Konsisten,32,6838000.0
BU-0116,PT Sejahtera Hospitality,PT,I,Penyediaan Akomodasi dan F&B (Restoran & Hotel),Mikro,Jawa Timur,KC Surabaya,0301,2446880,2017-05-07,888884295741120,Yusuf Saputra,Rentan_PDS_TK,8,2507000.0
BU-0117,PT Nusantara Distribusindo,PT,H,"Transportasi, Pergudangan & Logistik",Kecil,Jawa Barat,KC Bandung,0201,2317601,2020-09-23,888882521136431,Doni Utami,Rentan_PDS_TK,37,2501000.0
BU-0118,CV Nusantara Agro Makmur,CV,C,Industri Pengolahan / Manufaktur,Kecil,Riau,KC Pekanbaru,0403,3780495,2023-07-19,888888044354825,Yusuf Kusuma,Rentan_PDS_TK,14,5247000.0
BU-0119,PT Mega Teknologi,PT,J,Informasi dan Komunikasi / Teknologi,Mikro,DKI Jakarta,KC Jakarta Pusat,0101,5729876,2019-02-14,888884627032705,Ratna Handayani,Rentan_PDS_TK,8,6916000.0
BU-0120,CV Tri Konstruksi,CV,K,"Jasa Keuangan, Pembiayaan dan Asuransi",Menengah,Jawa Timur,KC Surabaya,0301,2446880,2019-04-11,888884346285771,Lina Hidayat,Nakal_Kombinasi,151,4837000.0
BU-0121,CV Tri Garda Utama,CV,F,Konstruksi & Infrastruktur,Kecil,Jawa Barat,KC Bandung,0201,2317601,2024-03-08,888881441542090,Yusuf Pratama,Rentan_PDS_TK,32,2684000.0
BU-0122,CV Sentosa Konstruksi,CV,G,Perdagangan Besar dan Eceran,Kecil,Jawa Timur,KC Surabaya,0301,2446880,2024-08-15,888887977267911,Fitri Pratama,Nakal_Kombinasi,21,3494000.0
BU-0123,PT Wijaya Agro Makmur,PT,Q,Aktivitas Pelayanan Kesehatan & Rumah Sakit Swasta,Kecil,Sulawesi Selatan,KC Makassar,0601,3921088,2023-01-12,888883178995337,Yusuf Handayani,Nakal_Kombinasi,29,5326000.0
BU-0124,PT Bina Farmasi Medika,PT,Q,Aktivitas Pelayanan Kesehatan & Rumah Sakit Swasta,Mikro,DKI Jakarta,KC Jakarta Pusat,0101,5729876,2015-10-20,888887472806994,Maya Hidayat,Patuh_Konsisten,6,5928000.0
BU-0125,Koperasi Bina Agro Makmur,Koperasi,A,"Pertanian, Perkebunan Kelapa Sawit & Kehutanan",Mikro,DKI Jakarta,KC Jakarta Pusat,0101,5729876,2019-10-16,888883153356179,Bambang Handayani,Rentan_PDS_Upah,8,7411000.0
BU-0126,Koperasi Mega Konstruksi,Koperasi,F,Konstruksi & Infrastruktur,Mikro,Jawa Barat,KC Bandung,0201,2317601,2014-04-23,888885976777081,Fitri Saputra,Rentan_Tunggakan,8,2991000.0
BU-0127,CV Mega Lintas Samudera,CV,J,Informasi dan Komunikasi / Teknologi,Mikro,Sumatera Utara,KC Medan,0401,3228949,2024-06-03,888882416011033,Reza Kurniawan,Patuh_Konsisten,4,4376000.0
BU-0128,PT Daya Lintas Samudera,PT,J,Informasi dan Komunikasi / Teknologi,Besar,Jawa Tengah,KC Semarang,0305,2327386,2023-11-05,888889232363331,Yusuf Kurniawan,Rentan_PDS_TK,353,4189000.0
BU-0129,PT Sinar Konstruksi,PT,J,Informasi dan Komunikasi / Teknologi,Kecil,Jawa Tengah,KC Semarang,0305,2327386,2024-06-27,888889991312028,Doni Hidayat,Rentan_Tunggakan,29,2913000.0
BU-0130,PT Inti Perkasa,PT,H,"Transportasi, Pergudangan & Logistik",Menengah,DKI Jakarta,KC Jakarta Pusat,0101,5729876,2019-08-07,888881590838716,Lina Saputra,Rentan_PDS_Upah,96,11767000.0
BU-0131,CV Garuda Multi Karya,CV,F,Konstruksi & Infrastruktur,Kecil,Bali,KC Denpasar,0701,3207459,2023-03-20,888882617999521,Hendra Pratama,Patuh_Konsisten,12,4163000.0
BU-0132,Koperasi Prima Agro Makmur,Koperasi,K,"Jasa Keuangan, Pembiayaan dan Asuransi",Besar,Sumatera Utara,KC Medan,0401,3228949,2024-12-08,888889459318641,Mega Saputra,Patuh_Konsisten,244,6188000.0
BU-0133,PT Garuda Katering Prima,PT,Q,Aktivitas Pelayanan Kesehatan & Rumah Sakit Swasta,Menengah,Riau,KC Pekanbaru,0403,3780495,2021-04-12,888887187318744,Yusuf Utami,Patuh_Konsisten,129,7815000.0
BU-0134,CV Tri Oto Perkasa,CV,J,Informasi dan Komunikasi / Teknologi,Besar,Jawa Tengah,KC Semarang,0305,2327386,2023-03-28,888882073755632,Maya Utami,Patuh_Konsisten,365,5877000.0
BU-0135,CV Mandiri Multi Karya,CV,H,"Transportasi, Pergudangan & Logistik",Kecil,Banten,KC Tangerang,0205,3100881,2016-05-15,888882878930355,Ratna Utami,Rentan_Tunggakan,17,3499000.0
BU-0136,PT Nusantara Oto Perkasa,PT,Q,Aktivitas Pelayanan Kesehatan & Rumah Sakit Swasta,Mikro,Kalimantan Timur,KC Balikpapan,0501,3762431,2019-04-13,888885271453859,Fitri Pratama,Patuh_Konsisten,4,4434000.0
BU-0137,PT Mandiri Plastindo,PT,C,Industri Pengolahan / Manufaktur,Kecil,Kalimantan Timur,KC Balikpapan,0501,3762431,2018-08-23,888884569592370,Maya Handayani,Patuh_Konsisten,19,3995000.0
BU-0138,PT Cipta Tekstil,PT,K,"Jasa Keuangan, Pembiayaan dan Asuransi",Menengah,Sulawesi Selatan,KC Makassar,0601,3921088,2016-09-24,888882817865363,Yusuf Pratama,Nakal_Kombinasi,115,5313000.0
BU-0139,PT Bina Katering Prima,PT,I,Penyediaan Akomodasi dan F&B (Restoran & Hotel),Kecil,Jawa Timur,KC Surabaya,0301,2446880,2023-08-03,888889182543558,Mega Hidayat,Patuh_Konsisten,36,3150000.0
BU-0140,Yayasan Tri Duta Abadi,Yayasan,C,Industri Pengolahan / Manufaktur,Menengah,Jawa Barat,KC Bandung,0201,2317601,2018-07-01,888887935554354,Ratna Hidayat,Rentan_PDS_TK,111,4247000.0
BU-0141,PT Bumi Konstruksi,PT,J,Informasi dan Komunikasi / Teknologi,Mikro,Sumatera Utara,KC Medan,0401,3228949,2015-09-18,888883380064537,Doni Utami,Rentan_PDS_Upah,8,4645000.0
BU-0142,PT Harapan Hospitality,PT,Q,Aktivitas Pelayanan Kesehatan & Rumah Sakit Swasta,Kecil,Banten,KC Tangerang,0205,3100881,2014-06-26,888885585133383,Ratna Kurniawan,Patuh_Konsisten,33,3455000.0
BU-0143,Koperasi Sumber Plastindo,Koperasi,F,Konstruksi & Infrastruktur,Kecil,Banten,KC Tangerang,0205,3100881,2022-06-27,888883760786161,Maya Kurniawan,Rentan_Tunggakan,18,3163000.0
BU-0144,Yayasan Prima Solusindo,Yayasan,Q,Aktivitas Pelayanan Kesehatan & Rumah Sakit Swasta,Menengah,DKI Jakarta,KC Jakarta Pusat,0101,5729876,2021-01-10,888881865826728,Ratna Kusuma,Patuh_Konsisten,66,10487000.0
BU-0145,PT Tri Hospitality,PT,H,"Transportasi, Pergudangan & Logistik",Mikro,Jawa Timur,KC Surabaya,0301,2446880,2014-11-07,888886523804237,Bambang Utami,Patuh_Konsisten,8,2968000.0
BU-0146,PT Mandiri Farmasi Medika,PT,H,"Transportasi, Pergudangan & Logistik",Menengah,Jawa Tengah,KC Semarang,0305,2327386,2021-07-11,888885182110973,Maya Kurniawan,Patuh_Konsisten,161,4643000.0
BU-0147,PT Tri Ritel Modern,PT,Q,Aktivitas Pelayanan Kesehatan & Rumah Sakit Swasta,Mikro,Jawa Tengah,KC Semarang,0305,2327386,2015-07-20,888886556684476,Lina Kusuma,Patuh_Konsisten,4,3089000.0
BU-0148,Yayasan Karya Perkasa,Yayasan,H,"Transportasi, Pergudangan & Logistik",Kecil,Bali,KC Denpasar,0701,3207459,2020-03-23,888887201539282,Maya Kusuma,Patuh_Konsisten,38,4077000.0
BU-0149,CV Surya Ritel Modern,CV,H,"Transportasi, Pergudangan & Logistik",Besar,Sumatera Utara,KC Medan,0401,3228949,2024-07-12,888881133747952,Mega Kurniawan,Nakal_Kombinasi,258,4561000.0
BU-0150,PT Sentosa Konstruksi,PT,Q,Aktivitas Pelayanan Kesehatan & Rumah Sakit Swasta,Mikro,Jawa Tengah,KC Semarang,0305,2327386,2019-06-13,888889729028480,Hendra Kurniawan,Patuh_Konsisten,5,3143000.0
BU-0151,PT Inti Agro Makmur,PT,Q,Aktivitas Pelayanan Kesehatan & Rumah Sakit Swasta,Kecil,Sumatera Utara,KC Medan,0401,3228949,2022-06-13,888882196963451,Lina Kusuma,Rentan_PDS_TK,14,4063000.0
BU-0152,CV Tri Hospitality,CV,G,Perdagangan Besar dan Eceran,Kecil,Kalimantan Timur,KC Balikpapan,0501,3762431,2018-12-15,888887922959795,Maya Pratama,Patuh_Konsisten,45,3962000.0
BU-0153,PT Cipta Agro Makmur,PT,F,Konstruksi & Infrastruktur,Mikro,DKI Jakarta,KC Jakarta Pusat,0101,5729876,2021-02-26,888889868845806,Reza Saputra,Patuh_Konsisten,5,8047000.0
BU-0154,Koperasi Prima Teknologi,Koperasi,I,Penyediaan Akomodasi dan F&B (Restoran & Hotel),Menengah,DKI Jakarta,KC Jakarta Pusat,0101,5729876,2015-04-26,888881596471620,Maya Kusuma,Patuh_Konsisten,142,9359000.0
BU-0155,CV Sumber Farmasi Medika,CV,H,"Transportasi, Pergudangan & Logistik",Besar,Jawa Tengah,KC Semarang,0305,2327386,2022-03-20,888884797809576,Lina Saputra,Rentan_PDS_TK,678,5831000.0
BU-0156,Yayasan Wijaya Multi Karya,Yayasan,J,Informasi dan Komunikasi / Teknologi,Menengah,Jawa Barat,KC Bandung,0201,2317601,2023-02-05,888889471306442,Lina Handayani,Patuh_Konsisten,155,4359000.0
BU-0157,Yayasan Tri Farmasi Medika,Yayasan,Q,Aktivitas Pelayanan Kesehatan & Rumah Sakit Swasta,Mikro,Jawa Barat,KC Bandung,0201,2317601,2022-11-19,888885150074940,Doni Hidayat,Residivis_Kambuhan,5,3233000.0
BU-0158,Koperasi Mandiri Multi Karya,Koperasi,C,Industri Pengolahan / Manufaktur,Besar,Sulawesi Selatan,KC Makassar,0601,3921088,2016-06-23,888886263354802,Reza Saputra,Patuh_Konsisten,356,6886000.0
BU-0159,PT Makmur Sarana Jaya,PT,F,Konstruksi & Infrastruktur,Mikro,Jawa Timur,KC Surabaya,0301,2446880,2018-10-18,888889991206531,Hendra Hidayat,Residivis_Kambuhan,6,2585000.0
BU-0160,PT Prima Lintas Samudera,PT,K,"Jasa Keuangan, Pembiayaan dan Asuransi",Kecil,Jawa Timur,KC Surabaya,0301,2446880,2023-01-27,888884709911999,Lina Kusuma,Residivis_Kambuhan,48,2819000.0
BU-0161,PT Harapan Garda Utama,PT,K,"Jasa Keuangan, Pembiayaan dan Asuransi",Kecil,Jawa Timur,KC Surabaya,0301,2446880,2024-01-16,888887638204740,Yusuf Handayani,Rentan_PDS_Upah,46,2906000.0
BU-0162,Koperasi Bumi Hospitality,Koperasi,N,Jasa Penunjang Usaha (Alih Daya / Outsourcing / Security),Besar,Jawa Timur,KC Surabaya,0301,2446880,2014-03-15,888887080049102,Maya Pratama,Rentan_PDS_TK,504,4846000.0
BU-0163,CV Sentosa Plastindo,CV,H,"Transportasi, Pergudangan & Logistik",Besar,DKI Jakarta,KC Jakarta Pusat,0101,5729876,2019-07-05,888888561998560,Reza Hidayat,Patuh_Konsisten,526,13759000.0
BU-0164,PT Sejahtera Agro Makmur,PT,F,Konstruksi & Infrastruktur,Menengah,Kalimantan Timur,KC Balikpapan,0501,3762431,2017-03-04,888885512315375,Doni Utami,Patuh_Konsisten,81,5283000.0
BU-0165,CV Sejahtera Teknologi,CV,K,"Jasa Keuangan, Pembiayaan dan Asuransi",Kecil,Jawa Barat,KC Bandung,0201,2317601,2019-04-25,888885979337757,Reza Handayani,Patuh_Konsisten,30,3291000.0
BU-0166,PT Wijaya Tekstil,PT,Q,Aktivitas Pelayanan Kesehatan & Rumah Sakit Swasta,Mikro,Jawa Barat,KC Bandung,0201,2317601,2022-08-08,888882515672889,Bambang Saputra,Rentan_PDS_TK,4,3303000.0
BU-0167,CV Harapan Distribusindo,CV,Q,Aktivitas Pelayanan Kesehatan & Rumah Sakit Swasta,Menengah,Bali,KC Denpasar,0701,3207459,2015-07-05,888889085085822,Fitri Utami,Residivis_Kambuhan,123,5324000.0
BU-0168,PT Bina Hospitality,PT,J,Informasi dan Komunikasi / Teknologi,Menengah,Jawa Timur,KC Surabaya,0301,2446880,2017-06-18,888882239534867,Doni Hidayat,Patuh_Konsisten,63,4140000.0
BU-0169,Koperasi Garuda Ritel Modern,Koperasi,Q,Aktivitas Pelayanan Kesehatan & Rumah Sakit Swasta,Besar,Jawa Tengah,KC Semarang,0305,2327386,2015-03-04,888886986770879,Fitri Hidayat,Patuh_Konsisten,838,5401000.0
BU-0170,Koperasi Sentosa Garda Utama,Koperasi,H,"Transportasi, Pergudangan & Logistik",Menengah,Sumatera Utara,KC Medan,0401,3228949,2014-01-02,888882962750929,Mega Hidayat,Nakal_Kombinasi,180,4945000.0
BU-0171,PT Sinar Plastindo,PT,G,Perdagangan Besar dan Eceran,Besar,Jawa Timur,KC Surabaya,0301,2446880,2023-12-27,888887581349462,Mega Saputra,Patuh_Konsisten,366,4623000.0
BU-0172,Koperasi Nusantara Farmasi Medika,Koperasi,Q,Aktivitas Pelayanan Kesehatan & Rumah Sakit Swasta,Mikro,Riau,KC Pekanbaru,0403,3780495,2020-10-10,888889704383251,Maya Saputra,Patuh_Konsisten,6,4927000.0
BU-0173,CV Sejahtera Logistik,CV,K,"Jasa Keuangan, Pembiayaan dan Asuransi",Besar,Jawa Barat,KC Bandung,0201,2317601,2022-11-24,888888907752604,Hendra Utami,Rentan_Tunggakan,797,4683000.0
BU-0174,PT Sumber Pangan,PT,N,Jasa Penunjang Usaha (Alih Daya / Outsourcing / Security),Kecil,DKI Jakarta,KC Jakarta Pusat,0101,5729876,2019-07-05,888886170675398,Reza Utami,Rentan_PDS_TK,22,5779000.0
BU-0175,CV Bina Solusindo,CV,K,"Jasa Keuangan, Pembiayaan dan Asuransi",Menengah,Sulawesi Selatan,KC Makassar,0601,3921088,2019-11-16,888887551874474,Fitri Pratama,Rentan_Tunggakan,182,5282000.0
BU-0176,CV Mega Sarana Jaya,CV,Q,Aktivitas Pelayanan Kesehatan & Rumah Sakit Swasta,Kecil,Banten,KC Tangerang,0205,3100881,2024-11-26,888888272725281,Mega Handayani,Patuh_Konsisten,32,4044000.0
BU-0177,PT Daya Sarana Jaya,PT,N,Jasa Penunjang Usaha (Alih Daya / Outsourcing / Security),Menengah,DKI Jakarta,KC Jakarta Pusat,0101,5729876,2018-05-23,888888322868827,Fitri Handayani,Rentan_Tunggakan,126,7813000.0
BU-0178,CV Daya Perkasa,CV,H,"Transportasi, Pergudangan & Logistik",Menengah,Bali,KC Denpasar,0701,3207459,2022-07-13,888888809871735,Hendra Saputra,Residivis_Kambuhan,81,5436000.0
BU-0179,PT Cipta Farmasi Medika,PT,C,Industri Pengolahan / Manufaktur,Menengah,Sumatera Utara,KC Medan,0401,3228949,2021-04-07,888882166605339,Lina Hidayat,Nakal_Kombinasi,163,5725000.0
BU-0180,PT Sejahtera Logistik,PT,K,"Jasa Keuangan, Pembiayaan dan Asuransi",Mikro,Jawa Barat,KC Bandung,0201,2317601,2017-11-08,888881225447588,Doni Saputra,Patuh_Konsisten,9,3262000.0
BU-0181,PT Bumi Solusindo,PT,Q,Aktivitas Pelayanan Kesehatan & Rumah Sakit Swasta,Kecil,Sulawesi Selatan,KC Makassar,0601,3921088,2016-07-21,888889067664957,Maya Kurniawan,Rentan_PDS_TK,10,5623000.0
BU-0182,Koperasi Karya Plastindo,Koperasi,N,Jasa Penunjang Usaha (Alih Daya / Outsourcing / Security),Kecil,Jawa Tengah,KC Semarang,0305,2327386,2015-11-19,888884957687327,Doni Utami,Rentan_PDS_TK,28,3004000.0
BU-0183,PT Mitra Distribusindo,PT,G,Perdagangan Besar dan Eceran,Kecil,DKI Jakarta,KC Jakarta Pusat,0101,5729876,2018-01-01,888883588933132,Fitri Saputra,Rentan_PDS_TK,21,8145000.0
BU-0184,Yayasan Garuda Multi Karya,Yayasan,Q,Aktivitas Pelayanan Kesehatan & Rumah Sakit Swasta,Menengah,Sumatera Utara,KC Medan,0401,3228949,2016-09-15,888882171826349,Lina Saputra,Rentan_PDS_TK,176,6441000.0
BU-0185,Yayasan Adhi Ritel Modern,Yayasan,G,Perdagangan Besar dan Eceran,Besar,Jawa Timur,KC Surabaya,0301,2446880,2019-05-19,888881829621429,Mega Utami,Rentan_PDS_TK,390,3233000.0
BU-0186,Koperasi Surya Multi Karya,Koperasi,J,Informasi dan Komunikasi / Teknologi,Mikro,Banten,KC Tangerang,0205,3100881,2024-02-06,888885216305802,Maya Saputra,Patuh_Konsisten,6,3222000.0
BU-0187,PT Daya Hospitality,PT,N,Jasa Penunjang Usaha (Alih Daya / Outsourcing / Security),Menengah,Jawa Tengah,KC Semarang,0305,2327386,2018-06-10,888883460489491,Yusuf Kurniawan,Rentan_PDS_TK,110,3664000.0
BU-0188,Yayasan Sejahtera Logistik,Yayasan,H,"Transportasi, Pergudangan & Logistik",Mikro,DKI Jakarta,KC Jakarta Pusat,0101,5729876,2018-03-13,888888601409432,Lina Kurniawan,Patuh_Konsisten,9,6035000.0
BU-0189,PT Sinar Katering Prima,PT,I,Penyediaan Akomodasi dan F&B (Restoran & Hotel),Kecil,Jawa Barat,KC Bandung,0201,2317601,2021-03-15,888887896596272,Doni Kurniawan,Rentan_PDS_TK,24,3316000.0
BU-0190,CV Garuda Garda Utama,CV,A,"Pertanian, Perkebunan Kelapa Sawit & Kehutanan",Kecil,Banten,KC Tangerang,0205,3100881,2023-02-17,888888317619798,Lina Hidayat,Nakal_Kombinasi,25,4050000.0
BU-0191,PT Garuda Multi Karya,PT,F,Konstruksi & Infrastruktur,Kecil,Banten,KC Tangerang,0205,3100881,2016-03-11,888882897690739,Ratna Kurniawan,Rentan_PDS_Upah,22,3900000.0
BU-0192,CV Cipta Multi Karya,CV,K,"Jasa Keuangan, Pembiayaan dan Asuransi",Besar,Jawa Timur,KC Surabaya,0301,2446880,2021-03-17,888887079202254,Mega Kusuma,Rentan_Tunggakan,656,6149000.0
BU-0193,CV Bumi Perkasa,CV,A,"Pertanian, Perkebunan Kelapa Sawit & Kehutanan",Kecil,DKI Jakarta,KC Jakarta Pusat,0101,5729876,2014-12-07,888883483827971,Bambang Handayani,Nakal_Kombinasi,11,6751000.0
BU-0194,Yayasan Cipta Sarana Jaya,Yayasan,H,"Transportasi, Pergudangan & Logistik",Besar,Jawa Barat,KC Bandung,0201,2317601,2015-08-02,888886528012497,Hendra Utami,Patuh_Konsisten,261,6262000.0
BU-0195,Koperasi Harapan Oto Perkasa,Koperasi,G,Perdagangan Besar dan Eceran,Menengah,Banten,KC Tangerang,0205,3100881,2020-08-28,888886916301780,Lina Kurniawan,Patuh_Konsisten,145,6491000.0
BU-0196,PT Harapan Farmasi Medika,PT,A,"Pertanian, Perkebunan Kelapa Sawit & Kehutanan",Mikro,Jawa Barat,KC Bandung,0201,2317601,2022-07-17,888885203589186,Bambang Utami,Patuh_Konsisten,4,2504000.0
BU-0197,PT Adhi Sarana Jaya,PT,C,Industri Pengolahan / Manufaktur,Mikro,DKI Jakarta,KC Jakarta Pusat,0101,5729876,2017-04-15,888882486744752,Yusuf Pratama,Patuh_Konsisten,7,7101000.0
BU-0198,PT Bumi Oto Perkasa,PT,F,Konstruksi & Infrastruktur,Kecil,Jawa Timur,KC Surabaya,0301,2446880,2014-04-07,888881289012242,Mega Kusuma,Patuh_Konsisten,49,3290000.0
BU-0199,CV Bumi Logistik,CV,Q,Aktivitas Pelayanan Kesehatan & Rumah Sakit Swasta,Menengah,Kalimantan Timur,KC Balikpapan,0501,3762431,2020-08-08,888883318250726,Bambang Pratama,Patuh_Konsisten,112,6974000.0
BU-0200,PT Sejahtera Duta Abadi,PT,A,"Pertanian, Perkebunan Kelapa Sawit & Kehutanan",Mikro,DKI Jakarta,KC Jakarta Pusat,0101,5729876,2024-06-08,888886244338653,Yusuf Saputra,Patuh_Konsisten,6,7219000.0
BU-0201,CV Sumber Teknologi,CV,C,Industri Pengolahan / Manufaktur,Kecil,DKI Jakarta,KC Jakarta Pusat,0101,5729876,2014-06-21,888888178361487,Reza Saputra,Patuh_Konsisten,37,7163000.0
BU-0202,CV Sentosa Perkasa,CV,J,Informasi dan Komunikasi / Teknologi,Kecil,DKI Jakarta,KC Jakarta Pusat,0101,5729876,2022-08-08,888884647891535,Yusuf Utami,Patuh_Konsisten,34,6204000.0
BU-0203,Koperasi Adhi Logistik,Koperasi,G,Perdagangan Besar dan Eceran,Kecil,DKI Jakarta,KC Jakarta Pusat,0101,5729876,2020-09-17,888885870891270,Ratna Saputra,Patuh_Konsisten,45,6794000.0
BU-0204,PT Harapan Konstruksi,PT,N,Jasa Penunjang Usaha (Alih Daya / Outsourcing / Security),Menengah,Jawa Tengah,KC Semarang,0305,2327386,2015-09-24,888884562272871,Bambang Saputra,Patuh_Konsisten,165,4550000.0
BU-0205,Yayasan Sinar Lintas Samudera,Yayasan,J,Informasi dan Komunikasi / Teknologi,Besar,Jawa Timur,KC Surabaya,0301,2446880,2017-10-24,888886227046160,Ratna Utami,Patuh_Konsisten,240,6387000.0
BU-0206,PT Nusantara Garda Utama,PT,H,"Transportasi, Pergudangan & Logistik",Kecil,Sulawesi Selatan,KC Makassar,0601,3921088,2015-12-25,888886173344564,Ratna Hidayat,Patuh_Konsisten,22,5619000.0
BU-0207,Koperasi Karya Hospitality,Koperasi,H,"Transportasi, Pergudangan & Logistik",Kecil,Sumatera Utara,KC Medan,0401,3228949,2019-05-09,888889086615744,Maya Kusuma,Rentan_PDS_Upah,39,4004000.0
BU-0208,Koperasi Mega Garda Utama,Koperasi,Q,Aktivitas Pelayanan Kesehatan & Rumah Sakit Swasta,Kecil,DKI Jakarta,KC Jakarta Pusat,0101,5729876,2014-10-28,888881626733282,Yusuf Hidayat,Patuh_Konsisten,33,6537000.0
BU-0209,CV Surya Perkasa,CV,K,"Jasa Keuangan, Pembiayaan dan Asuransi",Kecil,Jawa Timur,KC Surabaya,0301,2446880,2017-07-19,888884579265601,Maya Hidayat,Patuh_Konsisten,19,2663000.0
BU-0210,PT Wijaya Distribusindo,PT,H,"Transportasi, Pergudangan & Logistik",Kecil,Jawa Tengah,KC Semarang,0305,2327386,2019-03-05,888883097302637,Reza Kurniawan,Patuh_Konsisten,39,2504000.0
BU-0211,CV Bina Konstruksi,CV,C,Industri Pengolahan / Manufaktur,Kecil,Jawa Tengah,KC Semarang,0305,2327386,2020-03-27,888883708842947,Lina Kurniawan,Rentan_Tunggakan,13,3128000.0
BU-0212,PT Makmur Multi Karya,PT,G,Perdagangan Besar dan Eceran,Kecil,Jawa Timur,KC Surabaya,0301,2446880,2023-11-22,888889215204939,Maya Kusuma,Patuh_Konsisten,39,2858000.0
BU-0213,CV Garuda Oto Perkasa,CV,C,Industri Pengolahan / Manufaktur,Kecil,Jawa Timur,KC Surabaya,0301,2446880,2018-09-10,888889663561486,Doni Utami,Patuh_Konsisten,10,2465000.0
BU-0214,PT Mandiri Multi Karya,PT,G,Perdagangan Besar dan Eceran,Kecil,Jawa Barat,KC Bandung,0201,2317601,2023-09-09,888888796286443,Yusuf Utami,Patuh_Konsisten,19,2569000.0
BU-0215,PT Inti Hospitality,PT,J,Informasi dan Komunikasi / Teknologi,Mikro,DKI Jakarta,KC Jakarta Pusat,0101,5729876,2017-05-22,888889936181631,Bambang Kusuma,Patuh_Konsisten,7,7187000.0
BU-0216,CV Mitra Sarana Jaya,CV,J,Informasi dan Komunikasi / Teknologi,Menengah,Kalimantan Timur,KC Balikpapan,0501,3762431,2014-12-06,888885650101484,Doni Kurniawan,Rentan_PDS_TK,171,4527000.0
BU-0217,CV Mandiri Multi Karya,CV,H,"Transportasi, Pergudangan & Logistik",Mikro,Sumatera Utara,KC Medan,0401,3228949,2023-08-09,888889909257076,Yusuf Hidayat,Patuh_Konsisten,4,3563000.0
BU-0218,Yayasan Bina Teknologi,Yayasan,K,"Jasa Keuangan, Pembiayaan dan Asuransi",Menengah,Jawa Timur,KC Surabaya,0301,2446880,2017-10-05,888885625411308,Hendra Hidayat,Rentan_PDS_TK,130,2850000.0
BU-0219,CV Mitra Sarana Jaya,CV,N,Jasa Penunjang Usaha (Alih Daya / Outsourcing / Security),Kecil,Banten,KC Tangerang,0205,3100881,2016-12-24,888889926778957,Fitri Kusuma,Patuh_Konsisten,31,3636000.0
BU-0220,CV Sejahtera Konstruksi,CV,F,Konstruksi & Infrastruktur,Menengah,Jawa Barat,KC Bandung,0201,2317601,2023-10-13,888882401777036,Yusuf Utami,Rentan_PDS_TK,137,3998000.0
BU-0221,CV Sejahtera Farmasi Medika,CV,Q,Aktivitas Pelayanan Kesehatan & Rumah Sakit Swasta,Menengah,Jawa Barat,KC Bandung,0201,2317601,2020-03-22,888882632399901,Mega Saputra,Residivis_Kambuhan,191,4737000.0
BU-0222,Yayasan Cipta Konstruksi,Yayasan,N,Jasa Penunjang Usaha (Alih Daya / Outsourcing / Security),Kecil,Jawa Barat,KC Bandung,0201,2317601,2024-03-24,888886968380957,Fitri Kusuma,Patuh_Konsisten,27,2478000.0
BU-0223,PT Karya Agro Makmur,PT,F,Konstruksi & Infrastruktur,Kecil,Jawa Barat,KC Bandung,0201,2317601,2015-03-03,888886099808894,Maya Hidayat,Patuh_Konsisten,33,3112000.0
BU-0224,CV Surya Pangan,CV,A,"Pertanian, Perkebunan Kelapa Sawit & Kehutanan",Besar,Jawa Barat,KC Bandung,0201,2317601,2022-02-20,888882654584280,Yusuf Handayani,Patuh_Konsisten,226,3324000.0
BU-0225,Koperasi Cipta Sarana Jaya,Koperasi,J,Informasi dan Komunikasi / Teknologi,Kecil,DKI Jakarta,KC Jakarta Pusat,0101,5729876,2016-11-13,888881728004476,Yusuf Saputra,Rentan_PDS_TK,25,7205000.0
BU-0226,CV Sentosa Konstruksi,CV,I,Penyediaan Akomodasi dan F&B (Restoran & Hotel),Kecil,Bali,KC Denpasar,0701,3207459,2020-05-16,888884361527572,Fitri Saputra,Patuh_Konsisten,20,3835000.0
BU-0227,Yayasan Harapan Distribusindo,Yayasan,N,Jasa Penunjang Usaha (Alih Daya / Outsourcing / Security),Menengah,Sulawesi Selatan,KC Makassar,0601,3921088,2016-05-01,888889370133032,Fitri Utami,Rentan_Tunggakan,100,6215000.0
BU-0228,CV Mega Agro Makmur,CV,K,"Jasa Keuangan, Pembiayaan dan Asuransi",Menengah,Jawa Barat,KC Bandung,0201,2317601,2024-10-05,888886585327015,Mega Kurniawan,Patuh_Konsisten,135,3613000.0
BU-0229,CV Mega Teknologi,CV,N,Jasa Penunjang Usaha (Alih Daya / Outsourcing / Security),Menengah,Sulawesi Selatan,KC Makassar,0601,3921088,2018-12-23,888888013262671,Mega Utami,Rentan_PDS_TK,151,8118000.0
BU-0230,PT Mitra Ritel Modern,PT,N,Jasa Penunjang Usaha (Alih Daya / Outsourcing / Security),Kecil,Jawa Barat,KC Bandung,0201,2317601,2023-04-19,888888418324922,Ratna Handayani,Rentan_PDS_Upah,35,2698000.0
BU-0231,Koperasi Cipta Oto Perkasa,Koperasi,I,Penyediaan Akomodasi dan F&B (Restoran & Hotel),Kecil,Jawa Barat,KC Bandung,0201,2317601,2018-04-09,888883828935922,Doni Utami,Patuh_Konsisten,41,2463000.0
BU-0232,PT Adhi Lintas Samudera,PT,J,Informasi dan Komunikasi / Teknologi,Menengah,Jawa Barat,KC Bandung,0201,2317601,2022-09-28,888888265834251,Reza Kusuma,Patuh_Konsisten,172,3947000.0
BU-0233,Yayasan Garuda Lintas Samudera,Yayasan,H,"Transportasi, Pergudangan & Logistik",Kecil,Jawa Barat,KC Bandung,0201,2317601,2017-11-22,888882524751277,Mega Kusuma,Rentan_PDS_TK,15,2432000.0
BU-0234,Yayasan Bumi Hospitality,Yayasan,K,"Jasa Keuangan, Pembiayaan dan Asuransi",Mikro,Banten,KC Tangerang,0205,3100881,2020-02-01,888885718479235,Ratna Hidayat,Rentan_PDS_TK,6,4448000.0
BU-0235,CV Sumber Duta Abadi,CV,A,"Pertanian, Perkebunan Kelapa Sawit & Kehutanan",Mikro,Jawa Barat,KC Bandung,0201,2317601,2020-08-25,888885942411853,Bambang Handayani,Patuh_Konsisten,5,2783000.0
BU-0236,PT Surya Konstruksi,PT,F,Konstruksi & Infrastruktur,Menengah,Bali,KC Denpasar,0701,3207459,2016-06-10,888886768427475,Ratna Hidayat,Patuh_Konsisten,79,6222000.0
BU-0237,PT Wijaya Pangan,PT,Q,Aktivitas Pelayanan Kesehatan & Rumah Sakit Swasta,Menengah,Jawa Barat,KC Bandung,0201,2317601,2021-06-03,888882289624427,Lina Kusuma,Rentan_PDS_Upah,162,4255000.0
BU-0238,Yayasan Mandiri Teknologi,Yayasan,H,"Transportasi, Pergudangan & Logistik",Kecil,Jawa Timur,KC Surabaya,0301,2446880,2022-03-11,888887699500243,Maya Pratama,Patuh_Konsisten,25,3015000.0
BU-0239,Yayasan Prima Teknologi,Yayasan,J,Informasi dan Komunikasi / Teknologi,Menengah,Jawa Barat,KC Bandung,0201,2317601,2023-04-15,888887838460497,Doni Kusuma,Nakal_Kombinasi,160,3536000.0
BU-0240,PT Daya Konstruksi,PT,N,Jasa Penunjang Usaha (Alih Daya / Outsourcing / Security),Menengah,Sulawesi Selatan,KC Makassar,0601,3921088,2022-03-12,888882400094541,Maya Kusuma,Patuh_Konsisten,197,4888000.0
BU-0241,Yayasan Wijaya Multi Karya,Yayasan,I,Penyediaan Akomodasi dan F&B (Restoran & Hotel),Mikro,Sulawesi Selatan,KC Makassar,0601,3921088,2020-10-13,888883521166052,Fitri Saputra,Patuh_Konsisten,9,4474000.0
BU-0242,CV Prima Perkasa,CV,Q,Aktivitas Pelayanan Kesehatan & Rumah Sakit Swasta,Menengah,Jawa Tengah,KC Semarang,0305,2327386,2019-02-08,888882311597141,Hendra Saputra,Rentan_PDS_TK,71,4163000.0
BU-0243,CV Mitra Oto Perkasa,CV,G,Perdagangan Besar dan Eceran,Kecil,DKI Jakarta,KC Jakarta Pusat,0101,5729876,2020-07-06,888886011649263,Yusuf Pratama,Rentan_PDS_Upah,48,6085000.0
BU-0244,PT Adhi Lintas Samudera,PT,G,Perdagangan Besar dan Eceran,Menengah,DKI Jakarta,KC Jakarta Pusat,0101,5729876,2014-08-05,888888099880573,Doni Kurniawan,Patuh_Konsisten,63,11301000.0
BU-0245,CV Adhi Distribusindo,CV,Q,Aktivitas Pelayanan Kesehatan & Rumah Sakit Swasta,Kecil,Jawa Tengah,KC Semarang,0305,2327386,2014-04-10,888885435391625,Ratna Hidayat,Rentan_PDS_TK,20,2414000.0
BU-0246,PT Adhi Duta Abadi,PT,I,Penyediaan Akomodasi dan F&B (Restoran & Hotel),Menengah,Riau,KC Pekanbaru,0403,3780495,2015-10-04,888889550822977,Reza Utami,Patuh_Konsisten,176,6322000.0
BU-0247,Koperasi Adhi Sarana Jaya,Koperasi,C,Industri Pengolahan / Manufaktur,Kecil,Banten,KC Tangerang,0205,3100881,2015-12-27,888886358107532,Bambang Handayani,Patuh_Konsisten,23,4482000.0
BU-0248,PT Cipta Agro Makmur,PT,I,Penyediaan Akomodasi dan F&B (Restoran & Hotel),Kecil,Jawa Barat,KC Bandung,0201,2317601,2017-04-26,888888254773516,Mega Kurniawan,Rentan_PDS_Upah,17,3127000.0
BU-0249,PT Sinar Solusindo,PT,J,Informasi dan Komunikasi / Teknologi,Kecil,Jawa Barat,KC Bandung,0201,2317601,2014-10-12,888887581095906,Mega Hidayat,Rentan_Tunggakan,23,3166000.0
BU-0250,PT Karya Perkasa,PT,G,Perdagangan Besar dan Eceran,Menengah,Jawa Timur,KC Surabaya,0301,2446880,2022-11-27,888881408988968,Doni Kusuma,Nakal_Kombinasi,196,3435000.0
BU-0251,Koperasi Harapan Solusindo,Koperasi,I,Penyediaan Akomodasi dan F&B (Restoran & Hotel),Menengah,DKI Jakarta,KC Jakarta Pusat,0101,5729876,2019-04-25,888886981604165,Hendra Hidayat,Nakal_Kombinasi,83,7948000.0
BU-0252,Yayasan Surya Hospitality,Yayasan,I,Penyediaan Akomodasi dan F&B (Restoran & Hotel),Menengah,Jawa Barat,KC Bandung,0201,2317601,2015-07-17,888888515344013,Fitri Handayani,Patuh_Konsisten,165,2832000.0
BU-0253,PT Sumber Tekstil,PT,Q,Aktivitas Pelayanan Kesehatan & Rumah Sakit Swasta,Besar,Jawa Timur,KC Surabaya,0301,2446880,2021-11-22,888888289800644,Lina Utami,Rentan_PDS_TK,295,5864000.0
BU-0254,CV Makmur Oto Perkasa,CV,A,"Pertanian, Perkebunan Kelapa Sawit & Kehutanan",Kecil,Sumatera Utara,KC Medan,0401,3228949,2019-05-11,888888956094389,Fitri Kurniawan,Patuh_Konsisten,23,3948000.0
BU-0255,PT Mandiri Agro Makmur,PT,C,Industri Pengolahan / Manufaktur,Mikro,Jawa Barat,KC Bandung,0201,2317601,2016-08-15,888889409682410,Ratna Kurniawan,Rentan_PDS_Upah,4,2447000.0
BU-0256,Yayasan Karya Teknologi,Yayasan,G,Perdagangan Besar dan Eceran,Besar,Jawa Timur,KC Surabaya,0301,2446880,2019-05-03,888881710924824,Doni Kurniawan,Rentan_PDS_Upah,480,3524000.0
BU-0257,Yayasan Sejahtera Oto Perkasa,Yayasan,I,Penyediaan Akomodasi dan F&B (Restoran & Hotel),Mikro,Jawa Barat,KC Bandung,0201,2317601,2015-01-07,888883047869247,Hendra Hidayat,Rentan_Tunggakan,9,2413000.0
BU-0258,CV Bumi Agro Makmur,CV,N,Jasa Penunjang Usaha (Alih Daya / Outsourcing / Security),Kecil,Riau,KC Pekanbaru,0403,3780495,2019-02-28,888885862655247,Lina Pratama,Patuh_Konsisten,10,3794000.0
BU-0259,PT Mandiri Pangan,PT,J,Informasi dan Komunikasi / Teknologi,Kecil,Sumatera Utara,KC Medan,0401,3228949,2018-03-13,888881613549255,Reza Hidayat,Patuh_Konsisten,30,3763000.0
BU-0260,CV Harapan Teknologi,CV,C,Industri Pengolahan / Manufaktur,Menengah,Jawa Tengah,KC Semarang,0305,2327386,2017-11-24,888888243746556,Ratna Kusuma,Rentan_PDS_Upah,162,3453000.0
BU-0261,PT Mandiri Duta Abadi,PT,F,Konstruksi & Infrastruktur,Kecil,Jawa Tengah,KC Semarang,0305,2327386,2020-06-26,888881600566083,Yusuf Kurniawan,Rentan_PDS_TK,34,2696000.0
BU-0262,PT Garuda Lintas Samudera,PT,F,Konstruksi & Infrastruktur,Besar,Jawa Barat,KC Bandung,0201,2317601,2018-12-01,888882295574037,Reza Hidayat,Patuh_Konsisten,814,5520000.0
BU-0263,PT Mitra Perkasa,PT,A,"Pertanian, Perkebunan Kelapa Sawit & Kehutanan",Kecil,Jawa Timur,KC Surabaya,0301,2446880,2017-08-13,888881484230338,Maya Kurniawan,Patuh_Konsisten,13,3310000.0
BU-0264,PT Tri Tekstil,PT,K,"Jasa Keuangan, Pembiayaan dan Asuransi",Menengah,Sulawesi Selatan,KC Makassar,0601,3921088,2016-07-28,888887102562415,Reza Kurniawan,Patuh_Konsisten,142,7988000.0
BU-0265,Koperasi Wijaya Konstruksi,Koperasi,G,Perdagangan Besar dan Eceran,Mikro,Banten,KC Tangerang,0205,3100881,2014-05-07,888888684942020,Reza Saputra,Rentan_PDS_TK,4,3920000.0
BU-0266,Koperasi Surya Oto Perkasa,Koperasi,A,"Pertanian, Perkebunan Kelapa Sawit & Kehutanan",Menengah,Riau,KC Pekanbaru,0403,3780495,2022-09-20,888885950724801,Lina Saputra,Nakal_Kombinasi,152,4644000.0
BU-0267,CV Makmur Solusindo,CV,F,Konstruksi & Infrastruktur,Menengah,Jawa Tengah,KC Semarang,0305,2327386,2023-11-25,888885578929439,Doni Kurniawan,Nakal_Kombinasi,187,3399000.0
BU-0268,PT Sejahtera Konstruksi,PT,N,Jasa Penunjang Usaha (Alih Daya / Outsourcing / Security),Menengah,DKI Jakarta,KC Jakarta Pusat,0101,5729876,2023-10-02,888884181102664,Lina Kusuma,Rentan_PDS_TK,161,7221000.0
BU-0269,Yayasan Nusantara Teknologi,Yayasan,G,Perdagangan Besar dan Eceran,Besar,Banten,KC Tangerang,0205,3100881,2022-09-26,888882113457241,Fitri Pratama,Rentan_PDS_Upah,708,8464000.0
BU-0270,Yayasan Mandiri Tekstil,Yayasan,I,Penyediaan Akomodasi dan F&B (Restoran & Hotel),Mikro,Sulawesi Selatan,KC Makassar,0601,3921088,2018-09-03,888883695232998,Maya Handayani,Patuh_Konsisten,6,5345000.0
BU-0271,PT Bina Distribusindo,PT,A,"Pertanian, Perkebunan Kelapa Sawit & Kehutanan",Mikro,Bali,KC Denpasar,0701,3207459,2016-05-25,888884104309491,Ratna Kurniawan,Rentan_Tunggakan,8,3448000.0
BU-0272,PT Bina Tekstil,PT,A,"Pertanian, Perkebunan Kelapa Sawit & Kehutanan",Kecil,Sulawesi Selatan,KC Makassar,0601,3921088,2019-07-05,888889741819989,Doni Pratama,Rentan_Tunggakan,25,4002000.0
BU-0273,PT Surya Plastindo,PT,H,"Transportasi, Pergudangan & Logistik",Mikro,Jawa Timur,KC Surabaya,0301,2446880,2023-06-04,888884873807154,Hendra Pratama,Patuh_Konsisten,6,3356000.0
BU-0274,PT Mitra Konstruksi,PT,A,"Pertanian, Perkebunan Kelapa Sawit & Kehutanan",Mikro,Jawa Barat,KC Bandung,0201,2317601,2018-06-03,888887670476743,Bambang Saputra,Rentan_Tunggakan,7,3221000.0
BU-0275,PT Sumber Perkasa,PT,N,Jasa Penunjang Usaha (Alih Daya / Outsourcing / Security),Kecil,Jawa Barat,KC Bandung,0201,2317601,2019-10-16,888884332404822,Reza Utami,Patuh_Konsisten,49,2571000.0
BU-0276,PT Nusantara Oto Perkasa,PT,N,Jasa Penunjang Usaha (Alih Daya / Outsourcing / Security),Kecil,Kalimantan Timur,KC Balikpapan,0501,3762431,2019-11-27,888882438888667,Doni Utami,Patuh_Konsisten,11,4157000.0
BU-0277,PT Makmur Multi Karya,PT,I,Penyediaan Akomodasi dan F&B (Restoran & Hotel),Kecil,Jawa Tengah,KC Semarang,0305,2327386,2014-03-23,888882201840395,Bambang Pratama,Patuh_Konsisten,25,2767000.0
BU-0278,CV Inti Agro Makmur,CV,A,"Pertanian, Perkebunan Kelapa Sawit & Kehutanan",Kecil,Banten,KC Tangerang,0205,3100881,2022-03-21,888888816681105,Lina Hidayat,Patuh_Konsisten,15,3911000.0
BU-0279,PT Surya Solusindo,PT,K,"Jasa Keuangan, Pembiayaan dan Asuransi",Besar,Banten,KC Tangerang,0205,3100881,2019-07-23,888886696207128,Maya Saputra,Patuh_Konsisten,442,5388000.0
BU-0280,PT Makmur Solusindo,PT,N,Jasa Penunjang Usaha (Alih Daya / Outsourcing / Security),Menengah,Jawa Barat,KC Bandung,0201,2317601,2015-03-15,888887296658772,Doni Kusuma,Rentan_PDS_TK,199,2905000.0
BU-0281,PT Makmur Agro Makmur,PT,A,"Pertanian, Perkebunan Kelapa Sawit & Kehutanan",Kecil,DKI Jakarta,KC Jakarta Pusat,0101,5729876,2015-02-06,888883591164476,Ratna Utami,Rentan_PDS_TK,29,6925000.0
BU-0282,PT Cipta Katering Prima,PT,H,"Transportasi, Pergudangan & Logistik",Kecil,Sulawesi Selatan,KC Makassar,0601,3921088,2014-11-10,888885254923696,Bambang Handayani,Patuh_Konsisten,32,4620000.0
BU-0283,CV Garuda Katering Prima,CV,Q,Aktivitas Pelayanan Kesehatan & Rumah Sakit Swasta,Kecil,DKI Jakarta,KC Jakarta Pusat,0101,5729876,2016-02-01,888881954720281,Ratna Utami,Residivis_Kambuhan,16,6921000.0
BU-0284,PT Bumi Konstruksi,PT,J,Informasi dan Komunikasi / Teknologi,Menengah,Jawa Timur,KC Surabaya,0301,2446880,2015-01-03,888888069459895,Hendra Kusuma,Patuh_Konsisten,199,4176000.0
BU-0285,PT Bina Agro Makmur,PT,H,"Transportasi, Pergudangan & Logistik",Kecil,DKI Jakarta,KC Jakarta Pusat,0101,5729876,2023-07-27,888888406374110,Maya Kusuma,Rentan_Tunggakan,13,6163000.0
BU-0286,Yayasan Surya Teknologi,Yayasan,J,Informasi dan Komunikasi / Teknologi,Kecil,DKI Jakarta,KC Jakarta Pusat,0101,5729876,2016-05-09,888881638367047,Mega Hidayat,Patuh_Konsisten,32,6284000.0
BU-0287,PT Harapan Perkasa,PT,K,"Jasa Keuangan, Pembiayaan dan Asuransi",Menengah,Jawa Timur,KC Surabaya,0301,2446880,2022-08-02,888885671728485,Doni Pratama,Patuh_Konsisten,177,3772000.0
BU-0288,PT Harapan Multi Karya,PT,J,Informasi dan Komunikasi / Teknologi,Kecil,Banten,KC Tangerang,0205,3100881,2022-01-13,888886837342064,Reza Utami,Rentan_PDS_TK,25,3981000.0
BU-0289,PT Sumber Multi Karya,PT,Q,Aktivitas Pelayanan Kesehatan & Rumah Sakit Swasta,Kecil,Banten,KC Tangerang,0205,3100881,2016-01-11,888883564595211,Bambang Utami,Rentan_PDS_TK,30,3643000.0
BU-0290,PT Wijaya Multi Karya,PT,I,Penyediaan Akomodasi dan F&B (Restoran & Hotel),Besar,DKI Jakarta,KC Jakarta Pusat,0101,5729876,2017-03-04,888886330710675,Reza Utami,Rentan_Tunggakan,566,14040000.0
BU-0291,Koperasi Sejahtera Duta Abadi,Koperasi,C,Industri Pengolahan / Manufaktur,Menengah,Jawa Barat,KC Bandung,0201,2317601,2016-03-08,888887839819230,Fitri Hidayat,Patuh_Konsisten,149,3446000.0
BU-0292,Yayasan Inti Duta Abadi,Yayasan,C,Industri Pengolahan / Manufaktur,Kecil,Banten,KC Tangerang,0205,3100881,2017-08-18,888882327372855,Maya Kusuma,Patuh_Konsisten,46,3299000.0
BU-0293,PT Sejahtera Lintas Samudera,PT,F,Konstruksi & Infrastruktur,Mikro,Jawa Tengah,KC Semarang,0305,2327386,2021-01-11,888885855415646,Hendra Utami,Rentan_PDS_TK,5,2348000.0
BU-0294,PT Nusantara Solusindo,PT,H,"Transportasi, Pergudangan & Logistik",Menengah,Jawa Barat,KC Bandung,0201,2317601,2022-06-03,888885728897164,Yusuf Saputra,Patuh_Konsisten,86,4370000.0
BU-0295,PT Surya Distribusindo,PT,G,Perdagangan Besar dan Eceran,Menengah,DKI Jakarta,KC Jakarta Pusat,0101,5729876,2022-12-20,888888675071314,Ratna Kurniawan,Patuh_Konsisten,131,7538000.0
BU-0296,Koperasi Prima Hospitality,Koperasi,K,"Jasa Keuangan, Pembiayaan dan Asuransi",Kecil,DKI Jakarta,KC Jakarta Pusat,0101,5729876,2018-03-06,888884130305126,Mega Handayani,Rentan_PDS_TK,29,7622000.0
BU-0297,PT Prima Lintas Samudera,PT,K,"Jasa Keuangan, Pembiayaan dan Asuransi",Menengah,DKI Jakarta,KC Jakarta Pusat,0101,5729876,2023-04-21,888883429019820,Maya Pratama,Patuh_Konsisten,131,11603000.0
BU-0298,Yayasan Cipta Katering Prima,Yayasan,H,"Transportasi, Pergudangan & Logistik",Kecil,Riau,KC Pekanbaru,0403,3780495,2016-11-03,888886737000272,Bambang Saputra,Rentan_Tunggakan,32,5452000.0
BU-0299,PT Cipta Farmasi Medika,PT,N,Jasa Penunjang Usaha (Alih Daya / Outsourcing / Security),Kecil,Jawa Tengah,KC Semarang,0305,2327386,2014-01-13,888887073166054,Doni Saputra,Patuh_Konsisten,26,3152000.0
BU-0300,CV Mandiri Distribusindo,CV,A,"Pertanian, Perkebunan Kelapa Sawit & Kehutanan",Mikro,Kalimantan Timur,KC Balikpapan,0501,3762431,2024-04-06,888882938264714,Bambang Saputra,Patuh_Konsisten,8,4865000.0
BU-0301,PT Daya Pangan,PT,C,Industri Pengolahan / Manufaktur,Kecil,DKI Jakarta,KC Jakarta Pusat,0101,5729876,2020-03-24,888889912067529,Lina Saputra,Patuh_Konsisten,14,6611000.0
BU-0302,CV Wijaya Tekstil,CV,K,"Jasa Keuangan, Pembiayaan dan Asuransi",Besar,Jawa Timur,KC Surabaya,0301,2446880,2016-10-14,888881674755608,Lina Saputra,Patuh_Konsisten,641,6640000.0
BU-0303,PT Surya Sarana Jaya,PT,N,Jasa Penunjang Usaha (Alih Daya / Outsourcing / Security),Kecil,Sumatera Utara,KC Medan,0401,3228949,2018-05-08,888881411955771,Doni Hidayat,Patuh_Konsisten,44,3614000.0
BU-0304,Koperasi Wijaya Solusindo,Koperasi,A,"Pertanian, Perkebunan Kelapa Sawit & Kehutanan",Kecil,Jawa Barat,KC Bandung,0201,2317601,2020-02-10,888883062994753,Lina Kusuma,Rentan_PDS_TK,13,2694000.0
BU-0305,PT Harapan Perkasa,PT,N,Jasa Penunjang Usaha (Alih Daya / Outsourcing / Security),Menengah,Jawa Timur,KC Surabaya,0301,2446880,2015-05-26,888887002076563,Maya Kurniawan,Patuh_Konsisten,70,3915000.0
BU-0306,PT Harapan Sarana Jaya,PT,I,Penyediaan Akomodasi dan F&B (Restoran & Hotel),Besar,Banten,KC Tangerang,0205,3100881,2020-06-06,888882914590233,Yusuf Handayani,Patuh_Konsisten,596,4891000.0
BU-0307,PT Sejahtera Ritel Modern,PT,Q,Aktivitas Pelayanan Kesehatan & Rumah Sakit Swasta,Menengah,Sumatera Utara,KC Medan,0401,3228949,2024-02-03,888888164611781,Reza Handayani,Patuh_Konsisten,194,3902000.0
BU-0308,PT Garuda Logistik,PT,K,"Jasa Keuangan, Pembiayaan dan Asuransi",Menengah,Banten,KC Tangerang,0205,3100881,2020-09-22,888884786674545,Maya Saputra,Rentan_Tunggakan,149,5977000.0
BU-0309,CV Bina Multi Karya,CV,F,Konstruksi & Infrastruktur,Kecil,Banten,KC Tangerang,0205,3100881,2023-11-20,888881633282877,Maya Pratama,Patuh_Konsisten,46,4357000.0
BU-0310,PT Makmur Solusindo,PT,G,Perdagangan Besar dan Eceran,Kecil,Jawa Timur,KC Surabaya,0301,2446880,2024-07-07,888883693916084,Mega Saputra,Rentan_PDS_TK,12,2913000.0
BU-0311,Yayasan Cipta Konstruksi,Yayasan,H,"Transportasi, Pergudangan & Logistik",Besar,DKI Jakarta,KC Jakarta Pusat,0101,5729876,2022-06-28,888884751509023,Mega Hidayat,Rentan_Tunggakan,597,12231000.0
BU-0312,Koperasi Surya Pangan,Koperasi,A,"Pertanian, Perkebunan Kelapa Sawit & Kehutanan",Kecil,Jawa Timur,KC Surabaya,0301,2446880,2023-10-19,888885035765954,Lina Hidayat,Patuh_Konsisten,36,2612000.0
BU-0313,Koperasi Karya Sarana Jaya,Koperasi,F,Konstruksi & Infrastruktur,Mikro,DKI Jakarta,KC Jakarta Pusat,0101,5729876,2018-07-21,888887910439839,Bambang Pratama,Nakal_Kombinasi,6,7993000.0
BU-0314,CV Sentosa Lintas Samudera,CV,I,Penyediaan Akomodasi dan F&B (Restoran & Hotel),Menengah,Jawa Timur,KC Surabaya,0301,2446880,2019-12-08,888889801637712,Maya Saputra,Patuh_Konsisten,152,2904000.0
BU-0315,PT Mega Perkasa,PT,H,"Transportasi, Pergudangan & Logistik",Kecil,Jawa Timur,KC Surabaya,0301,2446880,2021-12-22,888884731897202,Hendra Saputra,Rentan_Tunggakan,29,2756000.0
BU-0316,Koperasi Mega Ritel Modern,Koperasi,Q,Aktivitas Pelayanan Kesehatan & Rumah Sakit Swasta,Besar,DKI Jakarta,KC Jakarta Pusat,0101,5729876,2015-04-15,888888833889083,Maya Utami,Patuh_Konsisten,626,12649000.0
BU-0317,Koperasi Inti Logistik,Koperasi,A,"Pertanian, Perkebunan Kelapa Sawit & Kehutanan",Menengah,Riau,KC Pekanbaru,0403,3780495,2015-05-23,888887471636437,Hendra Utami,Rentan_PDS_TK,181,7190000.0
BU-0318,CV Nusantara Teknologi,CV,A,"Pertanian, Perkebunan Kelapa Sawit & Kehutanan",Besar,Jawa Tengah,KC Semarang,0305,2327386,2017-01-08,888885437006340,Bambang Saputra,Patuh_Konsisten,397,6081000.0
BU-0319,PT Inti Agro Makmur,PT,N,Jasa Penunjang Usaha (Alih Daya / Outsourcing / Security),Kecil,Banten,KC Tangerang,0205,3100881,2015-11-01,888886334083514,Maya Hidayat,Patuh_Konsisten,42,3655000.0
BU-0320,PT Wijaya Duta Abadi,PT,Q,Aktivitas Pelayanan Kesehatan & Rumah Sakit Swasta,Menengah,DKI Jakarta,KC Jakarta Pusat,0101,5729876,2016-05-24,888885683197659,Bambang Handayani,Patuh_Konsisten,191,8493000.0
BU-0321,PT Sumber Garda Utama,PT,C,Industri Pengolahan / Manufaktur,Kecil,DKI Jakarta,KC Jakarta Pusat,0101,5729876,2024-04-09,888888093513594,Reza Kusuma,Rentan_PDS_TK,24,7399000.0
BU-0322,CV Sentosa Teknologi,CV,C,Industri Pengolahan / Manufaktur,Kecil,Jawa Barat,KC Bandung,0201,2317601,2017-05-20,888888055515912,Doni Handayani,Patuh_Konsisten,48,3153000.0
BU-0323,CV Daya Garda Utama,CV,H,"Transportasi, Pergudangan & Logistik",Menengah,Jawa Tengah,KC Semarang,0305,2327386,2022-10-13,888883510353238,Bambang Hidayat,Patuh_Konsisten,169,3345000.0
BU-0324,CV Harapan Lintas Samudera,CV,H,"Transportasi, Pergudangan & Logistik",Besar,Banten,KC Tangerang,0205,3100881,2024-02-16,888885569145346,Yusuf Kurniawan,Rentan_PDS_TK,823,5346000.0
BU-0325,Koperasi Daya Ritel Modern,Koperasi,H,"Transportasi, Pergudangan & Logistik",Mikro,Jawa Tengah,KC Semarang,0305,2327386,2024-05-07,888884287687478,Bambang Utami,Patuh_Konsisten,9,3072000.0
BU-0326,CV Bumi Plastindo,CV,K,"Jasa Keuangan, Pembiayaan dan Asuransi",Mikro,Jawa Barat,KC Bandung,0201,2317601,2014-11-16,888889579064478,Yusuf Handayani,Rentan_PDS_TK,9,2464000.0
BU-0327,CV Bina Duta Abadi,CV,J,Informasi dan Komunikasi / Teknologi,Kecil,Banten,KC Tangerang,0205,3100881,2019-12-23,888888666074487,Fitri Hidayat,Rentan_PDS_TK,46,4240000.0
BU-0328,Koperasi Prima Sarana Jaya,Koperasi,I,Penyediaan Akomodasi dan F&B (Restoran & Hotel),Mikro,Sumatera Utara,KC Medan,0401,3228949,2021-03-24,888881383539822,Fitri Pratama,Patuh_Konsisten,5,3656000.0
BU-0329,CV Mega Farmasi Medika,CV,I,Penyediaan Akomodasi dan F&B (Restoran & Hotel),Menengah,Jawa Tengah,KC Semarang,0305,2327386,2021-02-16,888883665691647,Maya Pratama,Patuh_Konsisten,116,3971000.0
BU-0330,PT Bumi Hospitality,PT,A,"Pertanian, Perkebunan Kelapa Sawit & Kehutanan",Menengah,Banten,KC Tangerang,0205,3100881,2014-03-05,888885262101582,Fitri Handayani,Patuh_Konsisten,185,4445000.0
BU-0331,CV Sentosa Plastindo,CV,K,"Jasa Keuangan, Pembiayaan dan Asuransi",Kecil,Sumatera Utara,KC Medan,0401,3228949,2021-06-21,888885237588145,Fitri Kurniawan,Rentan_PDS_Upah,21,4361000.0
BU-0332,PT Adhi Ritel Modern,PT,C,Industri Pengolahan / Manufaktur,Mikro,Jawa Timur,KC Surabaya,0301,2446880,2016-10-25,888885975440949,Lina Pratama,Patuh_Konsisten,5,3285000.0
BU-0333,CV Harapan Oto Perkasa,CV,K,"Jasa Keuangan, Pembiayaan dan Asuransi",Besar,Kalimantan Timur,KC Balikpapan,0501,3762431,2021-07-01,888889751963589,Ratna Kurniawan,Patuh_Konsisten,613,7312000.0
BU-0334,PT Mega Multi Karya,PT,H,"Transportasi, Pergudangan & Logistik",Kecil,Banten,KC Tangerang,0205,3100881,2014-11-24,888882068687175,Fitri Saputra,Patuh_Konsisten,22,3126000.0
BU-0335,PT Mitra Multi Karya,PT,G,Perdagangan Besar dan Eceran,Menengah,Riau,KC Pekanbaru,0403,3780495,2014-05-10,888887546035453,Doni Kurniawan,Rentan_PDS_Upah,128,4947000.0
BU-0336,PT Wijaya Farmasi Medika,PT,G,Perdagangan Besar dan Eceran,Menengah,Jawa Timur,KC Surabaya,0301,2446880,2020-01-08,888885230025371,Ratna Kurniawan,Rentan_PDS_Upah,98,3197000.0
BU-0337,CV Tri Teknologi,CV,C,Industri Pengolahan / Manufaktur,Kecil,Jawa Barat,KC Bandung,0201,2317601,2024-01-13,888889798613995,Bambang Kurniawan,Patuh_Konsisten,17,2700000.0
BU-0338,Yayasan Nusantara Logistik,Yayasan,F,Konstruksi & Infrastruktur,Mikro,Bali,KC Denpasar,0701,3207459,2021-07-04,888887645527239,Maya Kurniawan,Nakal_Kombinasi,9,3375000.0
BU-0339,PT Bumi Tekstil,PT,G,Perdagangan Besar dan Eceran,Kecil,Jawa Tengah,KC Semarang,0305,2327386,2015-11-17,888885884080139,Lina Hidayat,Nakal_Kombinasi,29,2768000.0
BU-0340,PT Karya Pangan,PT,K,"Jasa Keuangan, Pembiayaan dan Asuransi",Mikro,Jawa Timur,KC Surabaya,0301,2446880,2023-04-25,888886161147047,Doni Saputra,Nakal_Kombinasi,4,2995000.0
BU-0341,PT Garuda Distribusindo,PT,G,Perdagangan Besar dan Eceran,Besar,Jawa Tengah,KC Semarang,0305,2327386,2021-06-08,888881011759631,Lina Kusuma,Patuh_Konsisten,412,5428000.0
BU-0342,Yayasan Wijaya Solusindo,Yayasan,K,"Jasa Keuangan, Pembiayaan dan Asuransi",Kecil,Bali,KC Denpasar,0701,3207459,2015-12-24,888886287793163,Yusuf Saputra,Nakal_Kombinasi,15,4333000.0
BU-0343,PT Mandiri Teknologi,PT,Q,Aktivitas Pelayanan Kesehatan & Rumah Sakit Swasta,Kecil,Riau,KC Pekanbaru,0403,3780495,2019-11-11,888881497791242,Bambang Kusuma,Rentan_Tunggakan,12,5230000.0
BU-0344,Yayasan Harapan Teknologi,Yayasan,G,Perdagangan Besar dan Eceran,Menengah,Sumatera Utara,KC Medan,0401,3228949,2021-10-09,888885694190173,Fitri Pratama,Patuh_Konsisten,134,4810000.0
BU-0345,CV Mitra Agro Makmur,CV,F,Konstruksi & Infrastruktur,Mikro,Jawa Barat,KC Bandung,0201,2317601,2021-07-21,888881716309186,Hendra Kurniawan,Patuh_Konsisten,6,3189000.0
BU-0346,Koperasi Prima Pangan,Koperasi,C,Industri Pengolahan / Manufaktur,Menengah,Jawa Tengah,KC Semarang,0305,2327386,2021-10-22,888882881894932,Mega Handayani,Patuh_Konsisten,156,4691000.0
BU-0347,CV Nusantara Solusindo,CV,H,"Transportasi, Pergudangan & Logistik",Kecil,DKI Jakarta,KC Jakarta Pusat,0101,5729876,2015-07-15,888881197449658,Yusuf Kurniawan,Patuh_Konsisten,40,8103000.0
BU-0348,PT Bumi Multi Karya,PT,H,"Transportasi, Pergudangan & Logistik",Menengah,Sumatera Utara,KC Medan,0401,3228949,2017-11-28,888885704029171,Ratna Handayani,Patuh_Konsisten,197,5933000.0
BU-0349,Yayasan Bumi Hospitality,Yayasan,H,"Transportasi, Pergudangan & Logistik",Kecil,Kalimantan Timur,KC Balikpapan,0501,3762431,2022-10-02,888889639948905,Hendra Hidayat,Rentan_PDS_TK,19,5183000.0
BU-0350,Koperasi Wijaya Teknologi,Koperasi,Q,Aktivitas Pelayanan Kesehatan & Rumah Sakit Swasta,Mikro,DKI Jakarta,KC Jakarta Pusat,0101,5729876,2019-04-11,888889461708554,Bambang Hidayat,Rentan_Tunggakan,4,7667000.0
BU-0351,CV Harapan Hospitality,CV,N,Jasa Penunjang Usaha (Alih Daya / Outsourcing / Security),Besar,Riau,KC Pekanbaru,0403,3780495,2015-08-15,888882924568778,Maya Handayani,Rentan_PDS_TK,612,9548000.0
BU-0352,PT Wijaya Tekstil,PT,H,"Transportasi, Pergudangan & Logistik",Kecil,Sumatera Utara,KC Medan,0401,3228949,2014-09-18,888888178927766,Fitri Saputra,Residivis_Kambuhan,16,3815000.0
BU-0353,Koperasi Sejahtera Agro Makmur,Koperasi,C,Industri Pengolahan / Manufaktur,Kecil,Sumatera Utara,KC Medan,0401,3228949,2023-10-16,888882943612110,Lina Utami,Patuh_Konsisten,31,4043000.0
BU-0354,PT Mega Farmasi Medika,PT,N,Jasa Penunjang Usaha (Alih Daya / Outsourcing / Security),Besar,Jawa Timur,KC Surabaya,0301,2446880,2018-09-17,888881456650521,Hendra Handayani,Rentan_Tunggakan,848,6721000.0
BU-0355,Koperasi Surya Pangan,Koperasi,G,Perdagangan Besar dan Eceran,Kecil,Sumatera Utara,KC Medan,0401,3228949,2017-02-28,888882687477596,Maya Utami,Patuh_Konsisten,26,4117000.0
BU-0356,Yayasan Mega Pangan,Yayasan,N,Jasa Penunjang Usaha (Alih Daya / Outsourcing / Security),Mikro,Jawa Tengah,KC Semarang,0305,2327386,2024-11-19,888889125023089,Maya Kurniawan,Patuh_Konsisten,7,2376000.0
BU-0357,CV Sentosa Distribusindo,CV,K,"Jasa Keuangan, Pembiayaan dan Asuransi",Kecil,Jawa Barat,KC Bandung,0201,2317601,2014-09-14,888883484872186,Hendra Kusuma,Patuh_Konsisten,10,2871000.0
BU-0358,Yayasan Sinar Lintas Samudera,Yayasan,J,Informasi dan Komunikasi / Teknologi,Mikro,Jawa Barat,KC Bandung,0201,2317601,2020-07-20,888884274374218,Yusuf Handayani,Patuh_Konsisten,6,2843000.0
BU-0359,PT Adhi Solusindo,PT,H,"Transportasi, Pergudangan & Logistik",Kecil,Bali,KC Denpasar,0701,3207459,2022-05-27,888888991678061,Reza Kurniawan,Patuh_Konsisten,18,3803000.0
BU-0360,PT Makmur Lintas Samudera,PT,N,Jasa Penunjang Usaha (Alih Daya / Outsourcing / Security),Besar,Jawa Tengah,KC Semarang,0305,2327386,2024-03-23,888885115980792,Reza Hidayat,Patuh_Konsisten,497,5423000.0
BU-0361,Yayasan Mandiri Farmasi Medika,Yayasan,H,"Transportasi, Pergudangan & Logistik",Kecil,Sumatera Utara,KC Medan,0401,3228949,2023-11-23,888888934097788,Bambang Hidayat,Patuh_Konsisten,45,3927000.0
BU-0362,PT Mitra Solusindo,PT,F,Konstruksi & Infrastruktur,Kecil,Riau,KC Pekanbaru,0403,3780495,2017-05-25,888884373835078,Yusuf Kurniawan,Nakal_Kombinasi,13,4921000.0
BU-0363,PT Bina Perkasa,PT,I,Penyediaan Akomodasi dan F&B (Restoran & Hotel),Besar,Jawa Timur,KC Surabaya,0301,2446880,2014-06-27,888882943878598,Mega Utami,Patuh_Konsisten,408,5947000.0
BU-0364,Koperasi Sejahtera Sarana Jaya,Koperasi,A,"Pertanian, Perkebunan Kelapa Sawit & Kehutanan",Menengah,Jawa Barat,KC Bandung,0201,2317601,2018-12-22,888886933852220,Doni Utami,Nakal_Kombinasi,149,3188000.0
BU-0365,CV Bina Tekstil,CV,H,"Transportasi, Pergudangan & Logistik",Kecil,Jawa Timur,KC Surabaya,0301,2446880,2021-04-21,888888076527214,Mega Hidayat,Patuh_Konsisten,26,2670000.0
BU-0366,PT Makmur Perkasa,PT,K,"Jasa Keuangan, Pembiayaan dan Asuransi",Kecil,DKI Jakarta,KC Jakarta Pusat,0101,5729876,2024-02-06,888885133799712,Reza Kusuma,Patuh_Konsisten,38,6187000.0
BU-0367,PT Surya Ritel Modern,PT,J,Informasi dan Komunikasi / Teknologi,Mikro,Sumatera Utara,KC Medan,0401,3228949,2016-10-28,888882095286033,Fitri Handayani,Patuh_Konsisten,8,3613000.0
BU-0368,PT Sentosa Plastindo,PT,G,Perdagangan Besar dan Eceran,Besar,Sulawesi Selatan,KC Makassar,0601,3921088,2024-10-27,888888137764127,Maya Utami,Rentan_Tunggakan,811,5397000.0
BU-0369,CV Inti Konstruksi,CV,K,"Jasa Keuangan, Pembiayaan dan Asuransi",Kecil,Bali,KC Denpasar,0701,3207459,2016-09-03,888885979458346,Reza Hidayat,Patuh_Konsisten,30,3966000.0
BU-0370,PT Inti Katering Prima,PT,J,Informasi dan Komunikasi / Teknologi,Kecil,Jawa Tengah,KC Semarang,0305,2327386,2019-06-10,888887573442717,Reza Utami,Rentan_PDS_Upah,23,3022000.0
BU-0371,PT Bumi Farmasi Medika,PT,C,Industri Pengolahan / Manufaktur,Kecil,Sumatera Utara,KC Medan,0401,3228949,2024-10-20,888889761206076,Fitri Handayani,Patuh_Konsisten,38,3578000.0
BU-0372,CV Daya Sarana Jaya,CV,F,Konstruksi & Infrastruktur,Menengah,Jawa Timur,KC Surabaya,0301,2446880,2022-06-17,888887208619610,Bambang Saputra,Rentan_PDS_TK,122,2871000.0
BU-0373,PT Tri Konstruksi,PT,N,Jasa Penunjang Usaha (Alih Daya / Outsourcing / Security),Kecil,DKI Jakarta,KC Jakarta Pusat,0101,5729876,2022-09-01,888883692657073,Ratna Kurniawan,Rentan_Tunggakan,16,6161000.0
BU-0374,Koperasi Bumi Oto Perkasa,Koperasi,N,Jasa Penunjang Usaha (Alih Daya / Outsourcing / Security),Besar,DKI Jakarta,KC Jakarta Pusat,0101,5729876,2020-11-27,888885036200310,Hendra Kusuma,Rentan_Tunggakan,306,9216000.0
BU-0375,Yayasan Mega Logistik,Yayasan,Q,Aktivitas Pelayanan Kesehatan & Rumah Sakit Swasta,Menengah,Riau,KC Pekanbaru,0403,3780495,2016-05-18,888889892481056,Ratna Saputra,Rentan_Tunggakan,72,4611000.0
BU-0376,CV Adhi Hospitality,CV,J,Informasi dan Komunikasi / Teknologi,Kecil,Jawa Timur,KC Surabaya,0301,2446880,2020-11-04,888883297096148,Mega Kusuma,Patuh_Konsisten,37,2795000.0
BU-0377,PT Cipta Farmasi Medika,PT,K,"Jasa Keuangan, Pembiayaan dan Asuransi",Menengah,Jawa Barat,KC Bandung,0201,2317601,2024-05-20,888885666504394,Maya Handayani,Patuh_Konsisten,178,2899000.0
BU-0378,Koperasi Bumi Tekstil,Koperasi,J,Informasi dan Komunikasi / Teknologi,Kecil,Banten,KC Tangerang,0205,3100881,2017-03-24,888887638836058,Hendra Saputra,Patuh_Konsisten,40,3319000.0
BU-0379,PT Garuda Sarana Jaya,PT,H,"Transportasi, Pergudangan & Logistik",Menengah,Jawa Tengah,KC Semarang,0305,2327386,2014-10-20,888885660584367,Ratna Kurniawan,Patuh_Konsisten,86,2949000.0
BU-0380,PT Surya Multi Karya,PT,H,"Transportasi, Pergudangan & Logistik",Menengah,Banten,KC Tangerang,0205,3100881,2017-10-27,888882085517692,Lina Pratama,Patuh_Konsisten,86,4040000.0
BU-0381,Koperasi Bina Sarana Jaya,Koperasi,K,"Jasa Keuangan, Pembiayaan dan Asuransi",Menengah,Sumatera Utara,KC Medan,0401,3228949,2015-05-22,888885584288132,Lina Pratama,Patuh_Konsisten,168,5691000.0
BU-0382,CV Mega Farmasi Medika,CV,K,"Jasa Keuangan, Pembiayaan dan Asuransi",Besar,Jawa Timur,KC Surabaya,0301,2446880,2017-02-10,888883660800029,Ratna Saputra,Patuh_Konsisten,331,5645000.0
BU-0383,CV Mega Lintas Samudera,CV,Q,Aktivitas Pelayanan Kesehatan & Rumah Sakit Swasta,Menengah,Sumatera Utara,KC Medan,0401,3228949,2016-10-19,888882839566253,Bambang Saputra,Rentan_PDS_TK,128,5840000.0
BU-0384,Koperasi Sejahtera Oto Perkasa,Koperasi,N,Jasa Penunjang Usaha (Alih Daya / Outsourcing / Security),Menengah,Riau,KC Pekanbaru,0403,3780495,2016-11-24,888887356353895,Maya Saputra,Rentan_PDS_Upah,120,7365000.0
BU-0385,CV Garuda Pangan,CV,I,Penyediaan Akomodasi dan F&B (Restoran & Hotel),Menengah,Jawa Tengah,KC Semarang,0305,2327386,2015-05-28,888884549548567,Reza Pratama,Rentan_PDS_Upah,94,4104000.0
BU-0386,Yayasan Harapan Konstruksi,Yayasan,I,Penyediaan Akomodasi dan F&B (Restoran & Hotel),Besar,Jawa Tengah,KC Semarang,0305,2327386,2022-11-01,888887781327255,Mega Pratama,Patuh_Konsisten,277,6140000.0
BU-0387,CV Daya Sarana Jaya,CV,C,Industri Pengolahan / Manufaktur,Menengah,Riau,KC Pekanbaru,0403,3780495,2016-06-13,888882249831874,Maya Hidayat,Patuh_Konsisten,188,6043000.0
BU-0388,PT Mitra Farmasi Medika,PT,A,"Pertanian, Perkebunan Kelapa Sawit & Kehutanan",Menengah,DKI Jakarta,KC Jakarta Pusat,0101,5729876,2017-10-22,888883208200227,Maya Pratama,Patuh_Konsisten,178,6647000.0
BU-0389,CV Sumber Solusindo,CV,G,Perdagangan Besar dan Eceran,Menengah,DKI Jakarta,KC Jakarta Pusat,0101,5729876,2014-04-25,888883094407076,Lina Saputra,Rentan_Tunggakan,173,11702000.0
BU-0390,PT Bina Garda Utama,PT,H,"Transportasi, Pergudangan & Logistik",Kecil,Banten,KC Tangerang,0205,3100881,2019-07-16,888889237326112,Bambang Kusuma,Patuh_Konsisten,43,4368000.0
BU-0391,PT Tri Ritel Modern,PT,H,"Transportasi, Pergudangan & Logistik",Menengah,Jawa Timur,KC Surabaya,0301,2446880,2023-03-13,888888102481401,Fitri Hidayat,Residivis_Kambuhan,117,4159000.0
BU-0392,CV Daya Hospitality,CV,F,Konstruksi & Infrastruktur,Kecil,Jawa Barat,KC Bandung,0201,2317601,2019-06-16,888888699405145,Mega Kusuma,Rentan_PDS_TK,24,2856000.0
BU-0393,PT Adhi Teknologi,PT,A,"Pertanian, Perkebunan Kelapa Sawit & Kehutanan",Menengah,Sumatera Utara,KC Medan,0401,3228949,2024-05-07,888881645277642,Hendra Saputra,Patuh_Konsisten,108,3950000.0
BU-0394,Yayasan Mandiri Katering Prima,Yayasan,K,"Jasa Keuangan, Pembiayaan dan Asuransi",Kecil,Jawa Timur,KC Surabaya,0301,2446880,2015-08-22,888887351460539,Ratna Hidayat,Residivis_Kambuhan,36,3340000.0
BU-0395,Yayasan Surya Tekstil,Yayasan,G,Perdagangan Besar dan Eceran,Mikro,Jawa Timur,KC Surabaya,0301,2446880,2023-10-06,888883201784149,Mega Pratama,Nakal_Kombinasi,5,2494000.0
BU-0396,PT Daya Teknologi,PT,C,Industri Pengolahan / Manufaktur,Mikro,Sulawesi Selatan,KC Makassar,0601,3921088,2023-10-21,888881368287033,Maya Hidayat,Rentan_PDS_Upah,8,5612000.0
BU-0397,Koperasi Wijaya Teknologi,Koperasi,Q,Aktivitas Pelayanan Kesehatan & Rumah Sakit Swasta,Mikro,Jawa Barat,KC Bandung,0201,2317601,2023-03-26,888884296344958,Mega Kurniawan,Rentan_PDS_Upah,5,3184000.0
BU-0398,PT Prima Plastindo,PT,A,"Pertanian, Perkebunan Kelapa Sawit & Kehutanan",Menengah,Jawa Timur,KC Surabaya,0301,2446880,2015-04-13,888882655546199,Lina Kusuma,Patuh_Konsisten,166,4201000.0
BU-0399,CV Tri Oto Perkasa,CV,N,Jasa Penunjang Usaha (Alih Daya / Outsourcing / Security),Besar,DKI Jakarta,KC Jakarta Pusat,0101,5729876,2016-08-20,888883576180666,Reza Hidayat,Rentan_Tunggakan,353,12653000.0
BU-0400,PT Wijaya Solusindo,PT,F,Konstruksi & Infrastruktur,Mikro,Sulawesi Selatan,KC Makassar,0601,3921088,2014-11-21,888887101791420,Bambang Kurniawan,Rentan_PDS_Upah,8,4873000.0
BU-0401,CV Sejahtera Distribusindo,CV,A,"Pertanian, Perkebunan Kelapa Sawit & Kehutanan",Mikro,Jawa Tengah,KC Semarang,0305,2327386,2023-02-14,888885869990861,Maya Utami,Patuh_Konsisten,7,2694000.0
BU-0402,Koperasi Cipta Perkasa,Koperasi,N,Jasa Penunjang Usaha (Alih Daya / Outsourcing / Security),Menengah,Jawa Barat,KC Bandung,0201,2317601,2017-01-23,888889620489334,Reza Kusuma,Patuh_Konsisten,189,3565000.0
BU-0403,PT Mitra Garda Utama,PT,A,"Pertanian, Perkebunan Kelapa Sawit & Kehutanan",Kecil,Jawa Tengah,KC Semarang,0305,2327386,2015-03-14,888886384311581,Reza Handayani,Patuh_Konsisten,30,2756000.0
BU-0404,PT Sinar Ritel Modern,PT,K,"Jasa Keuangan, Pembiayaan dan Asuransi",Kecil,Bali,KC Denpasar,0701,3207459,2020-09-26,888887689680766,Hendra Saputra,Patuh_Konsisten,35,4297000.0
BU-0405,CV Wijaya Ritel Modern,CV,A,"Pertanian, Perkebunan Kelapa Sawit & Kehutanan",Menengah,DKI Jakarta,KC Jakarta Pusat,0101,5729876,2020-12-05,888883831598303,Ratna Handayani,Rentan_PDS_Upah,128,9734000.0
BU-0406,PT Makmur Multi Karya,PT,G,Perdagangan Besar dan Eceran,Menengah,Jawa Barat,KC Bandung,0201,2317601,2022-10-23,888881223565082,Doni Kurniawan,Patuh_Konsisten,152,4396000.0
BU-0407,Koperasi Cipta Solusindo,Koperasi,C,Industri Pengolahan / Manufaktur,Besar,Jawa Timur,KC Surabaya,0301,2446880,2020-02-03,888882129971523,Fitri Kusuma,Patuh_Konsisten,682,6579000.0
BU-0408,PT Mitra Hospitality,PT,K,"Jasa Keuangan, Pembiayaan dan Asuransi",Besar,DKI Jakarta,KC Jakarta Pusat,0101,5729876,2018-12-20,888887418263314,Bambang Pratama,Patuh_Konsisten,828,13089000.0
BU-0409,PT Makmur Logistik,PT,A,"Pertanian, Perkebunan Kelapa Sawit & Kehutanan",Kecil,Banten,KC Tangerang,0205,3100881,2017-10-06,888883894912687,Fitri Pratama,Rentan_PDS_TK,48,3813000.0
BU-0410,PT Cipta Ritel Modern,PT,C,Industri Pengolahan / Manufaktur,Kecil,Jawa Barat,KC Bandung,0201,2317601,2020-07-19,888889655933303,Lina Kusuma,Residivis_Kambuhan,35,2686000.0
BU-0411,PT Garuda Duta Abadi,PT,A,"Pertanian, Perkebunan Kelapa Sawit & Kehutanan",Kecil,Kalimantan Timur,KC Balikpapan,0501,3762431,2018-04-20,888885136298935,Maya Handayani,Patuh_Konsisten,32,4351000.0
BU-0412,PT Daya Teknologi,PT,K,"Jasa Keuangan, Pembiayaan dan Asuransi",Kecil,DKI Jakarta,KC Jakarta Pusat,0101,5729876,2022-02-17,888886558769264,Lina Utami,Rentan_PDS_TK,36,7035000.0
BU-0413,PT Garuda Duta Abadi,PT,A,"Pertanian, Perkebunan Kelapa Sawit & Kehutanan",Besar,Riau,KC Pekanbaru,0403,3780495,2020-10-16,888884306983924,Fitri Utami,Patuh_Konsisten,456,8851000.0
BU-0414,Yayasan Adhi Duta Abadi,Yayasan,Q,Aktivitas Pelayanan Kesehatan & Rumah Sakit Swasta,Menengah,DKI Jakarta,KC Jakarta Pusat,0101,5729876,2018-02-13,888885270048042,Ratna Utami,Rentan_Tunggakan,57,9213000.0
BU-0415,CV Inti Multi Karya,CV,H,"Transportasi, Pergudangan & Logistik",Menengah,Sumatera Utara,KC Medan,0401,3228949,2018-04-10,888885694439775,Fitri Kusuma,Rentan_Tunggakan,187,3743000.0
BU-0416,PT Wijaya Plastindo,PT,A,"Pertanian, Perkebunan Kelapa Sawit & Kehutanan",Mikro,Jawa Timur,KC Surabaya,0301,2446880,2023-05-06,888884908108692,Maya Kurniawan,Patuh_Konsisten,6,2688000.0
BU-0417,PT Sejahtera Ritel Modern,PT,N,Jasa Penunjang Usaha (Alih Daya / Outsourcing / Security),Menengah,Sulawesi Selatan,KC Makassar,0601,3921088,2017-10-12,888881458227039,Lina Kurniawan,Rentan_PDS_TK,102,5363000.0
BU-0418,CV Nusantara Sarana Jaya,CV,Q,Aktivitas Pelayanan Kesehatan & Rumah Sakit Swasta,Mikro,Banten,KC Tangerang,0205,3100881,2019-10-11,888889026301048,Maya Pratama,Patuh_Konsisten,4,4284000.0
BU-0419,PT Mitra Katering Prima,PT,A,"Pertanian, Perkebunan Kelapa Sawit & Kehutanan",Kecil,Jawa Tengah,KC Semarang,0305,2327386,2022-07-16,888889729790084,Fitri Handayani,Patuh_Konsisten,46,2462000.0
BU-0420,CV Mandiri Multi Karya,CV,G,Perdagangan Besar dan Eceran,Menengah,Banten,KC Tangerang,0205,3100881,2014-01-22,888886200141898,Mega Kusuma,Patuh_Konsisten,167,4496000.0
BU-0421,PT Sinar Ritel Modern,PT,H,"Transportasi, Pergudangan & Logistik",Kecil,Jawa Barat,KC Bandung,0201,2317601,2017-05-16,888886768555384,Hendra Handayani,Rentan_PDS_Upah,21,2890000.0
BU-0422,PT Surya Farmasi Medika,PT,J,Informasi dan Komunikasi / Teknologi,Mikro,Banten,KC Tangerang,0205,3100881,2018-08-06,888883454186065,Mega Kurniawan,Patuh_Konsisten,6,4293000.0
BU-0423,Koperasi Mandiri Ritel Modern,Koperasi,N,Jasa Penunjang Usaha (Alih Daya / Outsourcing / Security),Menengah,Jawa Barat,KC Bandung,0201,2317601,2020-04-05,888884172013806,Maya Utami,Patuh_Konsisten,110,3888000.0
BU-0424,PT Surya Distribusindo,PT,C,Industri Pengolahan / Manufaktur,Menengah,Jawa Barat,KC Bandung,0201,2317601,2024-09-18,888888389750357,Maya Saputra,Rentan_PDS_Upah,84,4857000.0
BU-0425,CV Sumber Logistik,CV,I,Penyediaan Akomodasi dan F&B (Restoran & Hotel),Kecil,Sumatera Utara,KC Medan,0401,3228949,2016-01-07,888888790289305,Maya Utami,Patuh_Konsisten,35,3373000.0
BU-0426,CV Mega Ritel Modern,CV,F,Konstruksi & Infrastruktur,Besar,DKI Jakarta,KC Jakarta Pusat,0101,5729876,2022-05-12,888885380159400,Lina Saputra,Patuh_Konsisten,569,10546000.0
BU-0427,PT Sumber Duta Abadi,PT,K,"Jasa Keuangan, Pembiayaan dan Asuransi",Menengah,DKI Jakarta,KC Jakarta Pusat,0101,5729876,2018-06-11,888888458323087,Lina Handayani,Patuh_Konsisten,187,7539000.0
BU-0428,PT Adhi Solusindo,PT,K,"Jasa Keuangan, Pembiayaan dan Asuransi",Mikro,Jawa Tengah,KC Semarang,0305,2327386,2019-07-21,888884895849088,Lina Pratama,Rentan_PDS_TK,5,2998000.0
BU-0429,PT Mega Plastindo,PT,H,"Transportasi, Pergudangan & Logistik",Mikro,Jawa Barat,KC Bandung,0201,2317601,2018-10-21,888886993434996,Maya Utami,Patuh_Konsisten,9,2621000.0
BU-0430,Yayasan Sumber Multi Karya,Yayasan,H,"Transportasi, Pergudangan & Logistik",Mikro,Jawa Barat,KC Bandung,0201,2317601,2016-01-05,888884125758723,Yusuf Kurniawan,Patuh_Konsisten,7,2749000.0
BU-0431,PT Prima Hospitality,PT,F,Konstruksi & Infrastruktur,Menengah,Jawa Barat,KC Bandung,0201,2317601,2021-09-02,888881357561213,Yusuf Hidayat,Patuh_Konsisten,76,2876000.0
BU-0432,PT Harapan Hospitality,PT,G,Perdagangan Besar dan Eceran,Kecil,Jawa Tengah,KC Semarang,0305,2327386,2018-08-21,888881542934161,Reza Utami,Rentan_Tunggakan,29,2568000.0
BU-0433,PT Bina Farmasi Medika,PT,G,Perdagangan Besar dan Eceran,Menengah,DKI Jakarta,KC Jakarta Pusat,0101,5729876,2021-09-09,888887650951310,Hendra Kurniawan,Patuh_Konsisten,133,11294000.0
BU-0434,PT Sumber Lintas Samudera,PT,A,"Pertanian, Perkebunan Kelapa Sawit & Kehutanan",Besar,Jawa Tengah,KC Semarang,0305,2327386,2024-10-14,888886786043791,Reza Pratama,Patuh_Konsisten,667,5229000.0
BU-0435,CV Karya Farmasi Medika,CV,F,Konstruksi & Infrastruktur,Menengah,DKI Jakarta,KC Jakarta Pusat,0101,5729876,2018-01-01,888885880373288,Yusuf Handayani,Rentan_PDS_TK,155,8004000.0
BU-0436,PT Wijaya Distribusindo,PT,A,"Pertanian, Perkebunan Kelapa Sawit & Kehutanan",Menengah,Riau,KC Pekanbaru,0403,3780495,2020-05-20,888889620935604,Fitri Pratama,Rentan_PDS_Upah,126,4380000.0
BU-0437,CV Surya Hospitality,CV,J,Informasi dan Komunikasi / Teknologi,Mikro,Jawa Barat,KC Bandung,0201,2317601,2024-07-27,888882625035499,Yusuf Kusuma,Rentan_Tunggakan,5,2488000.0
BU-0438,Yayasan Sejahtera Multi Karya,Yayasan,J,Informasi dan Komunikasi / Teknologi,Menengah,Kalimantan Timur,KC Balikpapan,0501,3762431,2022-05-14,888881294050451,Hendra Saputra,Rentan_PDS_TK,119,5344000.0
BU-0439,Yayasan Adhi Lintas Samudera,Yayasan,F,Konstruksi & Infrastruktur,Kecil,Banten,KC Tangerang,0205,3100881,2023-08-07,888882377154307,Hendra Kusuma,Rentan_PDS_TK,38,3481000.0
BU-0440,PT Prima Pangan,PT,A,"Pertanian, Perkebunan Kelapa Sawit & Kehutanan",Mikro,Jawa Tengah,KC Semarang,0305,2327386,2021-12-01,888881999913493,Hendra Kusuma,Patuh_Konsisten,6,2609000.0
BU-0441,PT Mega Oto Perkasa,PT,Q,Aktivitas Pelayanan Kesehatan & Rumah Sakit Swasta,Besar,Jawa Barat,KC Bandung,0201,2317601,2021-06-15,888885431277186,Lina Utami,Patuh_Konsisten,519,5744000.0
BU-0442,PT Daya Hospitality,PT,G,Perdagangan Besar dan Eceran,Kecil,DKI Jakarta,KC Jakarta Pusat,0101,5729876,2016-04-27,888881054183126,Ratna Handayani,Residivis_Kambuhan,14,7130000.0
BU-0443,PT Bina Garda Utama,PT,Q,Aktivitas Pelayanan Kesehatan & Rumah Sakit Swasta,Menengah,DKI Jakarta,KC Jakarta Pusat,0101,5729876,2015-09-22,888885218155484,Maya Handayani,Rentan_PDS_Upah,167,10592000.0
BU-0444,PT Prima Logistik,PT,I,Penyediaan Akomodasi dan F&B (Restoran & Hotel),Menengah,Banten,KC Tangerang,0205,3100881,2018-08-21,888882283392443,Fitri Kusuma,Rentan_PDS_TK,190,5101000.0
BU-0445,PT Sejahtera Oto Perkasa,PT,N,Jasa Penunjang Usaha (Alih Daya / Outsourcing / Security),Besar,Jawa Barat,KC Bandung,0201,2317601,2018-10-04,888882044060736,Bambang Hidayat,Residivis_Kambuhan,532,3065000.0
BU-0446,Yayasan Sinar Solusindo,Yayasan,Q,Aktivitas Pelayanan Kesehatan & Rumah Sakit Swasta,Menengah,Jawa Timur,KC Surabaya,0301,2446880,2017-03-16,888889982501269,Mega Saputra,Patuh_Konsisten,145,4606000.0
BU-0447,PT Inti Solusindo,PT,C,Industri Pengolahan / Manufaktur,Kecil,DKI Jakarta,KC Jakarta Pusat,0101,5729876,2016-08-08,888889125201729,Ratna Kusuma,Patuh_Konsisten,44,7771000.0
BU-0448,PT Sentosa Ritel Modern,PT,J,Informasi dan Komunikasi / Teknologi,Menengah,Banten,KC Tangerang,0205,3100881,2021-09-10,888883104929112,Mega Pratama,Rentan_Tunggakan,60,4996000.0
BU-0449,PT Mega Agro Makmur,PT,A,"Pertanian, Perkebunan Kelapa Sawit & Kehutanan",Kecil,Jawa Tengah,KC Semarang,0305,2327386,2023-09-06,888889885757271,Hendra Handayani,Patuh_Konsisten,27,3236000.0
BU-0450,Koperasi Daya Sarana Jaya,Koperasi,I,Penyediaan Akomodasi dan F&B (Restoran & Hotel),Mikro,Jawa Barat,KC Bandung,0201,2317601,2024-09-13,888884151036012,Bambang Hidayat,Residivis_Kambuhan,6,2791000.0
BU-0451,Koperasi Sinar Katering Prima,Koperasi,H,"Transportasi, Pergudangan & Logistik",Kecil,Riau,KC Pekanbaru,0403,3780495,2024-09-27,888882664260498,Reza Kurniawan,Rentan_PDS_TK,30,5007000.0
BU-0452,Koperasi Garuda Solusindo,Koperasi,Q,Aktivitas Pelayanan Kesehatan & Rumah Sakit Swasta,Besar,Jawa Tengah,KC Semarang,0305,2327386,2020-11-11,888881474439845,Reza Kurniawan,Patuh_Konsisten,827,4014000.0
BU-0453,PT Sentosa Teknologi,PT,F,Konstruksi & Infrastruktur,Kecil,Kalimantan Timur,KC Balikpapan,0501,3762431,2021-04-04,888889726588217,Doni Kurniawan,Patuh_Konsisten,12,4105000.0
BU-0454,CV Sinar Duta Abadi,CV,Q,Aktivitas Pelayanan Kesehatan & Rumah Sakit Swasta,Kecil,Jawa Timur,KC Surabaya,0301,2446880,2017-10-23,888881304401362,Ratna Kurniawan,Nakal_Kombinasi,26,2501000.0
BU-0455,Koperasi Cipta Agro Makmur,Koperasi,Q,Aktivitas Pelayanan Kesehatan & Rumah Sakit Swasta,Menengah,Jawa Timur,KC Surabaya,0301,2446880,2020-06-26,888884042699946,Mega Saputra,Rentan_PDS_TK,65,3653000.0
BU-0456,PT Cipta Perkasa,PT,A,"Pertanian, Perkebunan Kelapa Sawit & Kehutanan",Besar,DKI Jakarta,KC Jakarta Pusat,0101,5729876,2022-02-04,888884114589739,Reza Handayani,Rentan_PDS_Upah,279,15568000.0
BU-0457,PT Tri Katering Prima,PT,N,Jasa Penunjang Usaha (Alih Daya / Outsourcing / Security),Besar,DKI Jakarta,KC Jakarta Pusat,0101,5729876,2016-09-24,888887692167252,Lina Utami,Patuh_Konsisten,783,12823000.0
BU-0458,PT Bumi Agro Makmur,PT,K,"Jasa Keuangan, Pembiayaan dan Asuransi",Kecil,DKI Jakarta,KC Jakarta Pusat,0101,5729876,2016-03-18,888886891490448,Doni Utami,Rentan_Tunggakan,37,8006000.0
BU-0459,CV Sejahtera Duta Abadi,CV,H,"Transportasi, Pergudangan & Logistik",Kecil,Jawa Barat,KC Bandung,0201,2317601,2022-12-09,888887238025415,Doni Kusuma,Rentan_Tunggakan,44,2541000.0
BU-0460,PT Sinar Tekstil,PT,C,Industri Pengolahan / Manufaktur,Menengah,Banten,KC Tangerang,0205,3100881,2018-01-10,888885227941857,Ratna Utami,Patuh_Konsisten,182,3964000.0
BU-0461,PT Daya Sarana Jaya,PT,H,"Transportasi, Pergudangan & Logistik",Besar,DKI Jakarta,KC Jakarta Pusat,0101,5729876,2023-03-04,888885457043482,Fitri Pratama,Patuh_Konsisten,723,12230000.0
BU-0462,PT Inti Duta Abadi,PT,G,Perdagangan Besar dan Eceran,Kecil,Jawa Barat,KC Bandung,0201,2317601,2018-02-19,888884942272347,Lina Kurniawan,Rentan_PDS_TK,25,2561000.0
BU-0463,Koperasi Wijaya Teknologi,Koperasi,H,"Transportasi, Pergudangan & Logistik",Besar,Sumatera Utara,KC Medan,0401,3228949,2023-02-20,888888053429914,Bambang Kurniawan,Patuh_Konsisten,699,8197000.0
BU-0464,CV Cipta Logistik,CV,K,"Jasa Keuangan, Pembiayaan dan Asuransi",Mikro,Banten,KC Tangerang,0205,3100881,2020-07-28,888884308800114,Mega Kusuma,Patuh_Konsisten,6,3586000.0
BU-0465,PT Karya Multi Karya,PT,J,Informasi dan Komunikasi / Teknologi,Kecil,DKI Jakarta,KC Jakarta Pusat,0101,5729876,2023-03-11,888881948316671,Bambang Kurniawan,Patuh_Konsisten,12,6553000.0
BU-0466,CV Sinar Duta Abadi,CV,J,Informasi dan Komunikasi / Teknologi,Kecil,Sumatera Utara,KC Medan,0401,3228949,2020-05-26,888882693601838,Hendra Saputra,Patuh_Konsisten,42,3360000.0
BU-0467,CV Sumber Logistik,CV,F,Konstruksi & Infrastruktur,Kecil,Jawa Timur,KC Surabaya,0301,2446880,2015-07-17,888883997331061,Hendra Handayani,Rentan_PDS_Upah,45,2886000.0
BU-0468,PT Wijaya Hospitality,PT,A,"Pertanian, Perkebunan Kelapa Sawit & Kehutanan",Menengah,DKI Jakarta,KC Jakarta Pusat,0101,5729876,2023-12-17,888882057617830,Lina Saputra,Patuh_Konsisten,196,7657000.0
BU-0469,PT Bumi Duta Abadi,PT,J,Informasi dan Komunikasi / Teknologi,Menengah,Jawa Tengah,KC Semarang,0305,2327386,2020-07-12,888882495970877,Fitri Saputra,Patuh_Konsisten,72,2925000.0
BU-0470,Yayasan Nusantara Perkasa,Yayasan,K,"Jasa Keuangan, Pembiayaan dan Asuransi",Menengah,Sumatera Utara,KC Medan,0401,3228949,2023-08-20,888885921252890,Bambang Utami,Rentan_PDS_TK,93,6743000.0
BU-0471,PT Bumi Farmasi Medika,PT,N,Jasa Penunjang Usaha (Alih Daya / Outsourcing / Security),Kecil,DKI Jakarta,KC Jakarta Pusat,0101,5729876,2015-02-24,888881234238999,Mega Pratama,Patuh_Konsisten,19,7684000.0
BU-0472,PT Mega Pangan,PT,I,Penyediaan Akomodasi dan F&B (Restoran & Hotel),Besar,DKI Jakarta,KC Jakarta Pusat,0101,5729876,2014-06-07,888881909997553,Reza Hidayat,Rentan_PDS_TK,512,11317000.0
BU-0473,CV Wijaya Lintas Samudera,CV,I,Penyediaan Akomodasi dan F&B (Restoran & Hotel),Kecil,DKI Jakarta,KC Jakarta Pusat,0101,5729876,2024-01-13,888885481721096,Hendra Kusuma,Patuh_Konsisten,19,7522000.0
BU-0474,PT Sinar Ritel Modern,PT,I,Penyediaan Akomodasi dan F&B (Restoran & Hotel),Kecil,Sulawesi Selatan,KC Makassar,0601,3921088,2014-02-13,888888131247005,Fitri Utami,Patuh_Konsisten,13,4742000.0
BU-0475,PT Karya Hospitality,PT,F,Konstruksi & Infrastruktur,Besar,DKI Jakarta,KC Jakarta Pusat,0101,5729876,2022-12-04,888889177068228,Maya Utami,Patuh_Konsisten,436,15870000.0
BU-0476,CV Cipta Teknologi,CV,K,"Jasa Keuangan, Pembiayaan dan Asuransi",Besar,Sulawesi Selatan,KC Makassar,0601,3921088,2021-09-23,888881092292243,Ratna Hidayat,Patuh_Konsisten,403,8042000.0
BU-0477,PT Wijaya Hospitality,PT,I,Penyediaan Akomodasi dan F&B (Restoran & Hotel),Kecil,Jawa Timur,KC Surabaya,0301,2446880,2024-06-12,888887980313867,Ratna Hidayat,Rentan_Tunggakan,20,2467000.0
BU-0478,Koperasi Bina Ritel Modern,Koperasi,I,Penyediaan Akomodasi dan F&B (Restoran & Hotel),Menengah,Banten,KC Tangerang,0205,3100881,2014-09-09,888881968870326,Fitri Handayani,Patuh_Konsisten,149,6189000.0
BU-0479,PT Mitra Multi Karya,PT,G,Perdagangan Besar dan Eceran,Kecil,DKI Jakarta,KC Jakarta Pusat,0101,5729876,2024-04-14,888885951019935,Yusuf Hidayat,Patuh_Konsisten,49,7980000.0
BU-0480,CV Garuda Solusindo,CV,H,"Transportasi, Pergudangan & Logistik",Menengah,Jawa Tengah,KC Semarang,0305,2327386,2023-09-22,888884436425084,Hendra Saputra,Patuh_Konsisten,102,4119000.0
BU-0481,PT Surya Solusindo,PT,A,"Pertanian, Perkebunan Kelapa Sawit & Kehutanan",Menengah,Sulawesi Selatan,KC Makassar,0601,3921088,2019-02-18,888884089973470,Hendra Saputra,Patuh_Konsisten,194,7926000.0
BU-0482,Yayasan Nusantara Plastindo,Yayasan,G,Perdagangan Besar dan Eceran,Kecil,Banten,KC Tangerang,0205,3100881,2018-08-24,888882175945569,Ratna Kusuma,Rentan_Tunggakan,36,4442000.0
BU-0483,PT Nusantara Lintas Samudera,PT,G,Perdagangan Besar dan Eceran,Besar,Jawa Tengah,KC Semarang,0305,2327386,2023-10-08,888883561349676,Ratna Kurniawan,Rentan_Tunggakan,831,3957000.0
BU-0484,PT Cipta Distribusindo,PT,C,Industri Pengolahan / Manufaktur,Menengah,Jawa Tengah,KC Semarang,0305,2327386,2023-08-23,888888084842984,Hendra Utami,Patuh_Konsisten,84,3787000.0
BU-0485,CV Wijaya Solusindo,CV,J,Informasi dan Komunikasi / Teknologi,Mikro,Riau,KC Pekanbaru,0403,3780495,2014-07-25,888885161029102,Yusuf Handayani,Rentan_PDS_TK,5,4109000.0
BU-0486,Yayasan Bumi Garda Utama,Yayasan,N,Jasa Penunjang Usaha (Alih Daya / Outsourcing / Security),Menengah,Sulawesi Selatan,KC Makassar,0601,3921088,2021-10-16,888888249315123,Maya Pratama,Rentan_PDS_Upah,102,4756000.0
BU-0487,CV Bina Lintas Samudera,CV,J,Informasi dan Komunikasi / Teknologi,Kecil,DKI Jakarta,KC Jakarta Pusat,0101,5729876,2020-10-24,888889755342261,Lina Handayani,Rentan_PDS_TK,34,7587000.0
BU-0488,Koperasi Bina Katering Prima,Koperasi,Q,Aktivitas Pelayanan Kesehatan & Rumah Sakit Swasta,Menengah,Jawa Timur,KC Surabaya,0301,2446880,2014-09-13,888881211722336,Yusuf Handayani,Patuh_Konsisten,182,4064000.0
BU-0489,PT Karya Agro Makmur,PT,J,Informasi dan Komunikasi / Teknologi,Besar,Bali,KC Denpasar,0701,3207459,2023-01-23,888885905881794,Maya Kusuma,Patuh_Konsisten,370,6202000.0
BU-0490,PT Prima Duta Abadi,PT,A,"Pertanian, Perkebunan Kelapa Sawit & Kehutanan",Menengah,Banten,KC Tangerang,0205,3100881,2020-06-15,888881106996713,Maya Hidayat,Rentan_Tunggakan,189,3965000.0
BU-0491,CV Cipta Ritel Modern,CV,N,Jasa Penunjang Usaha (Alih Daya / Outsourcing / Security),Besar,Jawa Timur,KC Surabaya,0301,2446880,2016-12-24,888881530618370,Lina Kurniawan,Rentan_PDS_Upah,531,5720000.0
BU-0492,Yayasan Inti Konstruksi,Yayasan,Q,Aktivitas Pelayanan Kesehatan & Rumah Sakit Swasta,Menengah,Banten,KC Tangerang,0205,3100881,2022-10-06,888882634694666,Hendra Saputra,Patuh_Konsisten,184,5650000.0
BU-0493,Koperasi Bumi Solusindo,Koperasi,K,"Jasa Keuangan, Pembiayaan dan Asuransi",Menengah,Sumatera Utara,KC Medan,0401,3228949,2016-12-02,888887097056942,Yusuf Kurniawan,Rentan_PDS_Upah,91,6378000.0
BU-0494,PT Harapan Teknologi,PT,Q,Aktivitas Pelayanan Kesehatan & Rumah Sakit Swasta,Mikro,Banten,KC Tangerang,0205,3100881,2017-01-20,888888582317251,Bambang Handayani,Rentan_Tunggakan,4,4355000.0
BU-0495,Koperasi Wijaya Sarana Jaya,Koperasi,Q,Aktivitas Pelayanan Kesehatan & Rumah Sakit Swasta,Kecil,Jawa Timur,KC Surabaya,0301,2446880,2021-04-07,888887338134731,Doni Handayani,Patuh_Konsisten,10,3116000.0
BU-0496,CV Sinar Tekstil,CV,F,Konstruksi & Infrastruktur,Menengah,Jawa Barat,KC Bandung,0201,2317601,2018-10-21,888884544432520,Bambang Pratama,Patuh_Konsisten,112,4608000.0
BU-0497,PT Harapan Farmasi Medika,PT,G,Perdagangan Besar dan Eceran,Kecil,Jawa Barat,KC Bandung,0201,2317601,2014-11-19,888886576763981,Lina Kusuma,Patuh_Konsisten,12,2469000.0
BU-0498,CV Prima Teknologi,CV,F,Konstruksi & Infrastruktur,Mikro,Jawa Barat,KC Bandung,0201,2317601,2024-12-23,888887781608576,Bambang Kusuma,Patuh_Konsisten,9,2614000.0
BU-0499,PT Inti Hospitality,PT,I,Penyediaan Akomodasi dan F&B (Restoran & Hotel),Menengah,Jawa Timur,KC Surabaya,0301,2446880,2022-02-10,888883022142957,Lina Kurniawan,Rentan_PDS_TK,67,4577000.0
BU-0500,PT Tri Oto Perkasa,PT,I,Penyediaan Akomodasi dan F&B (Restoran & Hotel),Menengah,Banten,KC Tangerang,0205,3100881,2017-10-02,888885239945630,Maya Kurniawan,Patuh_Konsisten,184,4184000.0
