kode_kbli,sektor_industri,sector_prior_status
A,Pertanian / Perkebunan / Kehutanan,NO_EMPIRICAL_PRIOR__DO_NOT_INFER_SIGNAL_FROM_SECTOR_ALONE
C,Industri Pengolahan / Manufaktur,NO_EMPIRICAL_PRIOR__DO_NOT_INFER_SIGNAL_FROM_SECTOR_ALONE
F,Konstruksi & Infrastruktur,NO_EMPIRICAL_PRIOR__DO_NOT_INFER_SIGNAL_FROM_SECTOR_ALONE
G,Perdagangan Besar dan Eceran,NO_EMPIRICAL_PRIOR__DO_NOT_INFER_SIGNAL_FROM_SECTOR_ALONE
H,"Transportasi, Pergudangan & Logistik",NO_EMPIRICAL_PRIOR__DO_NOT_INFER_SIGNAL_FROM_SECTOR_ALONE
I,Penyediaan Akomodasi dan F&B,NO_EMPIRICAL_PRIOR__DO_NOT_INFER_SIGNAL_FROM_SECTOR_ALONE
J,Informasi dan Komunikasi / Teknologi,NO_EMPIRICAL_PRIOR__DO_NOT_INFER_SIGNAL_FROM_SECTOR_ALONE
K,Jasa Keuangan / Pembiayaan / Asuransi,NO_EMPIRICAL_PRIOR__DO_NOT_INFER_SIGNAL_FROM_SECTOR_ALONE
N,Jasa Penunjang Usaha / Outsourcing / Security,NO_EMPIRICAL_PRIOR__DO_NOT_INFER_SIGNAL_FROM_SECTOR_ALONE
Q,Pelayanan Kesehatan Swasta,NO_EMPIRICAL_PRIOR__DO_NOT_INFER_SIGNAL_FROM_SECTOR_ALONE
