id_review,id_badan_usaha,periode_review,system_recommendation,human_review_outcome_synthetic,simulated_resolution_state,synthetic_outcome_assumption,is_synthetic,tanggal_review,outcome_label
REV-2025-07-BU-0002-0001,BU-0002,2025-07,NOT_GENERATED__SYNTHETIC_NARRATIVE_ONLY,REVIEW_CONFIRMED,RESOLVED_SYNTHETIC,True,True,2025-07-01,SIMULATED_OUTCOME__NOT_MODEL_PERFORMANCE
REV-2025-04-BU-0005-0002,BU-0005,2025-04,NOT_GENERATED__SYNTHETIC_NARRATIVE_ONLY,REQUEST_MORE_EVIDENCE,RESOLVED_SYNTHETIC,True,True,2025-04-01,SIMULATED_OUTCOME__NOT_MODEL_PERFORMANCE
REV-2026-11-BU-0005-0003,BU-0005,2026-11,NOT_GENERATED__SYNTHETIC_NARRATIVE_ONLY,REVIEW_CONFIRMED,OPEN,True,True,2026-11-01,SIMULATED_OUTCOME__NOT_MODEL_PERFORMANCE
REV-2025-07-BU-0009-0004,BU-0009,2025-07,NOT_GENERATED__SYNTHETIC_NARRATIVE_ONLY,REQUEST_MORE_EVIDENCE,OPEN,True,True,2025-07-01,SIMULATED_OUTCOME__NOT_MODEL_PERFORMANCE
REV-2025-06-BU-0011-0005,BU-0011,2025-06,NOT_GENERATED__SYNTHETIC_NARRATIVE_ONLY,REQUEST_MORE_EVIDENCE,RESOLVED_SYNTHETIC,True,True,2025-06-01,SIMULATED_OUTCOME__NOT_MODEL_PERFORMANCE
REV-2026-01-BU-0015-0006,BU-0015,2026-01,NOT_GENERATED__SYNTHETIC_NARRATIVE_ONLY,REVIEW_CONFIRMED,RESOLVED_SYNTHETIC,True,True,2026-01-01,SIMULATED_OUTCOME__NOT_MODEL_PERFORMANCE
REV-2025-03-BU-0021-0007,BU-0021,2025-03,NOT_GENERATED__SYNTHETIC_NARRATIVE_ONLY,REQUEST_MORE_EVIDENCE,RESOLVED_SYNTHETIC,True,True,2025-03-01,SIMULATED_OUTCOME__NOT_MODEL_PERFORMANCE
REV-2025-10-BU-0025-0008,BU-0025,2025-10,NOT_GENERATED__SYNTHETIC_NARRATIVE_ONLY,REQUEST_MORE_EVIDENCE,MONITORING,True,True,2025-10-01,SIMULATED_OUTCOME__NOT_MODEL_PERFORMANCE
REV-2025-09-BU-0032-0009,BU-0032,2025-09,NOT_GENERATED__SYNTHETIC_NARRATIVE_ONLY,REQUEST_MORE_EVIDENCE,MONITORING,True,True,2025-09-01,SIMULATED_OUTCOME__NOT_MODEL_PERFORMANCE
REV-2025-10-BU-0032-0010,BU-0032,2025-10,NOT_GENERATED__SYNTHETIC_NARRATIVE_ONLY,REQUEST_MORE_EVIDENCE,OPEN,True,True,2025-10-01,SIMULATED_OUTCOME__NOT_MODEL_PERFORMANCE
REV-2025-10-BU-0038-0011,BU-0038,2025-10,NOT_GENERATED__SYNTHETIC_NARRATIVE_ONLY,REVIEW_CONFIRMED,OPEN,True,True,2025-10-01,SIMULATED_OUTCOME__NOT_MODEL_PERFORMANCE
REV-2026-12-BU-0038-0012,BU-0038,2026-12,NOT_GENERATED__SYNTHETIC_NARRATIVE_ONLY,REVIEW_CONFIRMED,RESOLVED_SYNTHETIC,True,True,2026-12-01,SIMULATED_OUTCOME__NOT_MODEL_PERFORMANCE
REV-2025-08-BU-0040-0013,BU-0040,2025-08,NOT_GENERATED__SYNTHETIC_NARRATIVE_ONLY,REQUEST_MORE_EVIDENCE,RESOLVED_SYNTHETIC,True,True,2025-08-01,SIMULATED_OUTCOME__NOT_MODEL_PERFORMANCE
REV-2026-10-BU-0040-0014,BU-0040,2026-10,NOT_GENERATED__SYNTHETIC_NARRATIVE_ONLY,REVIEW_CONFIRMED,OPEN,True,True,2026-10-01,SIMULATED_OUTCOME__NOT_MODEL_PERFORMANCE
REV-2026-09-BU-0041-0015,BU-0041,2026-09,NOT_GENERATED__SYNTHETIC_NARRATIVE_ONLY,REVIEW_CONFIRMED,OPEN,True,True,2026-09-01,SIMULATED_OUTCOME__NOT_MODEL_PERFORMANCE
REV-2025-09-BU-0042-0016,BU-0042,2025-09,NOT_GENERATED__SYNTHETIC_NARRATIVE_ONLY,REVIEW_CONFIRMED,RESOLVED_SYNTHETIC,True,True,2025-09-01,SIMULATED_OUTCOME__NOT_MODEL_PERFORMANCE
REV-2026-03-BU-0043-0017,BU-0043,2026-03,NOT_GENERATED__SYNTHETIC_NARRATIVE_ONLY,REVIEW_CONFIRMED,MONITORING,True,True,2026-03-01,SIMULATED_OUTCOME__NOT_MODEL_PERFORMANCE
REV-2025-07-BU-0044-0018,BU-0044,2025-07,NOT_GENERATED__SYNTHETIC_NARRATIVE_ONLY,REVIEW_CONFIRMED,MONITORING,True,True,2025-07-01,SIMULATED_OUTCOME__NOT_MODEL_PERFORMANCE
REV-2026-01-BU-0044-0019,BU-0044,2026-01,NOT_GENERATED__SYNTHETIC_NARRATIVE_ONLY,REVIEW_CONFIRMED,MONITORING,True,True,2026-01-01,SIMULATED_OUTCOME__NOT_MODEL_PERFORMANCE
REV-2025-08-BU-0047-0020,BU-0047,2025-08,NOT_GENERATED__SYNTHETIC_NARRATIVE_ONLY,REVIEW_CONFIRMED,OPEN,True,True,2025-08-01,SIMULATED_OUTCOME__NOT_MODEL_PERFORMANCE
REV-2026-04-BU-0052-0021,BU-0052,2026-04,NOT_GENERATED__SYNTHETIC_NARRATIVE_ONLY,REVIEW_CONFIRMED,OPEN,True,True,2026-04-01,SIMULATED_OUTCOME__NOT_MODEL_PERFORMANCE
REV-2026-07-BU-0055-0022,BU-0055,2026-07,NOT_GENERATED__SYNTHETIC_NARRATIVE_ONLY,REVIEW_CONFIRMED,MONITORING,True,True,2026-07-01,SIMULATED_OUTCOME__NOT_MODEL_PERFORMANCE
REV-2026-08-BU-0055-0023,BU-0055,2026-08,NOT_GENERATED__SYNTHETIC_NARRATIVE_ONLY,REVIEW_CONFIRMED,MONITORING,True,True,2026-08-01,SIMULATED_OUTCOME__NOT_MODEL_PERFORMANCE
REV-2025-04-BU-0057-0024,BU-0057,2025-04,NOT_GENERATED__SYNTHETIC_NARRATIVE_ONLY,REVIEW_CONFIRMED,RESOLVED_SYNTHETIC,True,True,2025-04-01,SIMULATED_OUTCOME__NOT_MODEL_PERFORMANCE
REV-2026-12-BU-0057-0025,BU-0057,2026-12,NOT_GENERATED__SYNTHETIC_NARRATIVE_ONLY,REVIEW_CONFIRMED,OPEN,True,True,2026-12-01,SIMULATED_OUTCOME__NOT_MODEL_PERFORMANCE
REV-2025-06-BU-0059-0026,BU-0059,2025-06,NOT_GENERATED__SYNTHETIC_NARRATIVE_ONLY,REVIEW_CONFIRMED,RESOLVED_SYNTHETIC,True,True,2025-06-01,SIMULATED_OUTCOME__NOT_MODEL_PERFORMANCE
REV-2025-11-BU-0059-0027,BU-0059,2025-11,NOT_GENERATED__SYNTHETIC_NARRATIVE_ONLY,REVIEW_CONFIRMED,MONITORING,True,True,2025-11-01,SIMULATED_OUTCOME__NOT_MODEL_PERFORMANCE
REV-2025-10-BU-0064-0028,BU-0064,2025-10,NOT_GENERATED__SYNTHETIC_NARRATIVE_ONLY,REVIEW_CONFIRMED,OPEN,True,True,2025-10-01,SIMULATED_OUTCOME__NOT_MODEL_PERFORMANCE
REV-2026-01-BU-0064-0029,BU-0064,2026-01,NOT_GENERATED__SYNTHETIC_NARRATIVE_ONLY,REQUEST_MORE_EVIDENCE,MONITORING,True,True,2026-01-01,SIMULATED_OUTCOME__NOT_MODEL_PERFORMANCE
REV-2026-07-BU-0064-0030,BU-0064,2026-07,NOT_GENERATED__SYNTHETIC_NARRATIVE_ONLY,REVIEW_CONFIRMED,OPEN,True,True,2026-07-01,SIMULATED_OUTCOME__NOT_MODEL_PERFORMANCE
REV-2025-12-BU-0069-0031,BU-0069,2025-12,NOT_GENERATED__SYNTHETIC_NARRATIVE_ONLY,REVIEW_CONFIRMED,OPEN,True,True,2025-12-01,SIMULATED_OUTCOME__NOT_MODEL_PERFORMANCE
REV-2025-04-BU-0070-0032,BU-0070,2025-04,NOT_GENERATED__SYNTHETIC_NARRATIVE_ONLY,REVIEW_CONFIRMED,OPEN,True,True,2025-04-01,SIMULATED_OUTCOME__NOT_MODEL_PERFORMANCE
REV-2025-07-BU-0070-0033,BU-0070,2025-07,NOT_GENERATED__SYNTHETIC_NARRATIVE_ONLY,REVIEW_CONFIRMED,OPEN,True,True,2025-07-01,SIMULATED_OUTCOME__NOT_MODEL_PERFORMANCE
REV-2025-10-BU-0070-0034,BU-0070,2025-10,NOT_GENERATED__SYNTHETIC_NARRATIVE_ONLY,REVIEW_CONFIRMED,MONITORING,True,True,2025-10-01,SIMULATED_OUTCOME__NOT_MODEL_PERFORMANCE
REV-2026-04-BU-0070-0035,BU-0070,2026-04,NOT_GENERATED__SYNTHETIC_NARRATIVE_ONLY,REVIEW_CONFIRMED,MONITORING,True,True,2026-04-01,SIMULATED_OUTCOME__NOT_MODEL_PERFORMANCE
REV-2025-11-BU-0071-0036,BU-0071,2025-11,NOT_GENERATED__SYNTHETIC_NARRATIVE_ONLY,REVIEW_CONFIRMED,RESOLVED_SYNTHETIC,True,True,2025-11-01,SIMULATED_OUTCOME__NOT_MODEL_PERFORMANCE
REV-2025-06-BU-0078-0037,BU-0078,2025-06,NOT_GENERATED__SYNTHETIC_NARRATIVE_ONLY,REQUEST_MORE_EVIDENCE,OPEN,True,True,2025-06-01,SIMULATED_OUTCOME__NOT_MODEL_PERFORMANCE
REV-2026-05-BU-0078-0038,BU-0078,2026-05,NOT_GENERATED__SYNTHETIC_NARRATIVE_ONLY,REVIEW_CONFIRMED,MONITORING,True,True,2026-05-01,SIMULATED_OUTCOME__NOT_MODEL_PERFORMANCE
REV-2026-08-BU-0078-0039,BU-0078,2026-08,NOT_GENERATED__SYNTHETIC_NARRATIVE_ONLY,NO_ACTION_AFTER_REVIEW,MONITORING,True,True,2026-08-01,SIMULATED_OUTCOME__NOT_MODEL_PERFORMANCE
REV-2025-09-BU-0080-0040,BU-0080,2025-09,NOT_GENERATED__SYNTHETIC_NARRATIVE_ONLY,REVIEW_CONFIRMED,OPEN,True,True,2025-09-01,SIMULATED_OUTCOME__NOT_MODEL_PERFORMANCE
REV-2026-07-BU-0080-0041,BU-0080,2026-07,NOT_GENERATED__SYNTHETIC_NARRATIVE_ONLY,REQUEST_MORE_EVIDENCE,RESOLVED_SYNTHETIC,True,True,2026-07-01,SIMULATED_OUTCOME__NOT_MODEL_PERFORMANCE
REV-2026-12-BU-0085-0042,BU-0085,2026-12,NOT_GENERATED__SYNTHETIC_NARRATIVE_ONLY,REVIEW_CONFIRMED,OPEN,True,True,2026-12-01,SIMULATED_OUTCOME__NOT_MODEL_PERFORMANCE
REV-2025-04-BU-0086-0043,BU-0086,2025-04,NOT_GENERATED__SYNTHETIC_NARRATIVE_ONLY,REQUEST_MORE_EVIDENCE,OPEN,True,True,2025-04-01,SIMULATED_OUTCOME__NOT_MODEL_PERFORMANCE
REV-2025-09-BU-0088-0044,BU-0088,2025-09,NOT_GENERATED__SYNTHETIC_NARRATIVE_ONLY,REVIEW_CONFIRMED,OPEN,True,True,2025-09-01,SIMULATED_OUTCOME__NOT_MODEL_PERFORMANCE
REV-2025-11-BU-0088-0045,BU-0088,2025-11,NOT_GENERATED__SYNTHETIC_NARRATIVE_ONLY,NO_ACTION_AFTER_REVIEW,OPEN,True,True,2025-11-01,SIMULATED_OUTCOME__NOT_MODEL_PERFORMANCE
REV-2025-12-BU-0092-0046,BU-0092,2025-12,NOT_GENERATED__SYNTHETIC_NARRATIVE_ONLY,REQUEST_MORE_EVIDENCE,MONITORING,True,True,2025-12-01,SIMULATED_OUTCOME__NOT_MODEL_PERFORMANCE
REV-2026-06-BU-0092-0047,BU-0092,2026-06,NOT_GENERATED__SYNTHETIC_NARRATIVE_ONLY,REVIEW_CONFIRMED,MONITORING,True,True,2026-06-01,SIMULATED_OUTCOME__NOT_MODEL_PERFORMANCE
REV-2025-11-BU-0093-0048,BU-0093,2025-11,NOT_GENERATED__SYNTHETIC_NARRATIVE_ONLY,REVIEW_CONFIRMED,OPEN,True,True,2025-11-01,SIMULATED_OUTCOME__NOT_MODEL_PERFORMANCE
REV-2025-12-BU-0093-0049,BU-0093,2025-12,NOT_GENERATED__SYNTHETIC_NARRATIVE_ONLY,REVIEW_CONFIRMED,OPEN,True,True,2025-12-01,SIMULATED_OUTCOME__NOT_MODEL_PERFORMANCE
REV-2026-02-BU-0093-0050,BU-0093,2026-02,NOT_GENERATED__SYNTHETIC_NARRATIVE_ONLY,REVIEW_CONFIRMED,MONITORING,True,True,2026-02-01,SIMULATED_OUTCOME__NOT_MODEL_PERFORMANCE
REV-2026-10-BU-0098-0051,BU-0098,2026-10,NOT_GENERATED__SYNTHETIC_NARRATIVE_ONLY,NO_ACTION_AFTER_REVIEW,RESOLVED_SYNTHETIC,True,True,2026-10-01,SIMULATED_OUTCOME__NOT_MODEL_PERFORMANCE
REV-2025-11-BU-0099-0052,BU-0099,2025-11,NOT_GENERATED__SYNTHETIC_NARRATIVE_ONLY,REQUEST_MORE_EVIDENCE,OPEN,True,True,2025-11-01,SIMULATED_OUTCOME__NOT_MODEL_PERFORMANCE
REV-2026-06-BU-0099-0053,BU-0099,2026-06,NOT_GENERATED__SYNTHETIC_NARRATIVE_ONLY,REVIEW_CONFIRMED,MONITORING,True,True,2026-06-01,SIMULATED_OUTCOME__NOT_MODEL_PERFORMANCE
REV-2025-08-BU-0101-0054,BU-0101,2025-08,NOT_GENERATED__SYNTHETIC_NARRATIVE_ONLY,REVIEW_CONFIRMED,OPEN,True,True,2025-08-01,SIMULATED_OUTCOME__NOT_MODEL_PERFORMANCE
REV-2026-07-BU-0105-0055,BU-0105,2026-07,NOT_GENERATED__SYNTHETIC_NARRATIVE_ONLY,REVIEW_CONFIRMED,RESOLVED_SYNTHETIC,True,True,2026-07-01,SIMULATED_OUTCOME__NOT_MODEL_PERFORMANCE
REV-2026-12-BU-0105-0056,BU-0105,2026-12,NOT_GENERATED__SYNTHETIC_NARRATIVE_ONLY,NO_ACTION_AFTER_REVIEW,MONITORING,True,True,2026-12-01,SIMULATED_OUTCOME__NOT_MODEL_PERFORMANCE
REV-2025-08-BU-0106-0057,BU-0106,2025-08,NOT_GENERATED__SYNTHETIC_NARRATIVE_ONLY,REQUEST_MORE_EVIDENCE,MONITORING,True,True,2025-08-01,SIMULATED_OUTCOME__NOT_MODEL_PERFORMANCE
REV-2026-06-BU-0106-0058,BU-0106,2026-06,NOT_GENERATED__SYNTHETIC_NARRATIVE_ONLY,REQUEST_MORE_EVIDENCE,MONITORING,True,True,2026-06-01,SIMULATED_OUTCOME__NOT_MODEL_PERFORMANCE
REV-2025-07-BU-0110-0059,BU-0110,2025-07,NOT_GENERATED__SYNTHETIC_NARRATIVE_ONLY,REVIEW_CONFIRMED,RESOLVED_SYNTHETIC,True,True,2025-07-01,SIMULATED_OUTCOME__NOT_MODEL_PERFORMANCE
REV-2026-07-BU-0110-0060,BU-0110,2026-07,NOT_GENERATED__SYNTHETIC_NARRATIVE_ONLY,REVIEW_CONFIRMED,RESOLVED_SYNTHETIC,True,True,2026-07-01,SIMULATED_OUTCOME__NOT_MODEL_PERFORMANCE
REV-2026-02-BU-0111-0061,BU-0111,2026-02,NOT_GENERATED__SYNTHETIC_NARRATIVE_ONLY,REQUEST_MORE_EVIDENCE,MONITORING,True,True,2026-02-01,SIMULATED_OUTCOME__NOT_MODEL_PERFORMANCE
REV-2026-07-BU-0111-0062,BU-0111,2026-07,NOT_GENERATED__SYNTHETIC_NARRATIVE_ONLY,REQUEST_MORE_EVIDENCE,RESOLVED_SYNTHETIC,True,True,2026-07-01,SIMULATED_OUTCOME__NOT_MODEL_PERFORMANCE
REV-2026-01-BU-0115-0063,BU-0115,2026-01,NOT_GENERATED__SYNTHETIC_NARRATIVE_ONLY,REVIEW_CONFIRMED,MONITORING,True,True,2026-01-01,SIMULATED_OUTCOME__NOT_MODEL_PERFORMANCE
REV-2026-08-BU-0115-0064,BU-0115,2026-08,NOT_GENERATED__SYNTHETIC_NARRATIVE_ONLY,REQUEST_MORE_EVIDENCE,RESOLVED_SYNTHETIC,True,True,2026-08-01,SIMULATED_OUTCOME__NOT_MODEL_PERFORMANCE
REV-2025-07-BU-0116-0065,BU-0116,2025-07,NOT_GENERATED__SYNTHETIC_NARRATIVE_ONLY,NO_ACTION_AFTER_REVIEW,OPEN,True,True,2025-07-01,SIMULATED_OUTCOME__NOT_MODEL_PERFORMANCE
REV-2026-01-BU-0116-0066,BU-0116,2026-01,NOT_GENERATED__SYNTHETIC_NARRATIVE_ONLY,REVIEW_CONFIRMED,OPEN,True,True,2026-01-01,SIMULATED_OUTCOME__NOT_MODEL_PERFORMANCE
REV-2025-08-BU-0124-0067,BU-0124,2025-08,NOT_GENERATED__SYNTHETIC_NARRATIVE_ONLY,REVIEW_CONFIRMED,RESOLVED_SYNTHETIC,True,True,2025-08-01,SIMULATED_OUTCOME__NOT_MODEL_PERFORMANCE
REV-2025-08-BU-0126-0068,BU-0126,2025-08,NOT_GENERATED__SYNTHETIC_NARRATIVE_ONLY,REQUEST_MORE_EVIDENCE,RESOLVED_SYNTHETIC,True,True,2025-08-01,SIMULATED_OUTCOME__NOT_MODEL_PERFORMANCE
REV-2025-11-BU-0129-0069,BU-0129,2025-11,NOT_GENERATED__SYNTHETIC_NARRATIVE_ONLY,REVIEW_CONFIRMED,MONITORING,True,True,2025-11-01,SIMULATED_OUTCOME__NOT_MODEL_PERFORMANCE
REV-2026-10-BU-0129-0070,BU-0129,2026-10,NOT_GENERATED__SYNTHETIC_NARRATIVE_ONLY,REQUEST_MORE_EVIDENCE,OPEN,True,True,2026-10-01,SIMULATED_OUTCOME__NOT_MODEL_PERFORMANCE
REV-2026-04-BU-0131-0071,BU-0131,2026-04,NOT_GENERATED__SYNTHETIC_NARRATIVE_ONLY,REQUEST_MORE_EVIDENCE,OPEN,True,True,2026-04-01,SIMULATED_OUTCOME__NOT_MODEL_PERFORMANCE
REV-2025-06-BU-0134-0072,BU-0134,2025-06,NOT_GENERATED__SYNTHETIC_NARRATIVE_ONLY,REQUEST_MORE_EVIDENCE,MONITORING,True,True,2025-06-01,SIMULATED_OUTCOME__NOT_MODEL_PERFORMANCE
REV-2025-10-BU-0135-0073,BU-0135,2025-10,NOT_GENERATED__SYNTHETIC_NARRATIVE_ONLY,REVIEW_CONFIRMED,OPEN,True,True,2025-10-01,SIMULATED_OUTCOME__NOT_MODEL_PERFORMANCE
REV-2026-06-BU-0135-0074,BU-0135,2026-06,NOT_GENERATED__SYNTHETIC_NARRATIVE_ONLY,REVIEW_CONFIRMED,RESOLVED_SYNTHETIC,True,True,2026-06-01,SIMULATED_OUTCOME__NOT_MODEL_PERFORMANCE
REV-2025-12-BU-0139-0075,BU-0139,2025-12,NOT_GENERATED__SYNTHETIC_NARRATIVE_ONLY,REVIEW_CONFIRMED,RESOLVED_SYNTHETIC,True,True,2025-12-01,SIMULATED_OUTCOME__NOT_MODEL_PERFORMANCE
REV-2026-05-BU-0139-0076,BU-0139,2026-05,NOT_GENERATED__SYNTHETIC_NARRATIVE_ONLY,REVIEW_CONFIRMED,RESOLVED_SYNTHETIC,True,True,2026-05-01,SIMULATED_OUTCOME__NOT_MODEL_PERFORMANCE
REV-2025-10-BU-0140-0077,BU-0140,2025-10,NOT_GENERATED__SYNTHETIC_NARRATIVE_ONLY,REQUEST_MORE_EVIDENCE,RESOLVED_SYNTHETIC,True,True,2025-10-01,SIMULATED_OUTCOME__NOT_MODEL_PERFORMANCE
REV-2025-08-BU-0146-0078,BU-0146,2025-08,NOT_GENERATED__SYNTHETIC_NARRATIVE_ONLY,NO_ACTION_AFTER_REVIEW,MONITORING,True,True,2025-08-01,SIMULATED_OUTCOME__NOT_MODEL_PERFORMANCE
REV-2026-06-BU-0146-0079,BU-0146,2026-06,NOT_GENERATED__SYNTHETIC_NARRATIVE_ONLY,REVIEW_CONFIRMED,MONITORING,True,True,2026-06-01,SIMULATED_OUTCOME__NOT_MODEL_PERFORMANCE
REV-2026-08-BU-0146-0080,BU-0146,2026-08,NOT_GENERATED__SYNTHETIC_NARRATIVE_ONLY,REVIEW_CONFIRMED,RESOLVED_SYNTHETIC,True,True,2026-08-01,SIMULATED_OUTCOME__NOT_MODEL_PERFORMANCE
REV-2026-10-BU-0153-0081,BU-0153,2026-10,NOT_GENERATED__SYNTHETIC_NARRATIVE_ONLY,REQUEST_MORE_EVIDENCE,RESOLVED_SYNTHETIC,True,True,2026-10-01,SIMULATED_OUTCOME__NOT_MODEL_PERFORMANCE
REV-2026-12-BU-0153-0082,BU-0153,2026-12,NOT_GENERATED__SYNTHETIC_NARRATIVE_ONLY,REVIEW_CONFIRMED,MONITORING,True,True,2026-12-01,SIMULATED_OUTCOME__NOT_MODEL_PERFORMANCE
REV-2026-11-BU-0163-0083,BU-0163,2026-11,NOT_GENERATED__SYNTHETIC_NARRATIVE_ONLY,REQUEST_MORE_EVIDENCE,MONITORING,True,True,2026-11-01,SIMULATED_OUTCOME__NOT_MODEL_PERFORMANCE
REV-2026-10-BU-0165-0084,BU-0165,2026-10,NOT_GENERATED__SYNTHETIC_NARRATIVE_ONLY,REVIEW_CONFIRMED,MONITORING,True,True,2026-10-01,SIMULATED_OUTCOME__NOT_MODEL_PERFORMANCE
REV-2025-08-BU-0167-0085,BU-0167,2025-08,NOT_GENERATED__SYNTHETIC_NARRATIVE_ONLY,NO_ACTION_AFTER_REVIEW,MONITORING,True,True,2025-08-01,SIMULATED_OUTCOME__NOT_MODEL_PERFORMANCE
REV-2026-12-BU-0167-0086,BU-0167,2026-12,NOT_GENERATED__SYNTHETIC_NARRATIVE_ONLY,REVIEW_CONFIRMED,RESOLVED_SYNTHETIC,True,True,2026-12-01,SIMULATED_OUTCOME__NOT_MODEL_PERFORMANCE
REV-2026-07-BU-0170-0087,BU-0170,2026-07,NOT_GENERATED__SYNTHETIC_NARRATIVE_ONLY,REVIEW_CONFIRMED,OPEN,True,True,2026-07-01,SIMULATED_OUTCOME__NOT_MODEL_PERFORMANCE
REV-2026-01-BU-0172-0088,BU-0172,2026-01,NOT_GENERATED__SYNTHETIC_NARRATIVE_ONLY,REVIEW_CONFIRMED,RESOLVED_SYNTHETIC,True,True,2026-01-01,SIMULATED_OUTCOME__NOT_MODEL_PERFORMANCE
REV-2025-05-BU-0178-0089,BU-0178,2025-05,NOT_GENERATED__SYNTHETIC_NARRATIVE_ONLY,REVIEW_CONFIRMED,MONITORING,True,True,2025-05-01,SIMULATED_OUTCOME__NOT_MODEL_PERFORMANCE
REV-2026-03-BU-0178-0090,BU-0178,2026-03,NOT_GENERATED__SYNTHETIC_NARRATIVE_ONLY,REVIEW_CONFIRMED,OPEN,True,True,2026-03-01,SIMULATED_OUTCOME__NOT_MODEL_PERFORMANCE
REV-2026-04-BU-0178-0091,BU-0178,2026-04,NOT_GENERATED__SYNTHETIC_NARRATIVE_ONLY,REVIEW_CONFIRMED,OPEN,True,True,2026-04-01,SIMULATED_OUTCOME__NOT_MODEL_PERFORMANCE
REV-2025-11-BU-0180-0092,BU-0180,2025-11,NOT_GENERATED__SYNTHETIC_NARRATIVE_ONLY,REQUEST_MORE_EVIDENCE,RESOLVED_SYNTHETIC,True,True,2025-11-01,SIMULATED_OUTCOME__NOT_MODEL_PERFORMANCE
REV-2026-04-BU-0180-0093,BU-0180,2026-04,NOT_GENERATED__SYNTHETIC_NARRATIVE_ONLY,REVIEW_CONFIRMED,MONITORING,True,True,2026-04-01,SIMULATED_OUTCOME__NOT_MODEL_PERFORMANCE
REV-2025-04-BU-0184-0094,BU-0184,2025-04,NOT_GENERATED__SYNTHETIC_NARRATIVE_ONLY,REVIEW_CONFIRMED,OPEN,True,True,2025-04-01,SIMULATED_OUTCOME__NOT_MODEL_PERFORMANCE
REV-2025-10-BU-0188-0095,BU-0188,2025-10,NOT_GENERATED__SYNTHETIC_NARRATIVE_ONLY,REQUEST_MORE_EVIDENCE,MONITORING,True,True,2025-10-01,SIMULATED_OUTCOME__NOT_MODEL_PERFORMANCE
REV-2025-12-BU-0188-0096,BU-0188,2025-12,NOT_GENERATED__SYNTHETIC_NARRATIVE_ONLY,REQUEST_MORE_EVIDENCE,OPEN,True,True,2025-12-01,SIMULATED_OUTCOME__NOT_MODEL_PERFORMANCE
REV-2026-06-BU-0188-0097,BU-0188,2026-06,NOT_GENERATED__SYNTHETIC_NARRATIVE_ONLY,REVIEW_CONFIRMED,MONITORING,True,True,2026-06-01,SIMULATED_OUTCOME__NOT_MODEL_PERFORMANCE
REV-2026-09-BU-0188-0098,BU-0188,2026-09,NOT_GENERATED__SYNTHETIC_NARRATIVE_ONLY,REVIEW_CONFIRMED,RESOLVED_SYNTHETIC,True,True,2026-09-01,SIMULATED_OUTCOME__NOT_MODEL_PERFORMANCE
REV-2026-04-BU-0191-0099,BU-0191,2026-04,NOT_GENERATED__SYNTHETIC_NARRATIVE_ONLY,REQUEST_MORE_EVIDENCE,OPEN,True,True,2026-04-01,SIMULATED_OUTCOME__NOT_MODEL_PERFORMANCE
REV-2026-11-BU-0191-0100,BU-0191,2026-11,NOT_GENERATED__SYNTHETIC_NARRATIVE_ONLY,REVIEW_CONFIRMED,MONITORING,True,True,2026-11-01,SIMULATED_OUTCOME__NOT_MODEL_PERFORMANCE
REV-2025-08-BU-0193-0101,BU-0193,2025-08,NOT_GENERATED__SYNTHETIC_NARRATIVE_ONLY,REVIEW_CONFIRMED,OPEN,True,True,2025-08-01,SIMULATED_OUTCOME__NOT_MODEL_PERFORMANCE
REV-2026-02-BU-0196-0102,BU-0196,2026-02,NOT_GENERATED__SYNTHETIC_NARRATIVE_ONLY,REVIEW_CONFIRMED,OPEN,True,True,2026-02-01,SIMULATED_OUTCOME__NOT_MODEL_PERFORMANCE
REV-2026-10-BU-0197-0103,BU-0197,2026-10,NOT_GENERATED__SYNTHETIC_NARRATIVE_ONLY,NO_ACTION_AFTER_REVIEW,MONITORING,True,True,2026-10-01,SIMULATED_OUTCOME__NOT_MODEL_PERFORMANCE
REV-2026-02-BU-0198-0104,BU-0198,2026-02,NOT_GENERATED__SYNTHETIC_NARRATIVE_ONLY,NO_ACTION_AFTER_REVIEW,RESOLVED_SYNTHETIC,True,True,2026-02-01,SIMULATED_OUTCOME__NOT_MODEL_PERFORMANCE
REV-2025-09-BU-0199-0105,BU-0199,2025-09,NOT_GENERATED__SYNTHETIC_NARRATIVE_ONLY,REQUEST_MORE_EVIDENCE,OPEN,True,True,2025-09-01,SIMULATED_OUTCOME__NOT_MODEL_PERFORMANCE
REV-2026-06-BU-0202-0106,BU-0202,2026-06,NOT_GENERATED__SYNTHETIC_NARRATIVE_ONLY,REVIEW_CONFIRMED,RESOLVED_SYNTHETIC,True,True,2026-06-01,SIMULATED_OUTCOME__NOT_MODEL_PERFORMANCE
REV-2025-06-BU-0209-0107,BU-0209,2025-06,NOT_GENERATED__SYNTHETIC_NARRATIVE_ONLY,NO_ACTION_AFTER_REVIEW,RESOLVED_SYNTHETIC,True,True,2025-06-01,SIMULATED_OUTCOME__NOT_MODEL_PERFORMANCE
REV-2025-11-BU-0212-0108,BU-0212,2025-11,NOT_GENERATED__SYNTHETIC_NARRATIVE_ONLY,REQUEST_MORE_EVIDENCE,RESOLVED_SYNTHETIC,True,True,2025-11-01,SIMULATED_OUTCOME__NOT_MODEL_PERFORMANCE
REV-2025-07-BU-0223-0109,BU-0223,2025-07,NOT_GENERATED__SYNTHETIC_NARRATIVE_ONLY,REVIEW_CONFIRMED,OPEN,True,True,2025-07-01,SIMULATED_OUTCOME__NOT_MODEL_PERFORMANCE
REV-2026-07-BU-0223-0110,BU-0223,2026-07,NOT_GENERATED__SYNTHETIC_NARRATIVE_ONLY,REVIEW_CONFIRMED,RESOLVED_SYNTHETIC,True,True,2026-07-01,SIMULATED_OUTCOME__NOT_MODEL_PERFORMANCE
REV-2025-10-BU-0224-0111,BU-0224,2025-10,NOT_GENERATED__SYNTHETIC_NARRATIVE_ONLY,REVIEW_CONFIRMED,MONITORING,True,True,2025-10-01,SIMULATED_OUTCOME__NOT_MODEL_PERFORMANCE
REV-2026-02-BU-0224-0112,BU-0224,2026-02,NOT_GENERATED__SYNTHETIC_NARRATIVE_ONLY,REVIEW_CONFIRMED,MONITORING,True,True,2026-02-01,SIMULATED_OUTCOME__NOT_MODEL_PERFORMANCE
REV-2026-09-BU-0224-0113,BU-0224,2026-09,NOT_GENERATED__SYNTHETIC_NARRATIVE_ONLY,NO_ACTION_AFTER_REVIEW,RESOLVED_SYNTHETIC,True,True,2026-09-01,SIMULATED_OUTCOME__NOT_MODEL_PERFORMANCE
REV-2026-01-BU-0232-0114,BU-0232,2026-01,NOT_GENERATED__SYNTHETIC_NARRATIVE_ONLY,REVIEW_CONFIRMED,RESOLVED_SYNTHETIC,True,True,2026-01-01,SIMULATED_OUTCOME__NOT_MODEL_PERFORMANCE
REV-2026-02-BU-0235-0115,BU-0235,2026-02,NOT_GENERATED__SYNTHETIC_NARRATIVE_ONLY,REQUEST_MORE_EVIDENCE,OPEN,True,True,2026-02-01,SIMULATED_OUTCOME__NOT_MODEL_PERFORMANCE
REV-2026-08-BU-0237-0116,BU-0237,2026-08,NOT_GENERATED__SYNTHETIC_NARRATIVE_ONLY,REVIEW_CONFIRMED,MONITORING,True,True,2026-08-01,SIMULATED_OUTCOME__NOT_MODEL_PERFORMANCE
REV-2026-10-BU-0238-0117,BU-0238,2026-10,NOT_GENERATED__SYNTHETIC_NARRATIVE_ONLY,REVIEW_CONFIRMED,MONITORING,True,True,2026-10-01,SIMULATED_OUTCOME__NOT_MODEL_PERFORMANCE
REV-2025-05-BU-0243-0118,BU-0243,2025-05,NOT_GENERATED__SYNTHETIC_NARRATIVE_ONLY,REVIEW_CONFIRMED,MONITORING,True,True,2025-05-01,SIMULATED_OUTCOME__NOT_MODEL_PERFORMANCE
REV-2026-03-BU-0243-0119,BU-0243,2026-03,NOT_GENERATED__SYNTHETIC_NARRATIVE_ONLY,REVIEW_CONFIRMED,RESOLVED_SYNTHETIC,True,True,2026-03-01,SIMULATED_OUTCOME__NOT_MODEL_PERFORMANCE
REV-2026-06-BU-0243-0120,BU-0243,2026-06,NOT_GENERATED__SYNTHETIC_NARRATIVE_ONLY,REVIEW_CONFIRMED,OPEN,True,True,2026-06-01,SIMULATED_OUTCOME__NOT_MODEL_PERFORMANCE
REV-2025-12-BU-0255-0121,BU-0255,2025-12,NOT_GENERATED__SYNTHETIC_NARRATIVE_ONLY,REVIEW_CONFIRMED,OPEN,True,True,2025-12-01,SIMULATED_OUTCOME__NOT_MODEL_PERFORMANCE
REV-2025-07-BU-0264-0122,BU-0264,2025-07,NOT_GENERATED__SYNTHETIC_NARRATIVE_ONLY,REVIEW_CONFIRMED,MONITORING,True,True,2025-07-01,SIMULATED_OUTCOME__NOT_MODEL_PERFORMANCE
REV-2025-10-BU-0264-0123,BU-0264,2025-10,NOT_GENERATED__SYNTHETIC_NARRATIVE_ONLY,REVIEW_CONFIRMED,RESOLVED_SYNTHETIC,True,True,2025-10-01,SIMULATED_OUTCOME__NOT_MODEL_PERFORMANCE
REV-2026-04-BU-0264-0124,BU-0264,2026-04,NOT_GENERATED__SYNTHETIC_NARRATIVE_ONLY,REVIEW_CONFIRMED,RESOLVED_SYNTHETIC,True,True,2026-04-01,SIMULATED_OUTCOME__NOT_MODEL_PERFORMANCE
REV-2026-05-BU-0264-0125,BU-0264,2026-05,NOT_GENERATED__SYNTHETIC_NARRATIVE_ONLY,REVIEW_CONFIRMED,OPEN,True,True,2026-05-01,SIMULATED_OUTCOME__NOT_MODEL_PERFORMANCE
REV-2025-07-BU-0265-0126,BU-0265,2025-07,NOT_GENERATED__SYNTHETIC_NARRATIVE_ONLY,REVIEW_CONFIRMED,RESOLVED_SYNTHETIC,True,True,2025-07-01,SIMULATED_OUTCOME__NOT_MODEL_PERFORMANCE
REV-2025-08-BU-0269-0127,BU-0269,2025-08,NOT_GENERATED__SYNTHETIC_NARRATIVE_ONLY,REVIEW_CONFIRMED,MONITORING,True,True,2025-08-01,SIMULATED_OUTCOME__NOT_MODEL_PERFORMANCE
REV-2026-01-BU-0269-0128,BU-0269,2026-01,NOT_GENERATED__SYNTHETIC_NARRATIVE_ONLY,REVIEW_CONFIRMED,OPEN,True,True,2026-01-01,SIMULATED_OUTCOME__NOT_MODEL_PERFORMANCE
REV-2026-06-BU-0269-0129,BU-0269,2026-06,NOT_GENERATED__SYNTHETIC_NARRATIVE_ONLY,REVIEW_CONFIRMED,OPEN,True,True,2026-06-01,SIMULATED_OUTCOME__NOT_MODEL_PERFORMANCE
REV-2025-09-BU-0273-0130,BU-0273,2025-09,NOT_GENERATED__SYNTHETIC_NARRATIVE_ONLY,REVIEW_CONFIRMED,OPEN,True,True,2025-09-01,SIMULATED_OUTCOME__NOT_MODEL_PERFORMANCE
REV-2025-11-BU-0273-0131,BU-0273,2025-11,NOT_GENERATED__SYNTHETIC_NARRATIVE_ONLY,REQUEST_MORE_EVIDENCE,OPEN,True,True,2025-11-01,SIMULATED_OUTCOME__NOT_MODEL_PERFORMANCE
REV-2026-06-BU-0274-0132,BU-0274,2026-06,NOT_GENERATED__SYNTHETIC_NARRATIVE_ONLY,REVIEW_CONFIRMED,OPEN,True,True,2026-06-01,SIMULATED_OUTCOME__NOT_MODEL_PERFORMANCE
REV-2025-07-BU-0275-0133,BU-0275,2025-07,NOT_GENERATED__SYNTHETIC_NARRATIVE_ONLY,REVIEW_CONFIRMED,RESOLVED_SYNTHETIC,True,True,2025-07-01,SIMULATED_OUTCOME__NOT_MODEL_PERFORMANCE
REV-2025-10-BU-0275-0134,BU-0275,2025-10,NOT_GENERATED__SYNTHETIC_NARRATIVE_ONLY,REQUEST_MORE_EVIDENCE,MONITORING,True,True,2025-10-01,SIMULATED_OUTCOME__NOT_MODEL_PERFORMANCE
REV-2026-05-BU-0278-0135,BU-0278,2026-05,NOT_GENERATED__SYNTHETIC_NARRATIVE_ONLY,REQUEST_MORE_EVIDENCE,OPEN,True,True,2026-05-01,SIMULATED_OUTCOME__NOT_MODEL_PERFORMANCE
REV-2025-07-BU-0282-0136,BU-0282,2025-07,NOT_GENERATED__SYNTHETIC_NARRATIVE_ONLY,REQUEST_MORE_EVIDENCE,MONITORING,True,True,2025-07-01,SIMULATED_OUTCOME__NOT_MODEL_PERFORMANCE
REV-2026-10-BU-0283-0137,BU-0283,2026-10,NOT_GENERATED__SYNTHETIC_NARRATIVE_ONLY,REVIEW_CONFIRMED,MONITORING,True,True,2026-10-01,SIMULATED_OUTCOME__NOT_MODEL_PERFORMANCE
REV-2026-06-BU-0284-0138,BU-0284,2026-06,NOT_GENERATED__SYNTHETIC_NARRATIVE_ONLY,REVIEW_CONFIRMED,MONITORING,True,True,2026-06-01,SIMULATED_OUTCOME__NOT_MODEL_PERFORMANCE
REV-2025-08-BU-0285-0139,BU-0285,2025-08,NOT_GENERATED__SYNTHETIC_NARRATIVE_ONLY,REVIEW_CONFIRMED,MONITORING,True,True,2025-08-01,SIMULATED_OUTCOME__NOT_MODEL_PERFORMANCE
REV-2026-11-BU-0285-0140,BU-0285,2026-11,NOT_GENERATED__SYNTHETIC_NARRATIVE_ONLY,REVIEW_CONFIRMED,RESOLVED_SYNTHETIC,True,True,2026-11-01,SIMULATED_OUTCOME__NOT_MODEL_PERFORMANCE
REV-2026-03-BU-0292-0141,BU-0292,2026-03,NOT_GENERATED__SYNTHETIC_NARRATIVE_ONLY,REVIEW_CONFIRMED,RESOLVED_SYNTHETIC,True,True,2026-03-01,SIMULATED_OUTCOME__NOT_MODEL_PERFORMANCE
REV-2026-03-BU-0293-0142,BU-0293,2026-03,NOT_GENERATED__SYNTHETIC_NARRATIVE_ONLY,REVIEW_CONFIRMED,OPEN,True,True,2026-03-01,SIMULATED_OUTCOME__NOT_MODEL_PERFORMANCE
REV-2026-06-BU-0293-0143,BU-0293,2026-06,NOT_GENERATED__SYNTHETIC_NARRATIVE_ONLY,REQUEST_MORE_EVIDENCE,OPEN,True,True,2026-06-01,SIMULATED_OUTCOME__NOT_MODEL_PERFORMANCE
REV-2026-04-BU-0295-0144,BU-0295,2026-04,NOT_GENERATED__SYNTHETIC_NARRATIVE_ONLY,REVIEW_CONFIRMED,OPEN,True,True,2026-04-01,SIMULATED_OUTCOME__NOT_MODEL_PERFORMANCE
REV-2026-11-BU-0295-0145,BU-0295,2026-11,NOT_GENERATED__SYNTHETIC_NARRATIVE_ONLY,REVIEW_CONFIRMED,MONITORING,True,True,2026-11-01,SIMULATED_OUTCOME__NOT_MODEL_PERFORMANCE
REV-2026-03-BU-0296-0146,BU-0296,2026-03,NOT_GENERATED__SYNTHETIC_NARRATIVE_ONLY,NO_ACTION_AFTER_REVIEW,MONITORING,True,True,2026-03-01,SIMULATED_OUTCOME__NOT_MODEL_PERFORMANCE
REV-2025-07-BU-0300-0147,BU-0300,2025-07,NOT_GENERATED__SYNTHETIC_NARRATIVE_ONLY,REVIEW_CONFIRMED,OPEN,True,True,2025-07-01,SIMULATED_OUTCOME__NOT_MODEL_PERFORMANCE
REV-2026-05-BU-0300-0148,BU-0300,2026-05,NOT_GENERATED__SYNTHETIC_NARRATIVE_ONLY,REQUEST_MORE_EVIDENCE,RESOLVED_SYNTHETIC,True,True,2026-05-01,SIMULATED_OUTCOME__NOT_MODEL_PERFORMANCE
REV-2026-06-BU-0300-0149,BU-0300,2026-06,NOT_GENERATED__SYNTHETIC_NARRATIVE_ONLY,REVIEW_CONFIRMED,OPEN,True,True,2026-06-01,SIMULATED_OUTCOME__NOT_MODEL_PERFORMANCE
REV-2026-11-BU-0300-0150,BU-0300,2026-11,NOT_GENERATED__SYNTHETIC_NARRATIVE_ONLY,REVIEW_CONFIRMED,MONITORING,True,True,2026-11-01,SIMULATED_OUTCOME__NOT_MODEL_PERFORMANCE
REV-2026-08-BU-0306-0151,BU-0306,2026-08,NOT_GENERATED__SYNTHETIC_NARRATIVE_ONLY,NO_ACTION_AFTER_REVIEW,RESOLVED_SYNTHETIC,True,True,2026-08-01,SIMULATED_OUTCOME__NOT_MODEL_PERFORMANCE
REV-2026-10-BU-0306-0152,BU-0306,2026-10,NOT_GENERATED__SYNTHETIC_NARRATIVE_ONLY,NO_ACTION_AFTER_REVIEW,RESOLVED_SYNTHETIC,True,True,2026-10-01,SIMULATED_OUTCOME__NOT_MODEL_PERFORMANCE
REV-2026-03-BU-0308-0153,BU-0308,2026-03,NOT_GENERATED__SYNTHETIC_NARRATIVE_ONLY,REVIEW_CONFIRMED,RESOLVED_SYNTHETIC,True,True,2026-03-01,SIMULATED_OUTCOME__NOT_MODEL_PERFORMANCE
REV-2026-06-BU-0308-0154,BU-0308,2026-06,NOT_GENERATED__SYNTHETIC_NARRATIVE_ONLY,REVIEW_CONFIRMED,MONITORING,True,True,2026-06-01,SIMULATED_OUTCOME__NOT_MODEL_PERFORMANCE
REV-2025-05-BU-0310-0155,BU-0310,2025-05,NOT_GENERATED__SYNTHETIC_NARRATIVE_ONLY,REVIEW_CONFIRMED,RESOLVED_SYNTHETIC,True,True,2025-05-01,SIMULATED_OUTCOME__NOT_MODEL_PERFORMANCE
REV-2025-05-BU-0316-0156,BU-0316,2025-05,NOT_GENERATED__SYNTHETIC_NARRATIVE_ONLY,REVIEW_CONFIRMED,MONITORING,True,True,2025-05-01,SIMULATED_OUTCOME__NOT_MODEL_PERFORMANCE
REV-2025-07-BU-0318-0157,BU-0318,2025-07,NOT_GENERATED__SYNTHETIC_NARRATIVE_ONLY,REQUEST_MORE_EVIDENCE,OPEN,True,True,2025-07-01,SIMULATED_OUTCOME__NOT_MODEL_PERFORMANCE
REV-2026-06-BU-0330-0158,BU-0330,2026-06,NOT_GENERATED__SYNTHETIC_NARRATIVE_ONLY,REVIEW_CONFIRMED,MONITORING,True,True,2026-06-01,SIMULATED_OUTCOME__NOT_MODEL_PERFORMANCE
REV-2025-12-BU-0333-0159,BU-0333,2025-12,NOT_GENERATED__SYNTHETIC_NARRATIVE_ONLY,REQUEST_MORE_EVIDENCE,MONITORING,True,True,2025-12-01,SIMULATED_OUTCOME__NOT_MODEL_PERFORMANCE
REV-2026-07-BU-0333-0160,BU-0333,2026-07,NOT_GENERATED__SYNTHETIC_NARRATIVE_ONLY,REVIEW_CONFIRMED,RESOLVED_SYNTHETIC,True,True,2026-07-01,SIMULATED_OUTCOME__NOT_MODEL_PERFORMANCE
REV-2026-02-BU-0335-0161,BU-0335,2026-02,NOT_GENERATED__SYNTHETIC_NARRATIVE_ONLY,REQUEST_MORE_EVIDENCE,RESOLVED_SYNTHETIC,True,True,2026-02-01,SIMULATED_OUTCOME__NOT_MODEL_PERFORMANCE
REV-2025-11-BU-0345-0162,BU-0345,2025-11,NOT_GENERATED__SYNTHETIC_NARRATIVE_ONLY,REVIEW_CONFIRMED,RESOLVED_SYNTHETIC,True,True,2025-11-01,SIMULATED_OUTCOME__NOT_MODEL_PERFORMANCE
REV-2026-11-BU-0345-0163,BU-0345,2026-11,NOT_GENERATED__SYNTHETIC_NARRATIVE_ONLY,REVIEW_CONFIRMED,OPEN,True,True,2026-11-01,SIMULATED_OUTCOME__NOT_MODEL_PERFORMANCE
REV-2026-01-BU-0346-0164,BU-0346,2026-01,NOT_GENERATED__SYNTHETIC_NARRATIVE_ONLY,REVIEW_CONFIRMED,MONITORING,True,True,2026-01-01,SIMULATED_OUTCOME__NOT_MODEL_PERFORMANCE
REV-2025-11-BU-0347-0165,BU-0347,2025-11,NOT_GENERATED__SYNTHETIC_NARRATIVE_ONLY,NO_ACTION_AFTER_REVIEW,MONITORING,True,True,2025-11-01,SIMULATED_OUTCOME__NOT_MODEL_PERFORMANCE
REV-2026-04-BU-0353-0166,BU-0353,2026-04,NOT_GENERATED__SYNTHETIC_NARRATIVE_ONLY,REVIEW_CONFIRMED,MONITORING,True,True,2026-04-01,SIMULATED_OUTCOME__NOT_MODEL_PERFORMANCE
REV-2026-08-BU-0353-0167,BU-0353,2026-08,NOT_GENERATED__SYNTHETIC_NARRATIVE_ONLY,REVIEW_CONFIRMED,OPEN,True,True,2026-08-01,SIMULATED_OUTCOME__NOT_MODEL_PERFORMANCE
REV-2026-12-BU-0353-0168,BU-0353,2026-12,NOT_GENERATED__SYNTHETIC_NARRATIVE_ONLY,REVIEW_CONFIRMED,MONITORING,True,True,2026-12-01,SIMULATED_OUTCOME__NOT_MODEL_PERFORMANCE
REV-2026-04-BU-0354-0169,BU-0354,2026-04,NOT_GENERATED__SYNTHETIC_NARRATIVE_ONLY,REVIEW_CONFIRMED,OPEN,True,True,2026-04-01,SIMULATED_OUTCOME__NOT_MODEL_PERFORMANCE
REV-2026-07-BU-0354-0170,BU-0354,2026-07,NOT_GENERATED__SYNTHETIC_NARRATIVE_ONLY,REVIEW_CONFIRMED,RESOLVED_SYNTHETIC,True,True,2026-07-01,SIMULATED_OUTCOME__NOT_MODEL_PERFORMANCE
REV-2026-07-BU-0358-0171,BU-0358,2026-07,NOT_GENERATED__SYNTHETIC_NARRATIVE_ONLY,NO_ACTION_AFTER_REVIEW,OPEN,True,True,2026-07-01,SIMULATED_OUTCOME__NOT_MODEL_PERFORMANCE
REV-2025-09-BU-0360-0172,BU-0360,2025-09,NOT_GENERATED__SYNTHETIC_NARRATIVE_ONLY,REVIEW_CONFIRMED,MONITORING,True,True,2025-09-01,SIMULATED_OUTCOME__NOT_MODEL_PERFORMANCE
REV-2026-12-BU-0361-0173,BU-0361,2026-12,NOT_GENERATED__SYNTHETIC_NARRATIVE_ONLY,REVIEW_CONFIRMED,MONITORING,True,True,2026-12-01,SIMULATED_OUTCOME__NOT_MODEL_PERFORMANCE
REV-2026-12-BU-0368-0174,BU-0368,2026-12,NOT_GENERATED__SYNTHETIC_NARRATIVE_ONLY,NO_ACTION_AFTER_REVIEW,RESOLVED_SYNTHETIC,True,True,2026-12-01,SIMULATED_OUTCOME__NOT_MODEL_PERFORMANCE
REV-2025-12-BU-0369-0175,BU-0369,2025-12,NOT_GENERATED__SYNTHETIC_NARRATIVE_ONLY,REQUEST_MORE_EVIDENCE,RESOLVED_SYNTHETIC,True,True,2025-12-01,SIMULATED_OUTCOME__NOT_MODEL_PERFORMANCE
REV-2026-03-BU-0369-0176,BU-0369,2026-03,NOT_GENERATED__SYNTHETIC_NARRATIVE_ONLY,REVIEW_CONFIRMED,MONITORING,True,True,2026-03-01,SIMULATED_OUTCOME__NOT_MODEL_PERFORMANCE
REV-2026-08-BU-0369-0177,BU-0369,2026-08,NOT_GENERATED__SYNTHETIC_NARRATIVE_ONLY,REVIEW_CONFIRMED,MONITORING,True,True,2026-08-01,SIMULATED_OUTCOME__NOT_MODEL_PERFORMANCE
REV-2026-08-BU-0372-0178,BU-0372,2026-08,NOT_GENERATED__SYNTHETIC_NARRATIVE_ONLY,REQUEST_MORE_EVIDENCE,OPEN,True,True,2026-08-01,SIMULATED_OUTCOME__NOT_MODEL_PERFORMANCE
REV-2025-12-BU-0375-0179,BU-0375,2025-12,NOT_GENERATED__SYNTHETIC_NARRATIVE_ONLY,REVIEW_CONFIRMED,MONITORING,True,True,2025-12-01,SIMULATED_OUTCOME__NOT_MODEL_PERFORMANCE
REV-2026-06-BU-0380-0180,BU-0380,2026-06,NOT_GENERATED__SYNTHETIC_NARRATIVE_ONLY,REVIEW_CONFIRMED,RESOLVED_SYNTHETIC,True,True,2026-06-01,SIMULATED_OUTCOME__NOT_MODEL_PERFORMANCE
REV-2026-08-BU-0383-0181,BU-0383,2026-08,NOT_GENERATED__SYNTHETIC_NARRATIVE_ONLY,REVIEW_CONFIRMED,MONITORING,True,True,2026-08-01,SIMULATED_OUTCOME__NOT_MODEL_PERFORMANCE
REV-2026-08-BU-0384-0182,BU-0384,2026-08,NOT_GENERATED__SYNTHETIC_NARRATIVE_ONLY,NO_ACTION_AFTER_REVIEW,MONITORING,True,True,2026-08-01,SIMULATED_OUTCOME__NOT_MODEL_PERFORMANCE
REV-2025-11-BU-0385-0183,BU-0385,2025-11,NOT_GENERATED__SYNTHETIC_NARRATIVE_ONLY,NO_ACTION_AFTER_REVIEW,OPEN,True,True,2025-11-01,SIMULATED_OUTCOME__NOT_MODEL_PERFORMANCE
REV-2025-10-BU-0387-0184,BU-0387,2025-10,NOT_GENERATED__SYNTHETIC_NARRATIVE_ONLY,REVIEW_CONFIRMED,RESOLVED_SYNTHETIC,True,True,2025-10-01,SIMULATED_OUTCOME__NOT_MODEL_PERFORMANCE
REV-2026-04-BU-0387-0185,BU-0387,2026-04,NOT_GENERATED__SYNTHETIC_NARRATIVE_ONLY,REQUEST_MORE_EVIDENCE,RESOLVED_SYNTHETIC,True,True,2026-04-01,SIMULATED_OUTCOME__NOT_MODEL_PERFORMANCE
REV-2026-09-BU-0389-0186,BU-0389,2026-09,NOT_GENERATED__SYNTHETIC_NARRATIVE_ONLY,REVIEW_CONFIRMED,RESOLVED_SYNTHETIC,True,True,2026-09-01,SIMULATED_OUTCOME__NOT_MODEL_PERFORMANCE
REV-2025-10-BU-0394-0187,BU-0394,2025-10,NOT_GENERATED__SYNTHETIC_NARRATIVE_ONLY,REVIEW_CONFIRMED,MONITORING,True,True,2025-10-01,SIMULATED_OUTCOME__NOT_MODEL_PERFORMANCE
REV-2025-10-BU-0396-0188,BU-0396,2025-10,NOT_GENERATED__SYNTHETIC_NARRATIVE_ONLY,REQUEST_MORE_EVIDENCE,MONITORING,True,True,2025-10-01,SIMULATED_OUTCOME__NOT_MODEL_PERFORMANCE
REV-2026-07-BU-0396-0189,BU-0396,2026-07,NOT_GENERATED__SYNTHETIC_NARRATIVE_ONLY,REQUEST_MORE_EVIDENCE,OPEN,True,True,2026-07-01,SIMULATED_OUTCOME__NOT_MODEL_PERFORMANCE
REV-2026-10-BU-0398-0190,BU-0398,2026-10,NOT_GENERATED__SYNTHETIC_NARRATIVE_ONLY,REVIEW_CONFIRMED,RESOLVED_SYNTHETIC,True,True,2026-10-01,SIMULATED_OUTCOME__NOT_MODEL_PERFORMANCE
REV-2026-11-BU-0398-0191,BU-0398,2026-11,NOT_GENERATED__SYNTHETIC_NARRATIVE_ONLY,REVIEW_CONFIRMED,MONITORING,True,True,2026-11-01,SIMULATED_OUTCOME__NOT_MODEL_PERFORMANCE
REV-2025-11-BU-0403-0192,BU-0403,2025-11,NOT_GENERATED__SYNTHETIC_NARRATIVE_ONLY,REVIEW_CONFIRMED,MONITORING,True,True,2025-11-01,SIMULATED_OUTCOME__NOT_MODEL_PERFORMANCE
REV-2026-03-BU-0405-0193,BU-0405,2026-03,NOT_GENERATED__SYNTHETIC_NARRATIVE_ONLY,REQUEST_MORE_EVIDENCE,OPEN,True,True,2026-03-01,SIMULATED_OUTCOME__NOT_MODEL_PERFORMANCE
REV-2026-12-BU-0405-0194,BU-0405,2026-12,NOT_GENERATED__SYNTHETIC_NARRATIVE_ONLY,REVIEW_CONFIRMED,MONITORING,True,True,2026-12-01,SIMULATED_OUTCOME__NOT_MODEL_PERFORMANCE
REV-2025-06-BU-0406-0195,BU-0406,2025-06,NOT_GENERATED__SYNTHETIC_NARRATIVE_ONLY,REVIEW_CONFIRMED,MONITORING,True,True,2025-06-01,SIMULATED_OUTCOME__NOT_MODEL_PERFORMANCE
REV-2026-09-BU-0406-0196,BU-0406,2026-09,NOT_GENERATED__SYNTHETIC_NARRATIVE_ONLY,REQUEST_MORE_EVIDENCE,RESOLVED_SYNTHETIC,True,True,2026-09-01,SIMULATED_OUTCOME__NOT_MODEL_PERFORMANCE
REV-2026-10-BU-0406-0197,BU-0406,2026-10,NOT_GENERATED__SYNTHETIC_NARRATIVE_ONLY,REVIEW_CONFIRMED,OPEN,True,True,2026-10-01,SIMULATED_OUTCOME__NOT_MODEL_PERFORMANCE
REV-2026-12-BU-0406-0198,BU-0406,2026-12,NOT_GENERATED__SYNTHETIC_NARRATIVE_ONLY,REVIEW_CONFIRMED,MONITORING,True,True,2026-12-01,SIMULATED_OUTCOME__NOT_MODEL_PERFORMANCE
REV-2026-06-BU-0408-0199,BU-0408,2026-06,NOT_GENERATED__SYNTHETIC_NARRATIVE_ONLY,REVIEW_CONFIRMED,MONITORING,True,True,2026-06-01,SIMULATED_OUTCOME__NOT_MODEL_PERFORMANCE
REV-2026-09-BU-0408-0200,BU-0408,2026-09,NOT_GENERATED__SYNTHETIC_NARRATIVE_ONLY,REVIEW_CONFIRMED,MONITORING,True,True,2026-09-01,SIMULATED_OUTCOME__NOT_MODEL_PERFORMANCE
REV-2026-10-BU-0408-0201,BU-0408,2026-10,NOT_GENERATED__SYNTHETIC_NARRATIVE_ONLY,REVIEW_CONFIRMED,MONITORING,True,True,2026-10-01,SIMULATED_OUTCOME__NOT_MODEL_PERFORMANCE
REV-2026-12-BU-0411-0202,BU-0411,2026-12,NOT_GENERATED__SYNTHETIC_NARRATIVE_ONLY,REVIEW_CONFIRMED,RESOLVED_SYNTHETIC,True,True,2026-12-01,SIMULATED_OUTCOME__NOT_MODEL_PERFORMANCE
REV-2026-07-BU-0415-0203,BU-0415,2026-07,NOT_GENERATED__SYNTHETIC_NARRATIVE_ONLY,REVIEW_CONFIRMED,OPEN,True,True,2026-07-01,SIMULATED_OUTCOME__NOT_MODEL_PERFORMANCE
REV-2026-12-BU-0415-0204,BU-0415,2026-12,NOT_GENERATED__SYNTHETIC_NARRATIVE_ONLY,REVIEW_CONFIRMED,MONITORING,True,True,2026-12-01,SIMULATED_OUTCOME__NOT_MODEL_PERFORMANCE
REV-2026-08-BU-0421-0205,BU-0421,2026-08,NOT_GENERATED__SYNTHETIC_NARRATIVE_ONLY,REVIEW_CONFIRMED,OPEN,True,True,2026-08-01,SIMULATED_OUTCOME__NOT_MODEL_PERFORMANCE
REV-2026-06-BU-0423-0206,BU-0423,2026-06,NOT_GENERATED__SYNTHETIC_NARRATIVE_ONLY,REQUEST_MORE_EVIDENCE,RESOLVED_SYNTHETIC,True,True,2026-06-01,SIMULATED_OUTCOME__NOT_MODEL_PERFORMANCE
REV-2026-09-BU-0423-0207,BU-0423,2026-09,NOT_GENERATED__SYNTHETIC_NARRATIVE_ONLY,REVIEW_CONFIRMED,RESOLVED_SYNTHETIC,True,True,2026-09-01,SIMULATED_OUTCOME__NOT_MODEL_PERFORMANCE
REV-2026-01-BU-0426-0208,BU-0426,2026-01,NOT_GENERATED__SYNTHETIC_NARRATIVE_ONLY,REVIEW_CONFIRMED,RESOLVED_SYNTHETIC,True,True,2026-01-01,SIMULATED_OUTCOME__NOT_MODEL_PERFORMANCE
REV-2026-02-BU-0426-0209,BU-0426,2026-02,NOT_GENERATED__SYNTHETIC_NARRATIVE_ONLY,REVIEW_CONFIRMED,MONITORING,True,True,2026-02-01,SIMULATED_OUTCOME__NOT_MODEL_PERFORMANCE
REV-2025-09-BU-0431-0210,BU-0431,2025-09,NOT_GENERATED__SYNTHETIC_NARRATIVE_ONLY,REVIEW_CONFIRMED,MONITORING,True,True,2025-09-01,SIMULATED_OUTCOME__NOT_MODEL_PERFORMANCE
REV-2026-02-BU-0431-0211,BU-0431,2026-02,NOT_GENERATED__SYNTHETIC_NARRATIVE_ONLY,REVIEW_CONFIRMED,MONITORING,True,True,2026-02-01,SIMULATED_OUTCOME__NOT_MODEL_PERFORMANCE
REV-2026-08-BU-0434-0212,BU-0434,2026-08,NOT_GENERATED__SYNTHETIC_NARRATIVE_ONLY,REVIEW_CONFIRMED,MONITORING,True,True,2026-08-01,SIMULATED_OUTCOME__NOT_MODEL_PERFORMANCE
REV-2026-03-BU-0439-0213,BU-0439,2026-03,NOT_GENERATED__SYNTHETIC_NARRATIVE_ONLY,REQUEST_MORE_EVIDENCE,OPEN,True,True,2026-03-01,SIMULATED_OUTCOME__NOT_MODEL_PERFORMANCE
REV-2026-10-BU-0439-0214,BU-0439,2026-10,NOT_GENERATED__SYNTHETIC_NARRATIVE_ONLY,REQUEST_MORE_EVIDENCE,RESOLVED_SYNTHETIC,True,True,2026-10-01,SIMULATED_OUTCOME__NOT_MODEL_PERFORMANCE
REV-2025-08-BU-0440-0215,BU-0440,2025-08,NOT_GENERATED__SYNTHETIC_NARRATIVE_ONLY,REVIEW_CONFIRMED,RESOLVED_SYNTHETIC,True,True,2025-08-01,SIMULATED_OUTCOME__NOT_MODEL_PERFORMANCE
REV-2025-10-BU-0440-0216,BU-0440,2025-10,NOT_GENERATED__SYNTHETIC_NARRATIVE_ONLY,REVIEW_CONFIRMED,RESOLVED_SYNTHETIC,True,True,2025-10-01,SIMULATED_OUTCOME__NOT_MODEL_PERFORMANCE
REV-2026-04-BU-0444-0217,BU-0444,2026-04,NOT_GENERATED__SYNTHETIC_NARRATIVE_ONLY,REVIEW_CONFIRMED,MONITORING,True,True,2026-04-01,SIMULATED_OUTCOME__NOT_MODEL_PERFORMANCE
REV-2026-05-BU-0445-0218,BU-0445,2026-05,NOT_GENERATED__SYNTHETIC_NARRATIVE_ONLY,REVIEW_CONFIRMED,RESOLVED_SYNTHETIC,True,True,2026-05-01,SIMULATED_OUTCOME__NOT_MODEL_PERFORMANCE
REV-2025-04-BU-0449-0219,BU-0449,2025-04,NOT_GENERATED__SYNTHETIC_NARRATIVE_ONLY,NO_ACTION_AFTER_REVIEW,RESOLVED_SYNTHETIC,True,True,2025-04-01,SIMULATED_OUTCOME__NOT_MODEL_PERFORMANCE
REV-2026-01-BU-0449-0220,BU-0449,2026-01,NOT_GENERATED__SYNTHETIC_NARRATIVE_ONLY,REVIEW_CONFIRMED,MONITORING,True,True,2026-01-01,SIMULATED_OUTCOME__NOT_MODEL_PERFORMANCE
REV-2026-02-BU-0449-0221,BU-0449,2026-02,NOT_GENERATED__SYNTHETIC_NARRATIVE_ONLY,REQUEST_MORE_EVIDENCE,MONITORING,True,True,2026-02-01,SIMULATED_OUTCOME__NOT_MODEL_PERFORMANCE
REV-2025-05-BU-0450-0222,BU-0450,2025-05,NOT_GENERATED__SYNTHETIC_NARRATIVE_ONLY,REVIEW_CONFIRMED,MONITORING,True,True,2025-05-01,SIMULATED_OUTCOME__NOT_MODEL_PERFORMANCE
REV-2025-09-BU-0450-0223,BU-0450,2025-09,NOT_GENERATED__SYNTHETIC_NARRATIVE_ONLY,NO_ACTION_AFTER_REVIEW,MONITORING,True,True,2025-09-01,SIMULATED_OUTCOME__NOT_MODEL_PERFORMANCE
REV-2026-04-BU-0450-0224,BU-0450,2026-04,NOT_GENERATED__SYNTHETIC_NARRATIVE_ONLY,REVIEW_CONFIRMED,MONITORING,True,True,2026-04-01,SIMULATED_OUTCOME__NOT_MODEL_PERFORMANCE
REV-2026-07-BU-0450-0225,BU-0450,2026-07,NOT_GENERATED__SYNTHETIC_NARRATIVE_ONLY,REVIEW_CONFIRMED,OPEN,True,True,2026-07-01,SIMULATED_OUTCOME__NOT_MODEL_PERFORMANCE
REV-2025-07-BU-0451-0226,BU-0451,2025-07,NOT_GENERATED__SYNTHETIC_NARRATIVE_ONLY,REVIEW_CONFIRMED,OPEN,True,True,2025-07-01,SIMULATED_OUTCOME__NOT_MODEL_PERFORMANCE
REV-2026-10-BU-0451-0227,BU-0451,2026-10,NOT_GENERATED__SYNTHETIC_NARRATIVE_ONLY,REQUEST_MORE_EVIDENCE,OPEN,True,True,2026-10-01,SIMULATED_OUTCOME__NOT_MODEL_PERFORMANCE
REV-2025-11-BU-0459-0228,BU-0459,2025-11,NOT_GENERATED__SYNTHETIC_NARRATIVE_ONLY,REVIEW_CONFIRMED,RESOLVED_SYNTHETIC,True,True,2025-11-01,SIMULATED_OUTCOME__NOT_MODEL_PERFORMANCE
REV-2025-10-BU-0461-0229,BU-0461,2025-10,NOT_GENERATED__SYNTHETIC_NARRATIVE_ONLY,REQUEST_MORE_EVIDENCE,MONITORING,True,True,2025-10-01,SIMULATED_OUTCOME__NOT_MODEL_PERFORMANCE
REV-2026-12-BU-0461-0230,BU-0461,2026-12,NOT_GENERATED__SYNTHETIC_NARRATIVE_ONLY,REVIEW_CONFIRMED,OPEN,True,True,2026-12-01,SIMULATED_OUTCOME__NOT_MODEL_PERFORMANCE
REV-2025-05-BU-0462-0231,BU-0462,2025-05,NOT_GENERATED__SYNTHETIC_NARRATIVE_ONLY,NO_ACTION_AFTER_REVIEW,OPEN,True,True,2025-05-01,SIMULATED_OUTCOME__NOT_MODEL_PERFORMANCE
REV-2025-06-BU-0468-0232,BU-0468,2025-06,NOT_GENERATED__SYNTHETIC_NARRATIVE_ONLY,REVIEW_CONFIRMED,MONITORING,True,True,2025-06-01,SIMULATED_OUTCOME__NOT_MODEL_PERFORMANCE
REV-2026-06-BU-0468-0233,BU-0468,2026-06,NOT_GENERATED__SYNTHETIC_NARRATIVE_ONLY,REVIEW_CONFIRMED,OPEN,True,True,2026-06-01,SIMULATED_OUTCOME__NOT_MODEL_PERFORMANCE
REV-2025-08-BU-0472-0234,BU-0472,2025-08,NOT_GENERATED__SYNTHETIC_NARRATIVE_ONLY,REQUEST_MORE_EVIDENCE,RESOLVED_SYNTHETIC,True,True,2025-08-01,SIMULATED_OUTCOME__NOT_MODEL_PERFORMANCE
REV-2026-05-BU-0473-0235,BU-0473,2026-05,NOT_GENERATED__SYNTHETIC_NARRATIVE_ONLY,REVIEW_CONFIRMED,RESOLVED_SYNTHETIC,True,True,2026-05-01,SIMULATED_OUTCOME__NOT_MODEL_PERFORMANCE
REV-2026-09-BU-0474-0236,BU-0474,2026-09,NOT_GENERATED__SYNTHETIC_NARRATIVE_ONLY,REQUEST_MORE_EVIDENCE,RESOLVED_SYNTHETIC,True,True,2026-09-01,SIMULATED_OUTCOME__NOT_MODEL_PERFORMANCE
REV-2026-02-BU-0482-0237,BU-0482,2026-02,NOT_GENERATED__SYNTHETIC_NARRATIVE_ONLY,REVIEW_CONFIRMED,MONITORING,True,True,2026-02-01,SIMULATED_OUTCOME__NOT_MODEL_PERFORMANCE
REV-2026-03-BU-0482-0238,BU-0482,2026-03,NOT_GENERATED__SYNTHETIC_NARRATIVE_ONLY,NO_ACTION_AFTER_REVIEW,RESOLVED_SYNTHETIC,True,True,2026-03-01,SIMULATED_OUTCOME__NOT_MODEL_PERFORMANCE
REV-2026-12-BU-0482-0239,BU-0482,2026-12,NOT_GENERATED__SYNTHETIC_NARRATIVE_ONLY,REVIEW_CONFIRMED,OPEN,True,True,2026-12-01,SIMULATED_OUTCOME__NOT_MODEL_PERFORMANCE
REV-2025-12-BU-0484-0240,BU-0484,2025-12,NOT_GENERATED__SYNTHETIC_NARRATIVE_ONLY,NO_ACTION_AFTER_REVIEW,MONITORING,True,True,2025-12-01,SIMULATED_OUTCOME__NOT_MODEL_PERFORMANCE
REV-2025-12-BU-0487-0241,BU-0487,2025-12,NOT_GENERATED__SYNTHETIC_NARRATIVE_ONLY,REVIEW_CONFIRMED,OPEN,True,True,2025-12-01,SIMULATED_OUTCOME__NOT_MODEL_PERFORMANCE
REV-2026-01-BU-0492-0242,BU-0492,2026-01,NOT_GENERATED__SYNTHETIC_NARRATIVE_ONLY,REVIEW_CONFIRMED,OPEN,True,True,2026-01-01,SIMULATED_OUTCOME__NOT_MODEL_PERFORMANCE
REV-2026-04-BU-0497-0243,BU-0497,2026-04,NOT_GENERATED__SYNTHETIC_NARRATIVE_ONLY,REVIEW_CONFIRMED,MONITORING,True,True,2026-04-01,SIMULATED_OUTCOME__NOT_MODEL_PERFORMANCE
REV-2026-08-BU-0497-0244,BU-0497,2026-08,NOT_GENERATED__SYNTHETIC_NARRATIVE_ONLY,REVIEW_CONFIRMED,OPEN,True,True,2026-08-01,SIMULATED_OUTCOME__NOT_MODEL_PERFORMANCE
